
Version: 2LPTic64-0.93-19-g54073af-dirty Feb  8 2014 10:59:43.
CORRECT_CIC defined, CICAlpha = 2.
USE_COSMO defined.
found 255 pairs of values in input spectrum table

Normalization of spectrum in file:  Sigma8 = 0.83478
Normalization not adjusted


allocated 512.125 Mbyte on Task 0

allocated 512.125 Mbyte on Task 0

allocated 512.125 Mbyte on Task 0

allocated 512.125 Mbyte on Task 0

allocated 512.125 Mbyte on Task 0

allocated 512.125 Mbyte on Task 0

allocated 512.125 Mbyte on Task 0

allocated 512.125 Mbyte on Task 0

allocated 512.125 Mbyte on Task 0
Task=0 Local_nx=1
Task=1 Local_nx=1
Task=2 Local_nx=1
Task=3 Local_nx=1
Task=4 Local_nx=1
Task=5 Local_nx=1
Task=6 Local_nx=1
Task=7 Local_nx=1
Task=8 Local_nx=1
Task=9 Local_nx=1
Task=10 Local_nx=1
Task=11 Local_nx=1
Task=12 Local_nx=1
Task=13 Local_nx=1
Task=14 Local_nx=1
Task=15 Local_nx=1
Task=16 Local_nx=1
Task=17 Local_nx=1
Task=18 Local_nx=1
Task=19 Local_nx=1
Task=20 Local_nx=1
Task=21 Local_nx=1
Task=22 Local_nx=1
Task=23 Local_nx=1
Task=24 Local_nx=1
Task=25 Local_nx=1
Task=26 Local_nx=1
Task=27 Local_nx=1
Task=28 Local_nx=1
Task=29 Local_nx=1
Task=30 Local_nx=1
Task=31 Local_nx=1
Task=32 Local_nx=1
Task=33 Local_nx=1
Task=34 Local_nx=1
Task=35 Local_nx=1
Task=36 Local_nx=1
Task=37 Local_nx=1
Task=38 Local_nx=1
Task=39 Local_nx=1
Task=40 Local_nx=1
Task=41 Local_nx=1
Task=42 Local_nx=1
Task=43 Local_nx=1
Task=44 Local_nx=1
Task=45 Local_nx=1
Task=46 Local_nx=1
Task=47 Local_nx=1
Task=48 Local_nx=1
Task=49 Local_nx=1
Task=50 Local_nx=1
Task=51 Local_nx=1
Task=52 Local_nx=1
Task=53 Local_nx=1
Task=54 Local_nx=1
Task=55 Local_nx=1
Task=56 Local_nx=1
Task=57 Local_nx=1
Task=58 Local_nx=1
Task=59 Local_nx=1
Task=60 Local_nx=1
Task=61 Local_nx=1
Task=62 Local_nx=1
Task=63 Local_nx=1
Task=64 Local_nx=1
Task=65 Local_nx=1
Task=66 Local_nx=1
Task=67 Local_nx=1
Task=68 Local_nx=1
Task=69 Local_nx=1
Task=70 Local_nx=1
Task=71 Local_nx=1
Task=72 Local_nx=1
Task=73 Local_nx=1
Task=74 Local_nx=1
Task=75 Local_nx=1
Task=76 Local_nx=1
Task=77 Local_nx=1
Task=78 Local_nx=1
Task=79 Local_nx=1
Task=80 Local_nx=1
Task=81 Local_nx=1
Task=82 Local_nx=1
Task=83 Local_nx=1
Task=84 Local_nx=1
Task=85 Local_nx=1
Task=86 Local_nx=1
Task=87 Local_nx=1
Task=88 Local_nx=1
Task=89 Local_nx=1
Task=90 Local_nx=1
Task=91 Local_nx=1
Task=92 Local_nx=1
Task=93 Local_nx=1
Task=94 Local_nx=1
Task=95 Local_nx=1
Task=96 Local_nx=1
Task=97 Local_nx=1
Task=98 Local_nx=1
Task=99 Local_nx=1
Task=100 Local_nx=1
Task=101 Local_nx=1
Task=102 Local_nx=1
Task=103 Local_nx=1
Task=104 Local_nx=1
Task=105 Local_nx=1
Task=106 Local_nx=1
Task=107 Local_nx=1
Task=108 Local_nx=1
Task=109 Local_nx=1
Task=110 Local_nx=1
Task=111 Local_nx=1
Task=112 Local_nx=1
Task=113 Local_nx=1
Task=114 Local_nx=1
Task=115 Local_nx=1
Task=116 Local_nx=1
Task=117 Local_nx=1
Task=118 Local_nx=1
Task=119 Local_nx=1
Task=120 Local_nx=1
Task=121 Local_nx=1
Task=122 Local_nx=1
Task=123 Local_nx=1
Task=124 Local_nx=1
Task=125 Local_nx=1
Task=126 Local_nx=1
Task=127 Local_nx=1
Task=128 Local_nx=1
Task=129 Local_nx=1
Task=130 Local_nx=1
Task=131 Local_nx=1
Task=132 Local_nx=1
Task=133 Local_nx=1
Task=134 Local_nx=1
Task=135 Local_nx=1
Task=136 Local_nx=1
Task=137 Local_nx=1
Task=138 Local_nx=1
Task=139 Local_nx=1
Task=140 Local_nx=1
Task=141 Local_nx=1
Task=142 Local_nx=1
Task=143 Local_nx=1
Task=144 Local_nx=1
Task=145 Local_nx=1
Task=146 Local_nx=1
Task=147 Local_nx=1
Task=148 Local_nx=1
Task=149 Local_nx=1
Task=150 Local_nx=1
Task=151 Local_nx=1
Task=152 Local_nx=1
Task=153 Local_nx=1
Task=154 Local_nx=1
Task=155 Local_nx=1
Task=156 Local_nx=1
Task=157 Local_nx=1
Task=158 Local_nx=1
Task=159 Local_nx=1
Task=160 Local_nx=1
Task=161 Local_nx=1
Task=162 Local_nx=1
Task=163 Local_nx=1
Task=164 Local_nx=1
Task=165 Local_nx=1
Task=166 Local_nx=1
Task=167 Local_nx=1
Task=168 Local_nx=1
Task=169 Local_nx=1
Task=170 Local_nx=1
Task=171 Local_nx=1
Task=172 Local_nx=1
Task=173 Local_nx=1
Task=174 Local_nx=1
Task=175 Local_nx=1
Task=176 Local_nx=1
Task=177 Local_nx=1
Task=178 Local_nx=1
Task=179 Local_nx=1
Task=180 Local_nx=1
Task=181 Local_nx=1
Task=182 Local_nx=1
Task=183 Local_nx=1
Task=184 Local_nx=1
Task=185 Local_nx=1
Task=186 Local_nx=1
Task=187 Local_nx=1
Task=188 Local_nx=1
Task=189 Local_nx=1
Task=190 Local_nx=1
Task=191 Local_nx=1
Task=192 Local_nx=1
Task=193 Local_nx=1
Task=194 Local_nx=1
Task=195 Local_nx=1
Task=196 Local_nx=1
Task=197 Local_nx=1
Task=198 Local_nx=1
Task=199 Local_nx=1
Task=200 Local_nx=1
Task=201 Local_nx=1
Task=202 Local_nx=1
Task=203 Local_nx=1
Task=204 Local_nx=1
Task=205 Local_nx=1
Task=206 Local_nx=1
Task=207 Local_nx=1
Task=208 Local_nx=1
Task=209 Local_nx=1
Task=210 Local_nx=1
Task=211 Local_nx=1
Task=212 Local_nx=1
Task=213 Local_nx=1
Task=214 Local_nx=1
Task=215 Local_nx=1
Task=216 Local_nx=1
Task=217 Local_nx=1
Task=218 Local_nx=1
Task=219 Local_nx=1
Task=220 Local_nx=1
Task=221 Local_nx=1
Task=222 Local_nx=1
Task=223 Local_nx=1
Task=224 Local_nx=1
Task=225 Local_nx=1
Task=226 Local_nx=1
Task=227 Local_nx=1
Task=228 Local_nx=1
Task=229 Local_nx=1
Task=230 Local_nx=1
Task=231 Local_nx=1
Task=232 Local_nx=1
Task=233 Local_nx=1
Task=234 Local_nx=1
Task=235 Local_nx=1
Task=236 Local_nx=1
Task=237 Local_nx=1
Task=238 Local_nx=1
Task=239 Local_nx=1
Task=240 Local_nx=1
Task=241 Local_nx=1
Task=242 Local_nx=1
Task=243 Local_nx=1
Task=244 Local_nx=1
Task=245 Local_nx=1
Task=246 Local_nx=1
Task=247 Local_nx=1
Task=248 Local_nx=1
Task=249 Local_nx=1
Task=250 Local_nx=1
Task=251 Local_nx=1
Task=252 Local_nx=1
Task=253 Local_nx=1
Task=254 Local_nx=1
Task=255 Local_nx=1
Task=256 Local_nx=1
Task=257 Local_nx=1
Task=258 Local_nx=1
Task=259 Local_nx=1
Task=260 Local_nx=1
Task=261 Local_nx=1
Task=262 Local_nx=1
Task=263 Local_nx=1
Task=264 Local_nx=1
Task=265 Local_nx=1
Task=266 Local_nx=1
Task=267 Local_nx=1
Task=268 Local_nx=1
Task=269 Local_nx=1
Task=270 Local_nx=1
Task=271 Local_nx=1
Task=272 Local_nx=1
Task=273 Local_nx=1
Task=274 Local_nx=1
Task=275 Local_nx=1
Task=276 Local_nx=1
Task=277 Local_nx=1
Task=278 Local_nx=1
Task=279 Local_nx=1
Task=280 Local_nx=1
Task=281 Local_nx=1
Task=282 Local_nx=1
Task=283 Local_nx=1
Task=284 Local_nx=1
Task=285 Local_nx=1
Task=286 Local_nx=1
Task=287 Local_nx=1
Task=288 Local_nx=1
Task=289 Local_nx=1
Task=290 Local_nx=1
Task=291 Local_nx=1
Task=292 Local_nx=1
Task=293 Local_nx=1
Task=294 Local_nx=1
Task=295 Local_nx=1
Task=296 Local_nx=1
Task=297 Local_nx=1
Task=298 Local_nx=1
Task=299 Local_nx=1
Task=300 Local_nx=1
Task=301 Local_nx=1
Task=302 Local_nx=1
Task=303 Local_nx=1
Task=304 Local_nx=1
Task=305 Local_nx=1
Task=306 Local_nx=1
Task=307 Local_nx=1
Task=308 Local_nx=1
Task=309 Local_nx=1
Task=310 Local_nx=1
Task=311 Local_nx=1
Task=312 Local_nx=1
Task=313 Local_nx=1
Task=314 Local_nx=1
Task=315 Local_nx=1
Task=316 Local_nx=1
Task=317 Local_nx=1
Task=318 Local_nx=1
Task=319 Local_nx=1
Task=320 Local_nx=1
Task=321 Local_nx=1
Task=322 Local_nx=1
Task=323 Local_nx=1
Task=324 Local_nx=1
Task=325 Local_nx=1
Task=326 Local_nx=1
Task=327 Local_nx=1
Task=328 Local_nx=1
Task=329 Local_nx=1
Task=330 Local_nx=1
Task=331 Local_nx=1
Task=332 Local_nx=1
Task=333 Local_nx=1
Task=334 Local_nx=1
Task=335 Local_nx=1
Task=336 Local_nx=1
Task=337 Local_nx=1
Task=338 Local_nx=1
Task=339 Local_nx=1
Task=340 Local_nx=1
Task=341 Local_nx=1
Task=342 Local_nx=1
Task=343 Local_nx=1
Task=344 Local_nx=1
Task=345 Local_nx=1
Task=346 Local_nx=1
Task=347 Local_nx=1
Task=348 Local_nx=1
Task=349 Local_nx=1
Task=350 Local_nx=1
Task=351 Local_nx=1
Task=352 Local_nx=1
Task=353 Local_nx=1
Task=354 Local_nx=1
Task=355 Local_nx=1
Task=356 Local_nx=1
Task=357 Local_nx=1
Task=358 Local_nx=1
Task=359 Local_nx=1
Task=360 Local_nx=1
Task=361 Local_nx=1
Task=362 Local_nx=1
Task=363 Local_nx=1
Task=364 Local_nx=1
Task=365 Local_nx=1
Task=366 Local_nx=1
Task=367 Local_nx=1
Task=368 Local_nx=1
Task=369 Local_nx=1
Task=370 Local_nx=1
Task=371 Local_nx=1
Task=372 Local_nx=1
Task=373 Local_nx=1
Task=374 Local_nx=1
Task=375 Local_nx=1
Task=376 Local_nx=1
Task=377 Local_nx=1
Task=378 Local_nx=1
Task=379 Local_nx=1
Task=380 Local_nx=1
Task=381 Local_nx=1
Task=382 Local_nx=1
Task=383 Local_nx=1
Task=384 Local_nx=1
Task=385 Local_nx=1
Task=386 Local_nx=1
Task=387 Local_nx=1
Task=388 Local_nx=1
Task=389 Local_nx=1
Task=390 Local_nx=1
Task=391 Local_nx=1
Task=392 Local_nx=1
Task=393 Local_nx=1
Task=394 Local_nx=1
Task=395 Local_nx=1
Task=396 Local_nx=1
Task=397 Local_nx=1
Task=398 Local_nx=1
Task=399 Local_nx=1
Task=400 Local_nx=1
Task=401 Local_nx=1
Task=402 Local_nx=1
Task=403 Local_nx=1
Task=404 Local_nx=1
Task=405 Local_nx=1
Task=406 Local_nx=1
Task=407 Local_nx=1
Task=408 Local_nx=1
Task=409 Local_nx=1
Task=410 Local_nx=1
Task=411 Local_nx=1
Task=412 Local_nx=1
Task=413 Local_nx=1
Task=414 Local_nx=1
Task=415 Local_nx=1
Task=416 Local_nx=1
Task=417 Local_nx=1
Task=418 Local_nx=1
Task=419 Local_nx=1
Task=420 Local_nx=1
Task=421 Local_nx=1
Task=422 Local_nx=1
Task=423 Local_nx=1
Task=424 Local_nx=1
Task=425 Local_nx=1
Task=426 Local_nx=1
Task=427 Local_nx=1
Task=428 Local_nx=1
Task=429 Local_nx=1
Task=430 Local_nx=1
Task=431 Local_nx=1
Task=432 Local_nx=1
Task=433 Local_nx=1
Task=434 Local_nx=1
Task=435 Local_nx=1
Task=436 Local_nx=1
Task=437 Local_nx=1
Task=438 Local_nx=1
Task=439 Local_nx=1
Task=440 Local_nx=1
Task=441 Local_nx=1
Task=442 Local_nx=1
Task=443 Local_nx=1
Task=444 Local_nx=1
Task=445 Local_nx=1
Task=446 Local_nx=1
Task=447 Local_nx=1
Task=448 Local_nx=1
Task=449 Local_nx=1
Task=450 Local_nx=1
Task=451 Local_nx=1
Task=452 Local_nx=1
Task=453 Local_nx=1
Task=454 Local_nx=1
Task=455 Local_nx=1
Task=456 Local_nx=1
Task=457 Local_nx=1
Task=458 Local_nx=1
Task=459 Local_nx=1
Task=460 Local_nx=1
Task=461 Local_nx=1
Task=462 Local_nx=1
Task=463 Local_nx=1
Task=464 Local_nx=1
Task=465 Local_nx=1
Task=466 Local_nx=1
Task=467 Local_nx=1
Task=468 Local_nx=1
Task=469 Local_nx=1
Task=470 Local_nx=1
Task=471 Local_nx=1
Task=472 Local_nx=1
Task=473 Local_nx=1
Task=474 Local_nx=1
Task=475 Local_nx=1
Task=476 Local_nx=1
Task=477 Local_nx=1
Task=478 Local_nx=1
Task=479 Local_nx=1
Task=480 Local_nx=1
Task=481 Local_nx=1
Task=482 Local_nx=1
Task=483 Local_nx=1
Task=484 Local_nx=1
Task=485 Local_nx=1
Task=486 Local_nx=1
Task=487 Local_nx=1
Task=488 Local_nx=1
Task=489 Local_nx=1
Task=490 Local_nx=1
Task=491 Local_nx=1
Task=492 Local_nx=1
Task=493 Local_nx=1
Task=494 Local_nx=1
Task=495 Local_nx=1
Task=496 Local_nx=1
Task=497 Local_nx=1
Task=498 Local_nx=1
Task=499 Local_nx=1
Task=500 Local_nx=1
Task=501 Local_nx=1
Task=502 Local_nx=1
Task=503 Local_nx=1
Task=504 Local_nx=1
Task=505 Local_nx=1
Task=506 Local_nx=1
Task=507 Local_nx=1
Task=508 Local_nx=1
Task=509 Local_nx=1
Task=510 Local_nx=1
Task=511 Local_nx=1
Task=512 Local_nx=1
Task=513 Local_nx=1
Task=514 Local_nx=1
Task=515 Local_nx=1
Task=516 Local_nx=1
Task=517 Local_nx=1
Task=518 Local_nx=1
Task=519 Local_nx=1
Task=520 Local_nx=1
Task=521 Local_nx=1
Task=522 Local_nx=1
Task=523 Local_nx=1
Task=524 Local_nx=1
Task=525 Local_nx=1
Task=526 Local_nx=1
Task=527 Local_nx=1
Task=528 Local_nx=1
Task=529 Local_nx=1
Task=530 Local_nx=1
Task=531 Local_nx=1
Task=532 Local_nx=1
Task=533 Local_nx=1
Task=534 Local_nx=1
Task=535 Local_nx=1
Task=536 Local_nx=1
Task=537 Local_nx=1
Task=538 Local_nx=1
Task=539 Local_nx=1
Task=540 Local_nx=1
Task=541 Local_nx=1
Task=542 Local_nx=1
Task=543 Local_nx=1
Task=544 Local_nx=1
Task=545 Local_nx=1
Task=546 Local_nx=1
Task=547 Local_nx=1
Task=548 Local_nx=1
Task=549 Local_nx=1
Task=550 Local_nx=1
Task=551 Local_nx=1
Task=552 Local_nx=1
Task=553 Local_nx=1
Task=554 Local_nx=1
Task=555 Local_nx=1
Task=556 Local_nx=1
Task=557 Local_nx=1
Task=558 Local_nx=1
Task=559 Local_nx=1
Task=560 Local_nx=1
Task=561 Local_nx=1
Task=562 Local_nx=1
Task=563 Local_nx=1
Task=564 Local_nx=1
Task=565 Local_nx=1
Task=566 Local_nx=1
Task=567 Local_nx=1
Task=568 Local_nx=1
Task=569 Local_nx=1
Task=570 Local_nx=1
Task=571 Local_nx=1
Task=572 Local_nx=1
Task=573 Local_nx=1
Task=574 Local_nx=1
Task=575 Local_nx=1
Task=576 Local_nx=1
Task=577 Local_nx=1
Task=578 Local_nx=1
Task=579 Local_nx=1
Task=580 Local_nx=1
Task=581 Local_nx=1
Task=582 Local_nx=1
Task=583 Local_nx=1
Task=584 Local_nx=1
Task=585 Local_nx=1
Task=586 Local_nx=1
Task=587 Local_nx=1
Task=588 Local_nx=1
Task=589 Local_nx=1
Task=590 Local_nx=1
Task=591 Local_nx=1
Task=592 Local_nx=1
Task=593 Local_nx=1
Task=594 Local_nx=1
Task=595 Local_nx=1
Task=596 Local_nx=1
Task=597 Local_nx=1
Task=598 Local_nx=1
Task=599 Local_nx=1
Task=600 Local_nx=1
Task=601 Local_nx=1
Task=602 Local_nx=1
Task=603 Local_nx=1
Task=604 Local_nx=1
Task=605 Local_nx=1
Task=606 Local_nx=1
Task=607 Local_nx=1
Task=608 Local_nx=1
Task=609 Local_nx=1
Task=610 Local_nx=1
Task=611 Local_nx=1
Task=612 Local_nx=1
Task=613 Local_nx=1
Task=614 Local_nx=1
Task=615 Local_nx=1
Task=616 Local_nx=1
Task=617 Local_nx=1
Task=618 Local_nx=1
Task=619 Local_nx=1
Task=620 Local_nx=1
Task=621 Local_nx=1
Task=622 Local_nx=1
Task=623 Local_nx=1
Task=624 Local_nx=1
Task=625 Local_nx=1
Task=626 Local_nx=1
Task=627 Local_nx=1
Task=628 Local_nx=1
Task=629 Local_nx=1
Task=630 Local_nx=1
Task=631 Local_nx=1
Task=632 Local_nx=1
Task=633 Local_nx=1
Task=634 Local_nx=1
Task=635 Local_nx=1
Task=636 Local_nx=1
Task=637 Local_nx=1
Task=638 Local_nx=1
Task=639 Local_nx=1
Task=640 Local_nx=1
Task=641 Local_nx=1
Task=642 Local_nx=1
Task=643 Local_nx=1
Task=644 Local_nx=1
Task=645 Local_nx=1
Task=646 Local_nx=1
Task=647 Local_nx=1
Task=648 Local_nx=1
Task=649 Local_nx=1
Task=650 Local_nx=1
Task=651 Local_nx=1
Task=652 Local_nx=1
Task=653 Local_nx=1
Task=654 Local_nx=1
Task=655 Local_nx=1
Task=656 Local_nx=1
Task=657 Local_nx=1
Task=658 Local_nx=1
Task=659 Local_nx=1
Task=660 Local_nx=1
Task=661 Local_nx=1
Task=662 Local_nx=1
Task=663 Local_nx=1
Task=664 Local_nx=1
Task=665 Local_nx=1
Task=666 Local_nx=1
Task=667 Local_nx=1
Task=668 Local_nx=1
Task=669 Local_nx=1
Task=670 Local_nx=1
Task=671 Local_nx=1
Task=672 Local_nx=1
Task=673 Local_nx=1
Task=674 Local_nx=1
Task=675 Local_nx=1
Task=676 Local_nx=1
Task=677 Local_nx=1
Task=678 Local_nx=1
Task=679 Local_nx=1
Task=680 Local_nx=1
Task=681 Local_nx=1
Task=682 Local_nx=1
Task=683 Local_nx=1
Task=684 Local_nx=1
Task=685 Local_nx=1
Task=686 Local_nx=1
Task=687 Local_nx=1
Task=688 Local_nx=1
Task=689 Local_nx=1
Task=690 Local_nx=1
Task=691 Local_nx=1
Task=692 Local_nx=1
Task=693 Local_nx=1
Task=694 Local_nx=1
Task=695 Local_nx=1
Task=696 Local_nx=1
Task=697 Local_nx=1
Task=698 Local_nx=1
Task=699 Local_nx=1
Task=700 Local_nx=1
Task=701 Local_nx=1
Task=702 Local_nx=1
Task=703 Local_nx=1
Task=704 Local_nx=1
Task=705 Local_nx=1
Task=706 Local_nx=1
Task=707 Local_nx=1
Task=708 Local_nx=1
Task=709 Local_nx=1
Task=710 Local_nx=1
Task=711 Local_nx=1
Task=712 Local_nx=1
Task=713 Local_nx=1
Task=714 Local_nx=1
Task=715 Local_nx=1
Task=716 Local_nx=1
Task=717 Local_nx=1
Task=718 Local_nx=1
Task=719 Local_nx=1
Task=720 Local_nx=1
Task=721 Local_nx=1
Task=722 Local_nx=1
Task=723 Local_nx=1
Task=724 Local_nx=1
Task=725 Local_nx=1
Task=726 Local_nx=1
Task=727 Local_nx=1
Task=728 Local_nx=1
Task=729 Local_nx=1
Task=730 Local_nx=1
Task=731 Local_nx=1
Task=732 Local_nx=1
Task=733 Local_nx=1
Task=734 Local_nx=1
Task=735 Local_nx=1
Task=736 Local_nx=1
Task=737 Local_nx=1
Task=738 Local_nx=1
Task=739 Local_nx=1
Task=740 Local_nx=1
Task=741 Local_nx=1
Task=742 Local_nx=1
Task=743 Local_nx=1
Task=744 Local_nx=1
Task=745 Local_nx=1
Task=746 Local_nx=1
Task=747 Local_nx=1
Task=748 Local_nx=1
Task=749 Local_nx=1
Task=750 Local_nx=1
Task=751 Local_nx=1
Task=752 Local_nx=1
Task=753 Local_nx=1
Task=754 Local_nx=1
Task=755 Local_nx=1
Task=756 Local_nx=1
Task=757 Local_nx=1
Task=758 Local_nx=1
Task=759 Local_nx=1
Task=760 Local_nx=1
Task=761 Local_nx=1
Task=762 Local_nx=1
Task=763 Local_nx=1
Task=764 Local_nx=1
Task=765 Local_nx=1
Task=766 Local_nx=1
Task=767 Local_nx=1
Task=768 Local_nx=1
Task=769 Local_nx=1
Task=770 Local_nx=1
Task=771 Local_nx=1
Task=772 Local_nx=1
Task=773 Local_nx=1
Task=774 Local_nx=1
Task=775 Local_nx=1
Task=776 Local_nx=1
Task=777 Local_nx=1
Task=778 Local_nx=1
Task=779 Local_nx=1
Task=780 Local_nx=1
Task=781 Local_nx=1
Task=782 Local_nx=1
Task=783 Local_nx=1
Task=784 Local_nx=1
Task=785 Local_nx=1
Task=786 Local_nx=1
Task=787 Local_nx=1
Task=788 Local_nx=1
Task=789 Local_nx=1
Task=790 Local_nx=1
Task=791 Local_nx=1
Task=792 Local_nx=1
Task=793 Local_nx=1
Task=794 Local_nx=1
Task=795 Local_nx=1
Task=796 Local_nx=1
Task=797 Local_nx=1
Task=798 Local_nx=1
Task=799 Local_nx=1
Task=800 Local_nx=1
Task=801 Local_nx=1
Task=802 Local_nx=1
Task=803 Local_nx=1
Task=804 Local_nx=1
Task=805 Local_nx=1
Task=806 Local_nx=1
Task=807 Local_nx=1
Task=808 Local_nx=1
Task=809 Local_nx=1
Task=810 Local_nx=1
Task=811 Local_nx=1
Task=812 Local_nx=1
Task=813 Local_nx=1
Task=814 Local_nx=1
Task=815 Local_nx=1
Task=816 Local_nx=1
Task=817 Local_nx=1
Task=818 Local_nx=1
Task=819 Local_nx=1
Task=820 Local_nx=1
Task=821 Local_nx=1
Task=822 Local_nx=1
Task=823 Local_nx=1
Task=824 Local_nx=1
Task=825 Local_nx=1
Task=826 Local_nx=1
Task=827 Local_nx=1
Task=828 Local_nx=1
Task=829 Local_nx=1
Task=830 Local_nx=1
Task=831 Local_nx=1
Task=832 Local_nx=1
Task=833 Local_nx=1
Task=834 Local_nx=1
Task=835 Local_nx=1
Task=836 Local_nx=1
Task=837 Local_nx=1
Task=838 Local_nx=1
Task=839 Local_nx=1
Task=840 Local_nx=1
Task=841 Local_nx=1
Task=842 Local_nx=1
Task=843 Local_nx=1
Task=844 Local_nx=1
Task=845 Local_nx=1
Task=846 Local_nx=1
Task=847 Local_nx=1
Task=848 Local_nx=1
Task=849 Local_nx=1
Task=850 Local_nx=1
Task=851 Local_nx=1
Task=852 Local_nx=1
Task=853 Local_nx=1
Task=854 Local_nx=1
Task=855 Local_nx=1
Task=856 Local_nx=1
Task=857 Local_nx=1
Task=858 Local_nx=1
Task=859 Local_nx=1
Task=860 Local_nx=1
Task=861 Local_nx=1
Task=862 Local_nx=1
Task=863 Local_nx=1
Task=864 Local_nx=1
Task=865 Local_nx=1
Task=866 Local_nx=1
Task=867 Local_nx=1
Task=868 Local_nx=1
Task=869 Local_nx=1
Task=870 Local_nx=1
Task=871 Local_nx=1
Task=872 Local_nx=1
Task=873 Local_nx=1
Task=874 Local_nx=1
Task=875 Local_nx=1
Task=876 Local_nx=1
Task=877 Local_nx=1
Task=878 Local_nx=1
Task=879 Local_nx=1
Task=880 Local_nx=1
Task=881 Local_nx=1
Task=882 Local_nx=1
Task=883 Local_nx=1
Task=884 Local_nx=1
Task=885 Local_nx=1
Task=886 Local_nx=1
Task=887 Local_nx=1
Task=888 Local_nx=1
Task=889 Local_nx=1
Task=890 Local_nx=1
Task=891 Local_nx=1
Task=892 Local_nx=1
Task=893 Local_nx=1
Task=894 Local_nx=1
Task=895 Local_nx=1
Task=896 Local_nx=1
Task=897 Local_nx=1
Task=898 Local_nx=1
Task=899 Local_nx=1
Task=900 Local_nx=1
Task=901 Local_nx=1
Task=902 Local_nx=1
Task=903 Local_nx=1
Task=904 Local_nx=1
Task=905 Local_nx=1
Task=906 Local_nx=1
Task=907 Local_nx=1
Task=908 Local_nx=1
Task=909 Local_nx=1
Task=910 Local_nx=1
Task=911 Local_nx=1
Task=912 Local_nx=1
Task=913 Local_nx=1
Task=914 Local_nx=1
Task=915 Local_nx=1
Task=916 Local_nx=1
Task=917 Local_nx=1
Task=918 Local_nx=1
Task=919 Local_nx=1
Task=920 Local_nx=1
Task=921 Local_nx=1
Task=922 Local_nx=1
Task=923 Local_nx=1
Task=924 Local_nx=1
Task=925 Local_nx=1
Task=926 Local_nx=1
Task=927 Local_nx=1
Task=928 Local_nx=1
Task=929 Local_nx=1
Task=930 Local_nx=1
Task=931 Local_nx=1
Task=932 Local_nx=1
Task=933 Local_nx=1
Task=934 Local_nx=1
Task=935 Local_nx=1
Task=936 Local_nx=1
Task=937 Local_nx=1
Task=938 Local_nx=1
Task=939 Local_nx=1
Task=940 Local_nx=1
Task=941 Local_nx=1
Task=942 Local_nx=1
Task=943 Local_nx=1
Task=944 Local_nx=1
Task=945 Local_nx=1
Task=946 Local_nx=1
Task=947 Local_nx=1
Task=948 Local_nx=1
Task=949 Local_nx=1
Task=950 Local_nx=1
Task=951 Local_nx=1
Task=952 Local_nx=1
Task=953 Local_nx=1
Task=954 Local_nx=1
Task=955 Local_nx=1
Task=956 Local_nx=1
Task=957 Local_nx=1
Task=958 Local_nx=1
Task=959 Local_nx=1
Task=960 Local_nx=1
Task=961 Local_nx=1
Task=962 Local_nx=1
Task=963 Local_nx=1
Task=964 Local_nx=1
Task=965 Local_nx=1
Task=966 Local_nx=1
Task=967 Local_nx=1
Task=968 Local_nx=1
Task=969 Local_nx=1
Task=970 Local_nx=1
Task=971 Local_nx=1
Task=972 Local_nx=1
Task=973 Local_nx=1
Task=974 Local_nx=1
Task=975 Local_nx=1
Task=976 Local_nx=1
Task=977 Local_nx=1
Task=978 Local_nx=1
Task=979 Local_nx=1
Task=980 Local_nx=1
Task=981 Local_nx=1
Task=982 Local_nx=1
Task=983 Local_nx=1
Task=984 Local_nx=1
Task=985 Local_nx=1
Task=986 Local_nx=1
Task=987 Local_nx=1
Task=988 Local_nx=1
Task=989 Local_nx=1
Task=990 Local_nx=1
Task=991 Local_nx=1
Task=992 Local_nx=1
Task=993 Local_nx=1
Task=994 Local_nx=1
Task=995 Local_nx=1
Task=996 Local_nx=1
Task=997 Local_nx=1
Task=998 Local_nx=1
Task=999 Local_nx=1
Task=1000 Local_nx=1
Task=1001 Local_nx=1
Task=1002 Local_nx=1
Task=1003 Local_nx=1
Task=1004 Local_nx=1
Task=1005 Local_nx=1
Task=1006 Local_nx=1
Task=1007 Local_nx=1
Task=1008 Local_nx=1
Task=1009 Local_nx=1
Task=1010 Local_nx=1
Task=1011 Local_nx=1
Task=1012 Local_nx=1
Task=1013 Local_nx=1
Task=1014 Local_nx=1
Task=1015 Local_nx=1
Task=1016 Local_nx=1
Task=1017 Local_nx=1
Task=1018 Local_nx=1
Task=1019 Local_nx=1
Task=1020 Local_nx=1
Task=1021 Local_nx=1
Task=1022 Local_nx=1
Task=1023 Local_nx=1
Task=1024 Local_nx=1
Task=1025 Local_nx=1
Task=1026 Local_nx=1
Task=1027 Local_nx=1
Task=1028 Local_nx=1
Task=1029 Local_nx=1
Task=1030 Local_nx=1
Task=1031 Local_nx=1
Task=1032 Local_nx=1
Task=1033 Local_nx=1
Task=1034 Local_nx=1
Task=1035 Local_nx=1
Task=1036 Local_nx=1
Task=1037 Local_nx=1
Task=1038 Local_nx=1
Task=1039 Local_nx=1
Task=1040 Local_nx=1
Task=1041 Local_nx=1
Task=1042 Local_nx=1
Task=1043 Local_nx=1
Task=1044 Local_nx=1
Task=1045 Local_nx=1
Task=1046 Local_nx=1
Task=1047 Local_nx=1
Task=1048 Local_nx=1
Task=1049 Local_nx=1
Task=1050 Local_nx=1
Task=1051 Local_nx=1
Task=1052 Local_nx=1
Task=1053 Local_nx=1
Task=1054 Local_nx=1
Task=1055 Local_nx=1
Task=1056 Local_nx=1
Task=1057 Local_nx=1
Task=1058 Local_nx=1
Task=1059 Local_nx=1
Task=1060 Local_nx=1
Task=1061 Local_nx=1
Task=1062 Local_nx=1
Task=1063 Local_nx=1
Task=1064 Local_nx=1
Task=1065 Local_nx=1
Task=1066 Local_nx=1
Task=1067 Local_nx=1
Task=1068 Local_nx=1
Task=1069 Local_nx=1
Task=1070 Local_nx=1
Task=1071 Local_nx=1
Task=1072 Local_nx=1
Task=1073 Local_nx=1
Task=1074 Local_nx=1
Task=1075 Local_nx=1
Task=1076 Local_nx=1
Task=1077 Local_nx=1
Task=1078 Local_nx=1
Task=1079 Local_nx=1
Task=1080 Local_nx=1
Task=1081 Local_nx=1
Task=1082 Local_nx=1
Task=1083 Local_nx=1
Task=1084 Local_nx=1
Task=1085 Local_nx=1
Task=1086 Local_nx=1
Task=1087 Local_nx=1
Task=1088 Local_nx=1
Task=1089 Local_nx=1
Task=1090 Local_nx=1
Task=1091 Local_nx=1
Task=1092 Local_nx=1
Task=1093 Local_nx=1
Task=1094 Local_nx=1
Task=1095 Local_nx=1
Task=1096 Local_nx=1
Task=1097 Local_nx=1
Task=1098 Local_nx=1
Task=1099 Local_nx=1
Task=1100 Local_nx=1
Task=1101 Local_nx=1
Task=1102 Local_nx=1
Task=1103 Local_nx=1
Task=1104 Local_nx=1
Task=1105 Local_nx=1
Task=1106 Local_nx=1
Task=1107 Local_nx=1
Task=1108 Local_nx=1
Task=1109 Local_nx=1
Task=1110 Local_nx=1
Task=1111 Local_nx=1
Task=1112 Local_nx=1
Task=1113 Local_nx=1
Task=1114 Local_nx=1
Task=1115 Local_nx=1
Task=1116 Local_nx=1
Task=1117 Local_nx=1
Task=1118 Local_nx=1
Task=1119 Local_nx=1
Task=1120 Local_nx=1
Task=1121 Local_nx=1
Task=1122 Local_nx=1
Task=1123 Local_nx=1
Task=1124 Local_nx=1
Task=1125 Local_nx=1
Task=1126 Local_nx=1
Task=1127 Local_nx=1
Task=1128 Local_nx=1
Task=1129 Local_nx=1
Task=1130 Local_nx=1
Task=1131 Local_nx=1
Task=1132 Local_nx=1
Task=1133 Local_nx=1
Task=1134 Local_nx=1
Task=1135 Local_nx=1
Task=1136 Local_nx=1
Task=1137 Local_nx=1
Task=1138 Local_nx=1
Task=1139 Local_nx=1
Task=1140 Local_nx=1
Task=1141 Local_nx=1
Task=1142 Local_nx=1
Task=1143 Local_nx=1
Task=1144 Local_nx=1
Task=1145 Local_nx=1
Task=1146 Local_nx=1
Task=1147 Local_nx=1
Task=1148 Local_nx=1
Task=1149 Local_nx=1
Task=1150 Local_nx=1
Task=1151 Local_nx=1
Task=1152 Local_nx=1
Task=1153 Local_nx=1
Task=1154 Local_nx=1
Task=1155 Local_nx=1
Task=1156 Local_nx=1
Task=1157 Local_nx=1
Task=1158 Local_nx=1
Task=1159 Local_nx=1
Task=1160 Local_nx=1
Task=1161 Local_nx=1
Task=1162 Local_nx=1
Task=1163 Local_nx=1
Task=1164 Local_nx=1
Task=1165 Local_nx=1
Task=1166 Local_nx=1
Task=1167 Local_nx=1
Task=1168 Local_nx=1
Task=1169 Local_nx=1
Task=1170 Local_nx=1
Task=1171 Local_nx=1
Task=1172 Local_nx=1
Task=1173 Local_nx=1
Task=1174 Local_nx=1
Task=1175 Local_nx=1
Task=1176 Local_nx=1
Task=1177 Local_nx=1
Task=1178 Local_nx=1
Task=1179 Local_nx=1
Task=1180 Local_nx=1
Task=1181 Local_nx=1
Task=1182 Local_nx=1
Task=1183 Local_nx=1
Task=1184 Local_nx=1
Task=1185 Local_nx=1
Task=1186 Local_nx=1
Task=1187 Local_nx=1
Task=1188 Local_nx=1
Task=1189 Local_nx=1
Task=1190 Local_nx=1
Task=1191 Local_nx=1
Task=1192 Local_nx=1
Task=1193 Local_nx=1
Task=1194 Local_nx=1
Task=1195 Local_nx=1
Task=1196 Local_nx=1
Task=1197 Local_nx=1
Task=1198 Local_nx=1
Task=1199 Local_nx=1
Task=1200 Local_nx=1
Task=1201 Local_nx=1
Task=1202 Local_nx=1
Task=1203 Local_nx=1
Task=1204 Local_nx=1
Task=1205 Local_nx=1
Task=1206 Local_nx=1
Task=1207 Local_nx=1
Task=1208 Local_nx=1
Task=1209 Local_nx=1
Task=1210 Local_nx=1
Task=1211 Local_nx=1
Task=1212 Local_nx=1
Task=1213 Local_nx=1
Task=1214 Local_nx=1
Task=1215 Local_nx=1
Task=1216 Local_nx=1
Task=1217 Local_nx=1
Task=1218 Local_nx=1
Task=1219 Local_nx=1
Task=1220 Local_nx=1
Task=1221 Local_nx=1
Task=1222 Local_nx=1
Task=1223 Local_nx=1
Task=1224 Local_nx=1
Task=1225 Local_nx=1
Task=1226 Local_nx=1
Task=1227 Local_nx=1
Task=1228 Local_nx=1
Task=1229 Local_nx=1
Task=1230 Local_nx=1
Task=1231 Local_nx=1
Task=1232 Local_nx=1
Task=1233 Local_nx=1
Task=1234 Local_nx=1
Task=1235 Local_nx=1
Task=1236 Local_nx=1
Task=1237 Local_nx=1
Task=1238 Local_nx=1
Task=1239 Local_nx=1
Task=1240 Local_nx=1
Task=1241 Local_nx=1
Task=1242 Local_nx=1
Task=1243 Local_nx=1
Task=1244 Local_nx=1
Task=1245 Local_nx=1
Task=1246 Local_nx=1
Task=1247 Local_nx=1
Task=1248 Local_nx=1
Task=1249 Local_nx=1
Task=1250 Local_nx=1
Task=1251 Local_nx=1
Task=1252 Local_nx=1
Task=1253 Local_nx=1
Task=1254 Local_nx=1
Task=1255 Local_nx=1
Task=1256 Local_nx=1
Task=1257 Local_nx=1
Task=1258 Local_nx=1
Task=1259 Local_nx=1
Task=1260 Local_nx=1
Task=1261 Local_nx=1
Task=1262 Local_nx=1
Task=1263 Local_nx=1
Task=1264 Local_nx=1
Task=1265 Local_nx=1
Task=1266 Local_nx=1
Task=1267 Local_nx=1
Task=1268 Local_nx=1
Task=1269 Local_nx=1
Task=1270 Local_nx=1
Task=1271 Local_nx=1
Task=1272 Local_nx=1
Task=1273 Local_nx=1
Task=1274 Local_nx=1
Task=1275 Local_nx=1
Task=1276 Local_nx=1
Task=1277 Local_nx=1
Task=1278 Local_nx=1
Task=1279 Local_nx=1
Task=1280 Local_nx=1
Task=1281 Local_nx=1
Task=1282 Local_nx=1
Task=1283 Local_nx=1
Task=1284 Local_nx=1
Task=1285 Local_nx=1
Task=1286 Local_nx=1
Task=1287 Local_nx=1
Task=1288 Local_nx=1
Task=1289 Local_nx=1
Task=1290 Local_nx=1
Task=1291 Local_nx=1
Task=1292 Local_nx=1
Task=1293 Local_nx=1
Task=1294 Local_nx=1
Task=1295 Local_nx=1
Task=1296 Local_nx=1
Task=1297 Local_nx=1
Task=1298 Local_nx=1
Task=1299 Local_nx=1
Task=1300 Local_nx=1
Task=1301 Local_nx=1
Task=1302 Local_nx=1
Task=1303 Local_nx=1
Task=1304 Local_nx=1
Task=1305 Local_nx=1
Task=1306 Local_nx=1
Task=1307 Local_nx=1
Task=1308 Local_nx=1
Task=1309 Local_nx=1
Task=1310 Local_nx=1
Task=1311 Local_nx=1
Task=1312 Local_nx=1
Task=1313 Local_nx=1
Task=1314 Local_nx=1
Task=1315 Local_nx=1
Task=1316 Local_nx=1
Task=1317 Local_nx=1
Task=1318 Local_nx=1
Task=1319 Local_nx=1
Task=1320 Local_nx=1
Task=1321 Local_nx=1
Task=1322 Local_nx=1
Task=1323 Local_nx=1
Task=1324 Local_nx=1
Task=1325 Local_nx=1
Task=1326 Local_nx=1
Task=1327 Local_nx=1
Task=1328 Local_nx=1
Task=1329 Local_nx=1
Task=1330 Local_nx=1
Task=1331 Local_nx=1
Task=1332 Local_nx=1
Task=1333 Local_nx=1
Task=1334 Local_nx=1
Task=1335 Local_nx=1
Task=1336 Local_nx=1
Task=1337 Local_nx=1
Task=1338 Local_nx=1
Task=1339 Local_nx=1
Task=1340 Local_nx=1
Task=1341 Local_nx=1
Task=1342 Local_nx=1
Task=1343 Local_nx=1
Task=1344 Local_nx=1
Task=1345 Local_nx=1
Task=1346 Local_nx=1
Task=1347 Local_nx=1
Task=1348 Local_nx=1
Task=1349 Local_nx=1
Task=1350 Local_nx=1
Task=1351 Local_nx=1
Task=1352 Local_nx=1
Task=1353 Local_nx=1
Task=1354 Local_nx=1
Task=1355 Local_nx=1
Task=1356 Local_nx=1
Task=1357 Local_nx=1
Task=1358 Local_nx=1
Task=1359 Local_nx=1
Task=1360 Local_nx=1
Task=1361 Local_nx=1
Task=1362 Local_nx=1
Task=1363 Local_nx=1
Task=1364 Local_nx=1
Task=1365 Local_nx=1
Task=1366 Local_nx=1
Task=1367 Local_nx=1
Task=1368 Local_nx=1
Task=1369 Local_nx=1
Task=1370 Local_nx=1
Task=1371 Local_nx=1
Task=1372 Local_nx=1
Task=1373 Local_nx=1
Task=1374 Local_nx=1
Task=1375 Local_nx=1
Task=1376 Local_nx=1
Task=1377 Local_nx=1
Task=1378 Local_nx=1
Task=1379 Local_nx=1
Task=1380 Local_nx=1
Task=1381 Local_nx=1
Task=1382 Local_nx=1
Task=1383 Local_nx=1
Task=1384 Local_nx=1
Task=1385 Local_nx=1
Task=1386 Local_nx=1
Task=1387 Local_nx=1
Task=1388 Local_nx=1
Task=1389 Local_nx=1
Task=1390 Local_nx=1
Task=1391 Local_nx=1
Task=1392 Local_nx=1
Task=1393 Local_nx=1
Task=1394 Local_nx=1
Task=1395 Local_nx=1
Task=1396 Local_nx=1
Task=1397 Local_nx=1
Task=1398 Local_nx=1
Task=1399 Local_nx=1
Task=1400 Local_nx=1
Task=1401 Local_nx=1
Task=1402 Local_nx=1
Task=1403 Local_nx=1
Task=1404 Local_nx=1
Task=1405 Local_nx=1
Task=1406 Local_nx=1
Task=1407 Local_nx=1
Task=1408 Local_nx=1
Task=1409 Local_nx=1
Task=1410 Local_nx=1
Task=1411 Local_nx=1
Task=1412 Local_nx=1
Task=1413 Local_nx=1
Task=1414 Local_nx=1
Task=1415 Local_nx=1
Task=1416 Local_nx=1
Task=1417 Local_nx=1
Task=1418 Local_nx=1
Task=1419 Local_nx=1
Task=1420 Local_nx=1
Task=1421 Local_nx=1
Task=1422 Local_nx=1
Task=1423 Local_nx=1
Task=1424 Local_nx=1
Task=1425 Local_nx=1
Task=1426 Local_nx=1
Task=1427 Local_nx=1
Task=1428 Local_nx=1
Task=1429 Local_nx=1
Task=1430 Local_nx=1
Task=1431 Local_nx=1
Task=1432 Local_nx=1
Task=1433 Local_nx=1
Task=1434 Local_nx=1
Task=1435 Local_nx=1
Task=1436 Local_nx=1
Task=1437 Local_nx=1
Task=1438 Local_nx=1
Task=1439 Local_nx=1
Task=1440 Local_nx=1
Task=1441 Local_nx=1
Task=1442 Local_nx=1
Task=1443 Local_nx=1
Task=1444 Local_nx=1
Task=1445 Local_nx=1
Task=1446 Local_nx=1
Task=1447 Local_nx=1
Task=1448 Local_nx=1
Task=1449 Local_nx=1
Task=1450 Local_nx=1
Task=1451 Local_nx=1
Task=1452 Local_nx=1
Task=1453 Local_nx=1
Task=1454 Local_nx=1
Task=1455 Local_nx=1
Task=1456 Local_nx=1
Task=1457 Local_nx=1
Task=1458 Local_nx=1
Task=1459 Local_nx=1
Task=1460 Local_nx=1
Task=1461 Local_nx=1
Task=1462 Local_nx=1
Task=1463 Local_nx=1
Task=1464 Local_nx=1
Task=1465 Local_nx=1
Task=1466 Local_nx=1
Task=1467 Local_nx=1
Task=1468 Local_nx=1
Task=1469 Local_nx=1
Task=1470 Local_nx=1
Task=1471 Local_nx=1
Task=1472 Local_nx=1
Task=1473 Local_nx=1
Task=1474 Local_nx=1
Task=1475 Local_nx=1
Task=1476 Local_nx=1
Task=1477 Local_nx=1
Task=1478 Local_nx=1
Task=1479 Local_nx=1
Task=1480 Local_nx=1
Task=1481 Local_nx=1
Task=1482 Local_nx=1
Task=1483 Local_nx=1
Task=1484 Local_nx=1
Task=1485 Local_nx=1
Task=1486 Local_nx=1
Task=1487 Local_nx=1
Task=1488 Local_nx=1
Task=1489 Local_nx=1
Task=1490 Local_nx=1
Task=1491 Local_nx=1
Task=1492 Local_nx=1
Task=1493 Local_nx=1
Task=1494 Local_nx=1
Task=1495 Local_nx=1
Task=1496 Local_nx=1
Task=1497 Local_nx=1
Task=1498 Local_nx=1
Task=1499 Local_nx=1
Task=1500 Local_nx=1
Task=1501 Local_nx=1
Task=1502 Local_nx=1
Task=1503 Local_nx=1
Task=1504 Local_nx=1
Task=1505 Local_nx=1
Task=1506 Local_nx=1
Task=1507 Local_nx=1
Task=1508 Local_nx=1
Task=1509 Local_nx=1
Task=1510 Local_nx=1
Task=1511 Local_nx=1
Task=1512 Local_nx=1
Task=1513 Local_nx=1
Task=1514 Local_nx=1
Task=1515 Local_nx=1
Task=1516 Local_nx=1
Task=1517 Local_nx=1
Task=1518 Local_nx=1
Task=1519 Local_nx=1
Task=1520 Local_nx=1
Task=1521 Local_nx=1
Task=1522 Local_nx=1
Task=1523 Local_nx=1
Task=1524 Local_nx=1
Task=1525 Local_nx=1
Task=1526 Local_nx=1
Task=1527 Local_nx=1
Task=1528 Local_nx=1
Task=1529 Local_nx=1
Task=1530 Local_nx=1
Task=1531 Local_nx=1
Task=1532 Local_nx=1
Task=1533 Local_nx=1
Task=1534 Local_nx=1
Task=1535 Local_nx=1
Task=1536 Local_nx=1
Task=1537 Local_nx=1
Task=1538 Local_nx=1
Task=1539 Local_nx=1
Task=1540 Local_nx=1
Task=1541 Local_nx=1
Task=1542 Local_nx=1
Task=1543 Local_nx=1
Task=1544 Local_nx=1
Task=1545 Local_nx=1
Task=1546 Local_nx=1
Task=1547 Local_nx=1
Task=1548 Local_nx=1
Task=1549 Local_nx=1
Task=1550 Local_nx=1
Task=1551 Local_nx=1
Task=1552 Local_nx=1
Task=1553 Local_nx=1
Task=1554 Local_nx=1
Task=1555 Local_nx=1
Task=1556 Local_nx=1
Task=1557 Local_nx=1
Task=1558 Local_nx=1
Task=1559 Local_nx=1
Task=1560 Local_nx=1
Task=1561 Local_nx=1
Task=1562 Local_nx=1
Task=1563 Local_nx=1
Task=1564 Local_nx=1
Task=1565 Local_nx=1
Task=1566 Local_nx=1
Task=1567 Local_nx=1
Task=1568 Local_nx=1
Task=1569 Local_nx=1
Task=1570 Local_nx=1
Task=1571 Local_nx=1
Task=1572 Local_nx=1
Task=1573 Local_nx=1
Task=1574 Local_nx=1
Task=1575 Local_nx=1
Task=1576 Local_nx=1
Task=1577 Local_nx=1
Task=1578 Local_nx=1
Task=1579 Local_nx=1
Task=1580 Local_nx=1
Task=1581 Local_nx=1
Task=1582 Local_nx=1
Task=1583 Local_nx=1
Task=1584 Local_nx=1
Task=1585 Local_nx=1
Task=1586 Local_nx=1
Task=1587 Local_nx=1
Task=1588 Local_nx=1
Task=1589 Local_nx=1
Task=1590 Local_nx=1
Task=1591 Local_nx=1
Task=1592 Local_nx=1
Task=1593 Local_nx=1
Task=1594 Local_nx=1
Task=1595 Local_nx=1
Task=1596 Local_nx=1
Task=1597 Local_nx=1
Task=1598 Local_nx=1
Task=1599 Local_nx=1
Task=1600 Local_nx=1
Task=1601 Local_nx=1
Task=1602 Local_nx=1
Task=1603 Local_nx=1
Task=1604 Local_nx=1
Task=1605 Local_nx=1
Task=1606 Local_nx=1
Task=1607 Local_nx=1
Task=1608 Local_nx=1
Task=1609 Local_nx=1
Task=1610 Local_nx=1
Task=1611 Local_nx=1
Task=1612 Local_nx=1
Task=1613 Local_nx=1
Task=1614 Local_nx=1
Task=1615 Local_nx=1
Task=1616 Local_nx=1
Task=1617 Local_nx=1
Task=1618 Local_nx=1
Task=1619 Local_nx=1
Task=1620 Local_nx=1
Task=1621 Local_nx=1
Task=1622 Local_nx=1
Task=1623 Local_nx=1
Task=1624 Local_nx=1
Task=1625 Local_nx=1
Task=1626 Local_nx=1
Task=1627 Local_nx=1
Task=1628 Local_nx=1
Task=1629 Local_nx=1
Task=1630 Local_nx=1
Task=1631 Local_nx=1
Task=1632 Local_nx=1
Task=1633 Local_nx=1
Task=1634 Local_nx=1
Task=1635 Local_nx=1
Task=1636 Local_nx=1
Task=1637 Local_nx=1
Task=1638 Local_nx=1
Task=1639 Local_nx=1
Task=1640 Local_nx=1
Task=1641 Local_nx=1
Task=1642 Local_nx=1
Task=1643 Local_nx=1
Task=1644 Local_nx=1
Task=1645 Local_nx=1
Task=1646 Local_nx=1
Task=1647 Local_nx=1
Task=1648 Local_nx=1
Task=1649 Local_nx=1
Task=1650 Local_nx=1
Task=1651 Local_nx=1
Task=1652 Local_nx=1
Task=1653 Local_nx=1
Task=1654 Local_nx=1
Task=1655 Local_nx=1
Task=1656 Local_nx=1
Task=1657 Local_nx=1
Task=1658 Local_nx=1
Task=1659 Local_nx=1
Task=1660 Local_nx=1
Task=1661 Local_nx=1
Task=1662 Local_nx=1
Task=1663 Local_nx=1
Task=1664 Local_nx=1
Task=1665 Local_nx=1
Task=1666 Local_nx=1
Task=1667 Local_nx=1
Task=1668 Local_nx=1
Task=1669 Local_nx=1
Task=1670 Local_nx=1
Task=1671 Local_nx=1
Task=1672 Local_nx=1
Task=1673 Local_nx=1
Task=1674 Local_nx=1
Task=1675 Local_nx=1
Task=1676 Local_nx=1
Task=1677 Local_nx=1
Task=1678 Local_nx=1
Task=1679 Local_nx=1
Task=1680 Local_nx=1
Task=1681 Local_nx=1
Task=1682 Local_nx=1
Task=1683 Local_nx=1
Task=1684 Local_nx=1
Task=1685 Local_nx=1
Task=1686 Local_nx=1
Task=1687 Local_nx=1
Task=1688 Local_nx=1
Task=1689 Local_nx=1
Task=1690 Local_nx=1
Task=1691 Local_nx=1
Task=1692 Local_nx=1
Task=1693 Local_nx=1
Task=1694 Local_nx=1
Task=1695 Local_nx=1
Task=1696 Local_nx=1
Task=1697 Local_nx=1
Task=1698 Local_nx=1
Task=1699 Local_nx=1
Task=1700 Local_nx=1
Task=1701 Local_nx=1
Task=1702 Local_nx=1
Task=1703 Local_nx=1
Task=1704 Local_nx=1
Task=1705 Local_nx=1
Task=1706 Local_nx=1
Task=1707 Local_nx=1
Task=1708 Local_nx=1
Task=1709 Local_nx=1
Task=1710 Local_nx=1
Task=1711 Local_nx=1
Task=1712 Local_nx=1
Task=1713 Local_nx=1
Task=1714 Local_nx=1
Task=1715 Local_nx=1
Task=1716 Local_nx=1
Task=1717 Local_nx=1
Task=1718 Local_nx=1
Task=1719 Local_nx=1
Task=1720 Local_nx=1
Task=1721 Local_nx=1
Task=1722 Local_nx=1
Task=1723 Local_nx=1
Task=1724 Local_nx=1
Task=1725 Local_nx=1
Task=1726 Local_nx=1
Task=1727 Local_nx=1
Task=1728 Local_nx=1
Task=1729 Local_nx=1
Task=1730 Local_nx=1
Task=1731 Local_nx=1
Task=1732 Local_nx=1
Task=1733 Local_nx=1
Task=1734 Local_nx=1
Task=1735 Local_nx=1
Task=1736 Local_nx=1
Task=1737 Local_nx=1
Task=1738 Local_nx=1
Task=1739 Local_nx=1
Task=1740 Local_nx=1
Task=1741 Local_nx=1
Task=1742 Local_nx=1
Task=1743 Local_nx=1
Task=1744 Local_nx=1
Task=1745 Local_nx=1
Task=1746 Local_nx=1
Task=1747 Local_nx=1
Task=1748 Local_nx=1
Task=1749 Local_nx=1
Task=1750 Local_nx=1
Task=1751 Local_nx=1
Task=1752 Local_nx=1
Task=1753 Local_nx=1
Task=1754 Local_nx=1
Task=1755 Local_nx=1
Task=1756 Local_nx=1
Task=1757 Local_nx=1
Task=1758 Local_nx=1
Task=1759 Local_nx=1
Task=1760 Local_nx=1
Task=1761 Local_nx=1
Task=1762 Local_nx=1
Task=1763 Local_nx=1
Task=1764 Local_nx=1
Task=1765 Local_nx=1
Task=1766 Local_nx=1
Task=1767 Local_nx=1
Task=1768 Local_nx=1
Task=1769 Local_nx=1
Task=1770 Local_nx=1
Task=1771 Local_nx=1
Task=1772 Local_nx=1
Task=1773 Local_nx=1
Task=1774 Local_nx=1
Task=1775 Local_nx=1
Task=1776 Local_nx=1
Task=1777 Local_nx=1
Task=1778 Local_nx=1
Task=1779 Local_nx=1
Task=1780 Local_nx=1
Task=1781 Local_nx=1
Task=1782 Local_nx=1
Task=1783 Local_nx=1
Task=1784 Local_nx=1
Task=1785 Local_nx=1
Task=1786 Local_nx=1
Task=1787 Local_nx=1
Task=1788 Local_nx=1
Task=1789 Local_nx=1
Task=1790 Local_nx=1
Task=1791 Local_nx=1
Task=1792 Local_nx=1
Task=1793 Local_nx=1
Task=1794 Local_nx=1
Task=1795 Local_nx=1
Task=1796 Local_nx=1
Task=1797 Local_nx=1
Task=1798 Local_nx=1
Task=1799 Local_nx=1
Task=1800 Local_nx=1
Task=1801 Local_nx=1
Task=1802 Local_nx=1
Task=1803 Local_nx=1
Task=1804 Local_nx=1
Task=1805 Local_nx=1
Task=1806 Local_nx=1
Task=1807 Local_nx=1
Task=1808 Local_nx=1
Task=1809 Local_nx=1
Task=1810 Local_nx=1
Task=1811 Local_nx=1
Task=1812 Local_nx=1
Task=1813 Local_nx=1
Task=1814 Local_nx=1
Task=1815 Local_nx=1
Task=1816 Local_nx=1
Task=1817 Local_nx=1
Task=1818 Local_nx=1
Task=1819 Local_nx=1
Task=1820 Local_nx=1
Task=1821 Local_nx=1
Task=1822 Local_nx=1
Task=1823 Local_nx=1
Task=1824 Local_nx=1
Task=1825 Local_nx=1
Task=1826 Local_nx=1
Task=1827 Local_nx=1
Task=1828 Local_nx=1
Task=1829 Local_nx=1
Task=1830 Local_nx=1
Task=1831 Local_nx=1
Task=1832 Local_nx=1
Task=1833 Local_nx=1
Task=1834 Local_nx=1
Task=1835 Local_nx=1
Task=1836 Local_nx=1
Task=1837 Local_nx=1
Task=1838 Local_nx=1
Task=1839 Local_nx=1
Task=1840 Local_nx=1
Task=1841 Local_nx=1
Task=1842 Local_nx=1
Task=1843 Local_nx=1
Task=1844 Local_nx=1
Task=1845 Local_nx=1
Task=1846 Local_nx=1
Task=1847 Local_nx=1
Task=1848 Local_nx=1
Task=1849 Local_nx=1
Task=1850 Local_nx=1
Task=1851 Local_nx=1
Task=1852 Local_nx=1
Task=1853 Local_nx=1
Task=1854 Local_nx=1
Task=1855 Local_nx=1
Task=1856 Local_nx=1
Task=1857 Local_nx=1
Task=1858 Local_nx=1
Task=1859 Local_nx=1
Task=1860 Local_nx=1
Task=1861 Local_nx=1
Task=1862 Local_nx=1
Task=1863 Local_nx=1
Task=1864 Local_nx=1
Task=1865 Local_nx=1
Task=1866 Local_nx=1
Task=1867 Local_nx=1
Task=1868 Local_nx=1
Task=1869 Local_nx=1
Task=1870 Local_nx=1
Task=1871 Local_nx=1
Task=1872 Local_nx=1
Task=1873 Local_nx=1
Task=1874 Local_nx=1
Task=1875 Local_nx=1
Task=1876 Local_nx=1
Task=1877 Local_nx=1
Task=1878 Local_nx=1
Task=1879 Local_nx=1
Task=1880 Local_nx=1
Task=1881 Local_nx=1
Task=1882 Local_nx=1
Task=1883 Local_nx=1
Task=1884 Local_nx=1
Task=1885 Local_nx=1
Task=1886 Local_nx=1
Task=1887 Local_nx=1
Task=1888 Local_nx=1
Task=1889 Local_nx=1
Task=1890 Local_nx=1
Task=1891 Local_nx=1
Task=1892 Local_nx=1
Task=1893 Local_nx=1
Task=1894 Local_nx=1
Task=1895 Local_nx=1
Task=1896 Local_nx=1
Task=1897 Local_nx=1
Task=1898 Local_nx=1
Task=1899 Local_nx=1
Task=1900 Local_nx=1
Task=1901 Local_nx=1
Task=1902 Local_nx=1
Task=1903 Local_nx=1
Task=1904 Local_nx=1
Task=1905 Local_nx=1
Task=1906 Local_nx=1
Task=1907 Local_nx=1
Task=1908 Local_nx=1
Task=1909 Local_nx=1
Task=1910 Local_nx=1
Task=1911 Local_nx=1
Task=1912 Local_nx=1
Task=1913 Local_nx=1
Task=1914 Local_nx=1
Task=1915 Local_nx=1
Task=1916 Local_nx=1
Task=1917 Local_nx=1
Task=1918 Local_nx=1
Task=1919 Local_nx=1
Task=1920 Local_nx=1
Task=1921 Local_nx=1
Task=1922 Local_nx=1
Task=1923 Local_nx=1
Task=1924 Local_nx=1
Task=1925 Local_nx=1
Task=1926 Local_nx=1
Task=1927 Local_nx=1
Task=1928 Local_nx=1
Task=1929 Local_nx=1
Task=1930 Local_nx=1
Task=1931 Local_nx=1
Task=1932 Local_nx=1
Task=1933 Local_nx=1
Task=1934 Local_nx=1
Task=1935 Local_nx=1
Task=1936 Local_nx=1
Task=1937 Local_nx=1
Task=1938 Local_nx=1
Task=1939 Local_nx=1
Task=1940 Local_nx=1
Task=1941 Local_nx=1
Task=1942 Local_nx=1
Task=1943 Local_nx=1
Task=1944 Local_nx=1
Task=1945 Local_nx=1
Task=1946 Local_nx=1
Task=1947 Local_nx=1
Task=1948 Local_nx=1
Task=1949 Local_nx=1
Task=1950 Local_nx=1
Task=1951 Local_nx=1
Task=1952 Local_nx=1
Task=1953 Local_nx=1
Task=1954 Local_nx=1
Task=1955 Local_nx=1
Task=1956 Local_nx=1
Task=1957 Local_nx=1
Task=1958 Local_nx=1
Task=1959 Local_nx=1
Task=1960 Local_nx=1
Task=1961 Local_nx=1
Task=1962 Local_nx=1
Task=1963 Local_nx=1
Task=1964 Local_nx=1
Task=1965 Local_nx=1
Task=1966 Local_nx=1
Task=1967 Local_nx=1
Task=1968 Local_nx=1
Task=1969 Local_nx=1
Task=1970 Local_nx=1
Task=1971 Local_nx=1
Task=1972 Local_nx=1
Task=1973 Local_nx=1
Task=1974 Local_nx=1
Task=1975 Local_nx=1
Task=1976 Local_nx=1
Task=1977 Local_nx=1
Task=1978 Local_nx=1
Task=1979 Local_nx=1
Task=1980 Local_nx=1
Task=1981 Local_nx=1
Task=1982 Local_nx=1
Task=1983 Local_nx=1
Task=1984 Local_nx=1
Task=1985 Local_nx=1
Task=1986 Local_nx=1
Task=1987 Local_nx=1
Task=1988 Local_nx=1
Task=1989 Local_nx=1
Task=1990 Local_nx=1
Task=1991 Local_nx=1
Task=1992 Local_nx=1
Task=1993 Local_nx=1
Task=1994 Local_nx=1
Task=1995 Local_nx=1
Task=1996 Local_nx=1
Task=1997 Local_nx=1
Task=1998 Local_nx=1
Task=1999 Local_nx=1
Task=2000 Local_nx=1
Task=2001 Local_nx=1
Task=2002 Local_nx=1
Task=2003 Local_nx=1
Task=2004 Local_nx=1
Task=2005 Local_nx=1
Task=2006 Local_nx=1
Task=2007 Local_nx=1
Task=2008 Local_nx=1
Task=2009 Local_nx=1
Task=2010 Local_nx=1
Task=2011 Local_nx=1
Task=2012 Local_nx=1
Task=2013 Local_nx=1
Task=2014 Local_nx=1
Task=2015 Local_nx=1
Task=2016 Local_nx=1
Task=2017 Local_nx=1
Task=2018 Local_nx=1
Task=2019 Local_nx=1
Task=2020 Local_nx=1
Task=2021 Local_nx=1
Task=2022 Local_nx=1
Task=2023 Local_nx=1
Task=2024 Local_nx=1
Task=2025 Local_nx=1
Task=2026 Local_nx=1
Task=2027 Local_nx=1
Task=2028 Local_nx=1
Task=2029 Local_nx=1
Task=2030 Local_nx=1
Task=2031 Local_nx=1
Task=2032 Local_nx=1
Task=2033 Local_nx=1
Task=2034 Local_nx=1
Task=2035 Local_nx=1
Task=2036 Local_nx=1
Task=2037 Local_nx=1
Task=2038 Local_nx=1
Task=2039 Local_nx=1
Task=2040 Local_nx=1
Task=2041 Local_nx=1
Task=2042 Local_nx=1
Task=2043 Local_nx=1
Task=2044 Local_nx=1
Task=2045 Local_nx=1
Task=2046 Local_nx=1
Task=2047 Local_nx=1
Task=2048 Local_nx=1
Task=2049 Local_nx=1
Task=2050 Local_nx=1
Task=2051 Local_nx=1
Task=2052 Local_nx=1
Task=2053 Local_nx=1
Task=2054 Local_nx=1
Task=2055 Local_nx=1
Task=2056 Local_nx=1
Task=2057 Local_nx=1
Task=2058 Local_nx=1
Task=2059 Local_nx=1
Task=2060 Local_nx=1
Task=2061 Local_nx=1
Task=2062 Local_nx=1
Task=2063 Local_nx=1
Task=2064 Local_nx=1
Task=2065 Local_nx=1
Task=2066 Local_nx=1
Task=2067 Local_nx=1
Task=2068 Local_nx=1
Task=2069 Local_nx=1
Task=2070 Local_nx=1
Task=2071 Local_nx=1
Task=2072 Local_nx=1
Task=2073 Local_nx=1
Task=2074 Local_nx=1
Task=2075 Local_nx=1
Task=2076 Local_nx=1
Task=2077 Local_nx=1
Task=2078 Local_nx=1
Task=2079 Local_nx=1
Task=2080 Local_nx=1
Task=2081 Local_nx=1
Task=2082 Local_nx=1
Task=2083 Local_nx=1
Task=2084 Local_nx=1
Task=2085 Local_nx=1
Task=2086 Local_nx=1
Task=2087 Local_nx=1
Task=2088 Local_nx=1
Task=2089 Local_nx=1
Task=2090 Local_nx=1
Task=2091 Local_nx=1
Task=2092 Local_nx=1
Task=2093 Local_nx=1
Task=2094 Local_nx=1
Task=2095 Local_nx=1
Task=2096 Local_nx=1
Task=2097 Local_nx=1
Task=2098 Local_nx=1
Task=2099 Local_nx=1
Task=2100 Local_nx=1
Task=2101 Local_nx=1
Task=2102 Local_nx=1
Task=2103 Local_nx=1
Task=2104 Local_nx=1
Task=2105 Local_nx=1
Task=2106 Local_nx=1
Task=2107 Local_nx=1
Task=2108 Local_nx=1
Task=2109 Local_nx=1
Task=2110 Local_nx=1
Task=2111 Local_nx=1
Task=2112 Local_nx=1
Task=2113 Local_nx=1
Task=2114 Local_nx=1
Task=2115 Local_nx=1
Task=2116 Local_nx=1
Task=2117 Local_nx=1
Task=2118 Local_nx=1
Task=2119 Local_nx=1
Task=2120 Local_nx=1
Task=2121 Local_nx=1
Task=2122 Local_nx=1
Task=2123 Local_nx=1
Task=2124 Local_nx=1
Task=2125 Local_nx=1
Task=2126 Local_nx=1
Task=2127 Local_nx=1
Task=2128 Local_nx=1
Task=2129 Local_nx=1
Task=2130 Local_nx=1
Task=2131 Local_nx=1
Task=2132 Local_nx=1
Task=2133 Local_nx=1
Task=2134 Local_nx=1
Task=2135 Local_nx=1
Task=2136 Local_nx=1
Task=2137 Local_nx=1
Task=2138 Local_nx=1
Task=2139 Local_nx=1
Task=2140 Local_nx=1
Task=2141 Local_nx=1
Task=2142 Local_nx=1
Task=2143 Local_nx=1
Task=2144 Local_nx=1
Task=2145 Local_nx=1
Task=2146 Local_nx=1
Task=2147 Local_nx=1
Task=2148 Local_nx=1
Task=2149 Local_nx=1
Task=2150 Local_nx=1
Task=2151 Local_nx=1
Task=2152 Local_nx=1
Task=2153 Local_nx=1
Task=2154 Local_nx=1
Task=2155 Local_nx=1
Task=2156 Local_nx=1
Task=2157 Local_nx=1
Task=2158 Local_nx=1
Task=2159 Local_nx=1
Task=2160 Local_nx=1
Task=2161 Local_nx=1
Task=2162 Local_nx=1
Task=2163 Local_nx=1
Task=2164 Local_nx=1
Task=2165 Local_nx=1
Task=2166 Local_nx=1
Task=2167 Local_nx=1
Task=2168 Local_nx=1
Task=2169 Local_nx=1
Task=2170 Local_nx=1
Task=2171 Local_nx=1
Task=2172 Local_nx=1
Task=2173 Local_nx=1
Task=2174 Local_nx=1
Task=2175 Local_nx=1
Task=2176 Local_nx=1
Task=2177 Local_nx=1
Task=2178 Local_nx=1
Task=2179 Local_nx=1
Task=2180 Local_nx=1
Task=2181 Local_nx=1
Task=2182 Local_nx=1
Task=2183 Local_nx=1
Task=2184 Local_nx=1
Task=2185 Local_nx=1
Task=2186 Local_nx=1
Task=2187 Local_nx=1
Task=2188 Local_nx=1
Task=2189 Local_nx=1
Task=2190 Local_nx=1
Task=2191 Local_nx=1
Task=2192 Local_nx=1
Task=2193 Local_nx=1
Task=2194 Local_nx=1
Task=2195 Local_nx=1
Task=2196 Local_nx=1
Task=2197 Local_nx=1
Task=2198 Local_nx=1
Task=2199 Local_nx=1
Task=2200 Local_nx=1
Task=2201 Local_nx=1
Task=2202 Local_nx=1
Task=2203 Local_nx=1
Task=2204 Local_nx=1
Task=2205 Local_nx=1
Task=2206 Local_nx=1
Task=2207 Local_nx=1
Task=2208 Local_nx=1
Task=2209 Local_nx=1
Task=2210 Local_nx=1
Task=2211 Local_nx=1
Task=2212 Local_nx=1
Task=2213 Local_nx=1
Task=2214 Local_nx=1
Task=2215 Local_nx=1
Task=2216 Local_nx=1
Task=2217 Local_nx=1
Task=2218 Local_nx=1
Task=2219 Local_nx=1
Task=2220 Local_nx=1
Task=2221 Local_nx=1
Task=2222 Local_nx=1
Task=2223 Local_nx=1
Task=2224 Local_nx=1
Task=2225 Local_nx=1
Task=2226 Local_nx=1
Task=2227 Local_nx=1
Task=2228 Local_nx=1
Task=2229 Local_nx=1
Task=2230 Local_nx=1
Task=2231 Local_nx=1
Task=2232 Local_nx=1
Task=2233 Local_nx=1
Task=2234 Local_nx=1
Task=2235 Local_nx=1
Task=2236 Local_nx=1
Task=2237 Local_nx=1
Task=2238 Local_nx=1
Task=2239 Local_nx=1
Task=2240 Local_nx=1
Task=2241 Local_nx=1
Task=2242 Local_nx=1
Task=2243 Local_nx=1
Task=2244 Local_nx=1
Task=2245 Local_nx=1
Task=2246 Local_nx=1
Task=2247 Local_nx=1
Task=2248 Local_nx=1
Task=2249 Local_nx=1
Task=2250 Local_nx=1
Task=2251 Local_nx=1
Task=2252 Local_nx=1
Task=2253 Local_nx=1
Task=2254 Local_nx=1
Task=2255 Local_nx=1
Task=2256 Local_nx=1
Task=2257 Local_nx=1
Task=2258 Local_nx=1
Task=2259 Local_nx=1
Task=2260 Local_nx=1
Task=2261 Local_nx=1
Task=2262 Local_nx=1
Task=2263 Local_nx=1
Task=2264 Local_nx=1
Task=2265 Local_nx=1
Task=2266 Local_nx=1
Task=2267 Local_nx=1
Task=2268 Local_nx=1
Task=2269 Local_nx=1
Task=2270 Local_nx=1
Task=2271 Local_nx=1
Task=2272 Local_nx=1
Task=2273 Local_nx=1
Task=2274 Local_nx=1
Task=2275 Local_nx=1
Task=2276 Local_nx=1
Task=2277 Local_nx=1
Task=2278 Local_nx=1
Task=2279 Local_nx=1
Task=2280 Local_nx=1
Task=2281 Local_nx=1
Task=2282 Local_nx=1
Task=2283 Local_nx=1
Task=2284 Local_nx=1
Task=2285 Local_nx=1
Task=2286 Local_nx=1
Task=2287 Local_nx=1
Task=2288 Local_nx=1
Task=2289 Local_nx=1
Task=2290 Local_nx=1
Task=2291 Local_nx=1
Task=2292 Local_nx=1
Task=2293 Local_nx=1
Task=2294 Local_nx=1
Task=2295 Local_nx=1
Task=2296 Local_nx=1
Task=2297 Local_nx=1
Task=2298 Local_nx=1
Task=2299 Local_nx=1
Task=2300 Local_nx=1
Task=2301 Local_nx=1
Task=2302 Local_nx=1
Task=2303 Local_nx=1
Task=2304 Local_nx=1
Task=2305 Local_nx=1
Task=2306 Local_nx=1
Task=2307 Local_nx=1
Task=2308 Local_nx=1
Task=2309 Local_nx=1
Task=2310 Local_nx=1
Task=2311 Local_nx=1
Task=2312 Local_nx=1
Task=2313 Local_nx=1
Task=2314 Local_nx=1
Task=2315 Local_nx=1
Task=2316 Local_nx=1
Task=2317 Local_nx=1
Task=2318 Local_nx=1
Task=2319 Local_nx=1
Task=2320 Local_nx=1
Task=2321 Local_nx=1
Task=2322 Local_nx=1
Task=2323 Local_nx=1
Task=2324 Local_nx=1
Task=2325 Local_nx=1
Task=2326 Local_nx=1
Task=2327 Local_nx=1
Task=2328 Local_nx=1
Task=2329 Local_nx=1
Task=2330 Local_nx=1
Task=2331 Local_nx=1
Task=2332 Local_nx=1
Task=2333 Local_nx=1
Task=2334 Local_nx=1
Task=2335 Local_nx=1
Task=2336 Local_nx=1
Task=2337 Local_nx=1
Task=2338 Local_nx=1
Task=2339 Local_nx=1
Task=2340 Local_nx=1
Task=2341 Local_nx=1
Task=2342 Local_nx=1
Task=2343 Local_nx=1
Task=2344 Local_nx=1
Task=2345 Local_nx=1
Task=2346 Local_nx=1
Task=2347 Local_nx=1
Task=2348 Local_nx=1
Task=2349 Local_nx=1
Task=2350 Local_nx=1
Task=2351 Local_nx=1
Task=2352 Local_nx=1
Task=2353 Local_nx=1
Task=2354 Local_nx=1
Task=2355 Local_nx=1
Task=2356 Local_nx=1
Task=2357 Local_nx=1
Task=2358 Local_nx=1
Task=2359 Local_nx=1
Task=2360 Local_nx=1
Task=2361 Local_nx=1
Task=2362 Local_nx=1
Task=2363 Local_nx=1
Task=2364 Local_nx=1
Task=2365 Local_nx=1
Task=2366 Local_nx=1
Task=2367 Local_nx=1
Task=2368 Local_nx=1
Task=2369 Local_nx=1
Task=2370 Local_nx=1
Task=2371 Local_nx=1
Task=2372 Local_nx=1
Task=2373 Local_nx=1
Task=2374 Local_nx=1
Task=2375 Local_nx=1
Task=2376 Local_nx=1
Task=2377 Local_nx=1
Task=2378 Local_nx=1
Task=2379 Local_nx=1
Task=2380 Local_nx=1
Task=2381 Local_nx=1
Task=2382 Local_nx=1
Task=2383 Local_nx=1
Task=2384 Local_nx=1
Task=2385 Local_nx=1
Task=2386 Local_nx=1
Task=2387 Local_nx=1
Task=2388 Local_nx=1
Task=2389 Local_nx=1
Task=2390 Local_nx=1
Task=2391 Local_nx=1
Task=2392 Local_nx=1
Task=2393 Local_nx=1
Task=2394 Local_nx=1
Task=2395 Local_nx=1
Task=2396 Local_nx=1
Task=2397 Local_nx=1
Task=2398 Local_nx=1
Task=2399 Local_nx=1
Task=2400 Local_nx=1
Task=2401 Local_nx=1
Task=2402 Local_nx=1
Task=2403 Local_nx=1
Task=2404 Local_nx=1
Task=2405 Local_nx=1
Task=2406 Local_nx=1
Task=2407 Local_nx=1
Task=2408 Local_nx=1
Task=2409 Local_nx=1
Task=2410 Local_nx=1
Task=2411 Local_nx=1
Task=2412 Local_nx=1
Task=2413 Local_nx=1
Task=2414 Local_nx=1
Task=2415 Local_nx=1
Task=2416 Local_nx=1
Task=2417 Local_nx=1
Task=2418 Local_nx=1
Task=2419 Local_nx=1
Task=2420 Local_nx=1
Task=2421 Local_nx=1
Task=2422 Local_nx=1
Task=2423 Local_nx=1
Task=2424 Local_nx=1
Task=2425 Local_nx=1
Task=2426 Local_nx=1
Task=2427 Local_nx=1
Task=2428 Local_nx=1
Task=2429 Local_nx=1
Task=2430 Local_nx=1
Task=2431 Local_nx=1
Task=2432 Local_nx=1
Task=2433 Local_nx=1
Task=2434 Local_nx=1
Task=2435 Local_nx=1
Task=2436 Local_nx=1
Task=2437 Local_nx=1
Task=2438 Local_nx=1
Task=2439 Local_nx=1
Task=2440 Local_nx=1
Task=2441 Local_nx=1
Task=2442 Local_nx=1
Task=2443 Local_nx=1
Task=2444 Local_nx=1
Task=2445 Local_nx=1
Task=2446 Local_nx=1
Task=2447 Local_nx=1
Task=2448 Local_nx=1
Task=2449 Local_nx=1
Task=2450 Local_nx=1
Task=2451 Local_nx=1
Task=2452 Local_nx=1
Task=2453 Local_nx=1
Task=2454 Local_nx=1
Task=2455 Local_nx=1
Task=2456 Local_nx=1
Task=2457 Local_nx=1
Task=2458 Local_nx=1
Task=2459 Local_nx=1
Task=2460 Local_nx=1
Task=2461 Local_nx=1
Task=2462 Local_nx=1
Task=2463 Local_nx=1
Task=2464 Local_nx=1
Task=2465 Local_nx=1
Task=2466 Local_nx=1
Task=2467 Local_nx=1
Task=2468 Local_nx=1
Task=2469 Local_nx=1
Task=2470 Local_nx=1
Task=2471 Local_nx=1
Task=2472 Local_nx=1
Task=2473 Local_nx=1
Task=2474 Local_nx=1
Task=2475 Local_nx=1
Task=2476 Local_nx=1
Task=2477 Local_nx=1
Task=2478 Local_nx=1
Task=2479 Local_nx=1
Task=2480 Local_nx=1
Task=2481 Local_nx=1
Task=2482 Local_nx=1
Task=2483 Local_nx=1
Task=2484 Local_nx=1
Task=2485 Local_nx=1
Task=2486 Local_nx=1
Task=2487 Local_nx=1
Task=2488 Local_nx=1
Task=2489 Local_nx=1
Task=2490 Local_nx=1
Task=2491 Local_nx=1
Task=2492 Local_nx=1
Task=2493 Local_nx=1
Task=2494 Local_nx=1
Task=2495 Local_nx=1
Task=2496 Local_nx=1
Task=2497 Local_nx=1
Task=2498 Local_nx=1
Task=2499 Local_nx=1
Task=2500 Local_nx=1
Task=2501 Local_nx=1
Task=2502 Local_nx=1
Task=2503 Local_nx=1
Task=2504 Local_nx=1
Task=2505 Local_nx=1
Task=2506 Local_nx=1
Task=2507 Local_nx=1
Task=2508 Local_nx=1
Task=2509 Local_nx=1
Task=2510 Local_nx=1
Task=2511 Local_nx=1
Task=2512 Local_nx=1
Task=2513 Local_nx=1
Task=2514 Local_nx=1
Task=2515 Local_nx=1
Task=2516 Local_nx=1
Task=2517 Local_nx=1
Task=2518 Local_nx=1
Task=2519 Local_nx=1
Task=2520 Local_nx=1
Task=2521 Local_nx=1
Task=2522 Local_nx=1
Task=2523 Local_nx=1
Task=2524 Local_nx=1
Task=2525 Local_nx=1
Task=2526 Local_nx=1
Task=2527 Local_nx=1
Task=2528 Local_nx=1
Task=2529 Local_nx=1
Task=2530 Local_nx=1
Task=2531 Local_nx=1
Task=2532 Local_nx=1
Task=2533 Local_nx=1
Task=2534 Local_nx=1
Task=2535 Local_nx=1
Task=2536 Local_nx=1
Task=2537 Local_nx=1
Task=2538 Local_nx=1
Task=2539 Local_nx=1
Task=2540 Local_nx=1
Task=2541 Local_nx=1
Task=2542 Local_nx=1
Task=2543 Local_nx=1
Task=2544 Local_nx=1
Task=2545 Local_nx=1
Task=2546 Local_nx=1
Task=2547 Local_nx=1
Task=2548 Local_nx=1
Task=2549 Local_nx=1
Task=2550 Local_nx=1
Task=2551 Local_nx=1
Task=2552 Local_nx=1
Task=2553 Local_nx=1
Task=2554 Local_nx=1
Task=2555 Local_nx=1
Task=2556 Local_nx=1
Task=2557 Local_nx=1
Task=2558 Local_nx=1
Task=2559 Local_nx=1
Task=2560 Local_nx=1
Task=2561 Local_nx=1
Task=2562 Local_nx=1
Task=2563 Local_nx=1
Task=2564 Local_nx=1
Task=2565 Local_nx=1
Task=2566 Local_nx=1
Task=2567 Local_nx=1
Task=2568 Local_nx=1
Task=2569 Local_nx=1
Task=2570 Local_nx=1
Task=2571 Local_nx=1
Task=2572 Local_nx=1
Task=2573 Local_nx=1
Task=2574 Local_nx=1
Task=2575 Local_nx=1
Task=2576 Local_nx=1
Task=2577 Local_nx=1
Task=2578 Local_nx=1
Task=2579 Local_nx=1
Task=2580 Local_nx=1
Task=2581 Local_nx=1
Task=2582 Local_nx=1
Task=2583 Local_nx=1
Task=2584 Local_nx=1
Task=2585 Local_nx=1
Task=2586 Local_nx=1
Task=2587 Local_nx=1
Task=2588 Local_nx=1
Task=2589 Local_nx=1
Task=2590 Local_nx=1
Task=2591 Local_nx=1
Task=2592 Local_nx=1
Task=2593 Local_nx=1
Task=2594 Local_nx=1
Task=2595 Local_nx=1
Task=2596 Local_nx=1
Task=2597 Local_nx=1
Task=2598 Local_nx=1
Task=2599 Local_nx=1
Task=2600 Local_nx=1
Task=2601 Local_nx=1
Task=2602 Local_nx=1
Task=2603 Local_nx=1
Task=2604 Local_nx=1
Task=2605 Local_nx=1
Task=2606 Local_nx=1
Task=2607 Local_nx=1
Task=2608 Local_nx=1
Task=2609 Local_nx=1
Task=2610 Local_nx=1
Task=2611 Local_nx=1
Task=2612 Local_nx=1
Task=2613 Local_nx=1
Task=2614 Local_nx=1
Task=2615 Local_nx=1
Task=2616 Local_nx=1
Task=2617 Local_nx=1
Task=2618 Local_nx=1
Task=2619 Local_nx=1
Task=2620 Local_nx=1
Task=2621 Local_nx=1
Task=2622 Local_nx=1
Task=2623 Local_nx=1
Task=2624 Local_nx=1
Task=2625 Local_nx=1
Task=2626 Local_nx=1
Task=2627 Local_nx=1
Task=2628 Local_nx=1
Task=2629 Local_nx=1
Task=2630 Local_nx=1
Task=2631 Local_nx=1
Task=2632 Local_nx=1
Task=2633 Local_nx=1
Task=2634 Local_nx=1
Task=2635 Local_nx=1
Task=2636 Local_nx=1
Task=2637 Local_nx=1
Task=2638 Local_nx=1
Task=2639 Local_nx=1
Task=2640 Local_nx=1
Task=2641 Local_nx=1
Task=2642 Local_nx=1
Task=2643 Local_nx=1
Task=2644 Local_nx=1
Task=2645 Local_nx=1
Task=2646 Local_nx=1
Task=2647 Local_nx=1
Task=2648 Local_nx=1
Task=2649 Local_nx=1
Task=2650 Local_nx=1
Task=2651 Local_nx=1
Task=2652 Local_nx=1
Task=2653 Local_nx=1
Task=2654 Local_nx=1
Task=2655 Local_nx=1
Task=2656 Local_nx=1
Task=2657 Local_nx=1
Task=2658 Local_nx=1
Task=2659 Local_nx=1
Task=2660 Local_nx=1
Task=2661 Local_nx=1
Task=2662 Local_nx=1
Task=2663 Local_nx=1
Task=2664 Local_nx=1
Task=2665 Local_nx=1
Task=2666 Local_nx=1
Task=2667 Local_nx=1
Task=2668 Local_nx=1
Task=2669 Local_nx=1
Task=2670 Local_nx=1
Task=2671 Local_nx=1
Task=2672 Local_nx=1
Task=2673 Local_nx=1
Task=2674 Local_nx=1
Task=2675 Local_nx=1
Task=2676 Local_nx=1
Task=2677 Local_nx=1
Task=2678 Local_nx=1
Task=2679 Local_nx=1
Task=2680 Local_nx=1
Task=2681 Local_nx=1
Task=2682 Local_nx=1
Task=2683 Local_nx=1
Task=2684 Local_nx=1
Task=2685 Local_nx=1
Task=2686 Local_nx=1
Task=2687 Local_nx=1
Task=2688 Local_nx=1
Task=2689 Local_nx=1
Task=2690 Local_nx=1
Task=2691 Local_nx=1
Task=2692 Local_nx=1
Task=2693 Local_nx=1
Task=2694 Local_nx=1
Task=2695 Local_nx=1
Task=2696 Local_nx=1
Task=2697 Local_nx=1
Task=2698 Local_nx=1
Task=2699 Local_nx=1
Task=2700 Local_nx=1
Task=2701 Local_nx=1
Task=2702 Local_nx=1
Task=2703 Local_nx=1
Task=2704 Local_nx=1
Task=2705 Local_nx=1
Task=2706 Local_nx=1
Task=2707 Local_nx=1
Task=2708 Local_nx=1
Task=2709 Local_nx=1
Task=2710 Local_nx=1
Task=2711 Local_nx=1
Task=2712 Local_nx=1
Task=2713 Local_nx=1
Task=2714 Local_nx=1
Task=2715 Local_nx=1
Task=2716 Local_nx=1
Task=2717 Local_nx=1
Task=2718 Local_nx=1
Task=2719 Local_nx=1
Task=2720 Local_nx=1
Task=2721 Local_nx=1
Task=2722 Local_nx=1
Task=2723 Local_nx=1
Task=2724 Local_nx=1
Task=2725 Local_nx=1
Task=2726 Local_nx=1
Task=2727 Local_nx=1
Task=2728 Local_nx=1
Task=2729 Local_nx=1
Task=2730 Local_nx=1
Task=2731 Local_nx=1
Task=2732 Local_nx=1
Task=2733 Local_nx=1
Task=2734 Local_nx=1
Task=2735 Local_nx=1
Task=2736 Local_nx=1
Task=2737 Local_nx=1
Task=2738 Local_nx=1
Task=2739 Local_nx=1
Task=2740 Local_nx=1
Task=2741 Local_nx=1
Task=2742 Local_nx=1
Task=2743 Local_nx=1
Task=2744 Local_nx=1
Task=2745 Local_nx=1
Task=2746 Local_nx=1
Task=2747 Local_nx=1
Task=2748 Local_nx=1
Task=2749 Local_nx=1
Task=2750 Local_nx=1
Task=2751 Local_nx=1
Task=2752 Local_nx=1
Task=2753 Local_nx=1
Task=2754 Local_nx=1
Task=2755 Local_nx=1
Task=2756 Local_nx=1
Task=2757 Local_nx=1
Task=2758 Local_nx=1
Task=2759 Local_nx=1
Task=2760 Local_nx=1
Task=2761 Local_nx=1
Task=2762 Local_nx=1
Task=2763 Local_nx=1
Task=2764 Local_nx=1
Task=2765 Local_nx=1
Task=2766 Local_nx=1
Task=2767 Local_nx=1
Task=2768 Local_nx=1
Task=2769 Local_nx=1
Task=2770 Local_nx=1
Task=2771 Local_nx=1
Task=2772 Local_nx=1
Task=2773 Local_nx=1
Task=2774 Local_nx=1
Task=2775 Local_nx=1
Task=2776 Local_nx=1
Task=2777 Local_nx=1
Task=2778 Local_nx=1
Task=2779 Local_nx=1
Task=2780 Local_nx=1
Task=2781 Local_nx=1
Task=2782 Local_nx=1
Task=2783 Local_nx=1
Task=2784 Local_nx=1
Task=2785 Local_nx=1
Task=2786 Local_nx=1
Task=2787 Local_nx=1
Task=2788 Local_nx=1
Task=2789 Local_nx=1
Task=2790 Local_nx=1
Task=2791 Local_nx=1
Task=2792 Local_nx=1
Task=2793 Local_nx=1
Task=2794 Local_nx=1
Task=2795 Local_nx=1
Task=2796 Local_nx=1
Task=2797 Local_nx=1
Task=2798 Local_nx=1
Task=2799 Local_nx=1
Task=2800 Local_nx=1
Task=2801 Local_nx=1
Task=2802 Local_nx=1
Task=2803 Local_nx=1
Task=2804 Local_nx=1
Task=2805 Local_nx=1
Task=2806 Local_nx=1
Task=2807 Local_nx=1
Task=2808 Local_nx=1
Task=2809 Local_nx=1
Task=2810 Local_nx=1
Task=2811 Local_nx=1
Task=2812 Local_nx=1
Task=2813 Local_nx=1
Task=2814 Local_nx=1
Task=2815 Local_nx=1
Task=2816 Local_nx=1
Task=2817 Local_nx=1
Task=2818 Local_nx=1
Task=2819 Local_nx=1
Task=2820 Local_nx=1
Task=2821 Local_nx=1
Task=2822 Local_nx=1
Task=2823 Local_nx=1
Task=2824 Local_nx=1
Task=2825 Local_nx=1
Task=2826 Local_nx=1
Task=2827 Local_nx=1
Task=2828 Local_nx=1
Task=2829 Local_nx=1
Task=2830 Local_nx=1
Task=2831 Local_nx=1
Task=2832 Local_nx=1
Task=2833 Local_nx=1
Task=2834 Local_nx=1
Task=2835 Local_nx=1
Task=2836 Local_nx=1
Task=2837 Local_nx=1
Task=2838 Local_nx=1
Task=2839 Local_nx=1
Task=2840 Local_nx=1
Task=2841 Local_nx=1
Task=2842 Local_nx=1
Task=2843 Local_nx=1
Task=2844 Local_nx=1
Task=2845 Local_nx=1
Task=2846 Local_nx=1
Task=2847 Local_nx=1
Task=2848 Local_nx=1
Task=2849 Local_nx=1
Task=2850 Local_nx=1
Task=2851 Local_nx=1
Task=2852 Local_nx=1
Task=2853 Local_nx=1
Task=2854 Local_nx=1
Task=2855 Local_nx=1
Task=2856 Local_nx=1
Task=2857 Local_nx=1
Task=2858 Local_nx=1
Task=2859 Local_nx=1
Task=2860 Local_nx=1
Task=2861 Local_nx=1
Task=2862 Local_nx=1
Task=2863 Local_nx=1
Task=2864 Local_nx=1
Task=2865 Local_nx=1
Task=2866 Local_nx=1
Task=2867 Local_nx=1
Task=2868 Local_nx=1
Task=2869 Local_nx=1
Task=2870 Local_nx=1
Task=2871 Local_nx=1
Task=2872 Local_nx=1
Task=2873 Local_nx=1
Task=2874 Local_nx=1
Task=2875 Local_nx=1
Task=2876 Local_nx=1
Task=2877 Local_nx=1
Task=2878 Local_nx=1
Task=2879 Local_nx=1
Task=2880 Local_nx=1
Task=2881 Local_nx=1
Task=2882 Local_nx=1
Task=2883 Local_nx=1
Task=2884 Local_nx=1
Task=2885 Local_nx=1
Task=2886 Local_nx=1
Task=2887 Local_nx=1
Task=2888 Local_nx=1
Task=2889 Local_nx=1
Task=2890 Local_nx=1
Task=2891 Local_nx=1
Task=2892 Local_nx=1
Task=2893 Local_nx=1
Task=2894 Local_nx=1
Task=2895 Local_nx=1
Task=2896 Local_nx=1
Task=2897 Local_nx=1
Task=2898 Local_nx=1
Task=2899 Local_nx=1
Task=2900 Local_nx=1
Task=2901 Local_nx=1
Task=2902 Local_nx=1
Task=2903 Local_nx=1
Task=2904 Local_nx=1
Task=2905 Local_nx=1
Task=2906 Local_nx=1
Task=2907 Local_nx=1
Task=2908 Local_nx=1
Task=2909 Local_nx=1
Task=2910 Local_nx=1
Task=2911 Local_nx=1
Task=2912 Local_nx=1
Task=2913 Local_nx=1
Task=2914 Local_nx=1
Task=2915 Local_nx=1
Task=2916 Local_nx=1
Task=2917 Local_nx=1
Task=2918 Local_nx=1
Task=2919 Local_nx=1
Task=2920 Local_nx=1
Task=2921 Local_nx=1
Task=2922 Local_nx=1
Task=2923 Local_nx=1
Task=2924 Local_nx=1
Task=2925 Local_nx=1
Task=2926 Local_nx=1
Task=2927 Local_nx=1
Task=2928 Local_nx=1
Task=2929 Local_nx=1
Task=2930 Local_nx=1
Task=2931 Local_nx=1
Task=2932 Local_nx=1
Task=2933 Local_nx=1
Task=2934 Local_nx=1
Task=2935 Local_nx=1
Task=2936 Local_nx=1
Task=2937 Local_nx=1
Task=2938 Local_nx=1
Task=2939 Local_nx=1
Task=2940 Local_nx=1
Task=2941 Local_nx=1
Task=2942 Local_nx=1
Task=2943 Local_nx=1
Task=2944 Local_nx=1
Task=2945 Local_nx=1
Task=2946 Local_nx=1
Task=2947 Local_nx=1
Task=2948 Local_nx=1
Task=2949 Local_nx=1
Task=2950 Local_nx=1
Task=2951 Local_nx=1
Task=2952 Local_nx=1
Task=2953 Local_nx=1
Task=2954 Local_nx=1
Task=2955 Local_nx=1
Task=2956 Local_nx=1
Task=2957 Local_nx=1
Task=2958 Local_nx=1
Task=2959 Local_nx=1
Task=2960 Local_nx=1
Task=2961 Local_nx=1
Task=2962 Local_nx=1
Task=2963 Local_nx=1
Task=2964 Local_nx=1
Task=2965 Local_nx=1
Task=2966 Local_nx=1
Task=2967 Local_nx=1
Task=2968 Local_nx=1
Task=2969 Local_nx=1
Task=2970 Local_nx=1
Task=2971 Local_nx=1
Task=2972 Local_nx=1
Task=2973 Local_nx=1
Task=2974 Local_nx=1
Task=2975 Local_nx=1
Task=2976 Local_nx=1
Task=2977 Local_nx=1
Task=2978 Local_nx=1
Task=2979 Local_nx=1
Task=2980 Local_nx=1
Task=2981 Local_nx=1
Task=2982 Local_nx=1
Task=2983 Local_nx=1
Task=2984 Local_nx=1
Task=2985 Local_nx=1
Task=2986 Local_nx=1
Task=2987 Local_nx=1
Task=2988 Local_nx=1
Task=2989 Local_nx=1
Task=2990 Local_nx=1
Task=2991 Local_nx=1
Task=2992 Local_nx=1
Task=2993 Local_nx=1
Task=2994 Local_nx=1
Task=2995 Local_nx=1
Task=2996 Local_nx=1
Task=2997 Local_nx=1
Task=2998 Local_nx=1
Task=2999 Local_nx=1
Task=3000 Local_nx=1
Task=3001 Local_nx=1
Task=3002 Local_nx=1
Task=3003 Local_nx=1
Task=3004 Local_nx=1
Task=3005 Local_nx=1
Task=3006 Local_nx=1
Task=3007 Local_nx=1
Task=3008 Local_nx=1
Task=3009 Local_nx=1
Task=3010 Local_nx=1
Task=3011 Local_nx=1
Task=3012 Local_nx=1
Task=3013 Local_nx=1
Task=3014 Local_nx=1
Task=3015 Local_nx=1
Task=3016 Local_nx=1
Task=3017 Local_nx=1
Task=3018 Local_nx=1
Task=3019 Local_nx=1
Task=3020 Local_nx=1
Task=3021 Local_nx=1
Task=3022 Local_nx=1
Task=3023 Local_nx=1
Task=3024 Local_nx=1
Task=3025 Local_nx=1
Task=3026 Local_nx=1
Task=3027 Local_nx=1
Task=3028 Local_nx=1
Task=3029 Local_nx=1
Task=3030 Local_nx=1
Task=3031 Local_nx=1
Task=3032 Local_nx=1
Task=3033 Local_nx=1
Task=3034 Local_nx=1
Task=3035 Local_nx=1
Task=3036 Local_nx=1
Task=3037 Local_nx=1
Task=3038 Local_nx=1
Task=3039 Local_nx=1
Task=3040 Local_nx=1
Task=3041 Local_nx=1
Task=3042 Local_nx=1
Task=3043 Local_nx=1
Task=3044 Local_nx=1
Task=3045 Local_nx=1
Task=3046 Local_nx=1
Task=3047 Local_nx=1
Task=3048 Local_nx=1
Task=3049 Local_nx=1
Task=3050 Local_nx=1
Task=3051 Local_nx=1
Task=3052 Local_nx=1
Task=3053 Local_nx=1
Task=3054 Local_nx=1
Task=3055 Local_nx=1
Task=3056 Local_nx=1
Task=3057 Local_nx=1
Task=3058 Local_nx=1
Task=3059 Local_nx=1
Task=3060 Local_nx=1
Task=3061 Local_nx=1
Task=3062 Local_nx=1
Task=3063 Local_nx=1
Task=3064 Local_nx=1
Task=3065 Local_nx=1
Task=3066 Local_nx=1
Task=3067 Local_nx=1
Task=3068 Local_nx=1
Task=3069 Local_nx=1
Task=3070 Local_nx=1
Task=3071 Local_nx=1
Task=3072 Local_nx=1
Task=3073 Local_nx=1
Task=3074 Local_nx=1
Task=3075 Local_nx=1
Task=3076 Local_nx=1
Task=3077 Local_nx=1
Task=3078 Local_nx=1
Task=3079 Local_nx=1
Task=3080 Local_nx=1
Task=3081 Local_nx=1
Task=3082 Local_nx=1
Task=3083 Local_nx=1
Task=3084 Local_nx=1
Task=3085 Local_nx=1
Task=3086 Local_nx=1
Task=3087 Local_nx=1
Task=3088 Local_nx=1
Task=3089 Local_nx=1
Task=3090 Local_nx=1
Task=3091 Local_nx=1
Task=3092 Local_nx=1
Task=3093 Local_nx=1
Task=3094 Local_nx=1
Task=3095 Local_nx=1
Task=3096 Local_nx=1
Task=3097 Local_nx=1
Task=3098 Local_nx=1
Task=3099 Local_nx=1
Task=3100 Local_nx=1
Task=3101 Local_nx=1
Task=3102 Local_nx=1
Task=3103 Local_nx=1
Task=3104 Local_nx=1
Task=3105 Local_nx=1
Task=3106 Local_nx=1
Task=3107 Local_nx=1
Task=3108 Local_nx=1
Task=3109 Local_nx=1
Task=3110 Local_nx=1
Task=3111 Local_nx=1
Task=3112 Local_nx=1
Task=3113 Local_nx=1
Task=3114 Local_nx=1
Task=3115 Local_nx=1
Task=3116 Local_nx=1
Task=3117 Local_nx=1
Task=3118 Local_nx=1
Task=3119 Local_nx=1
Task=3120 Local_nx=1
Task=3121 Local_nx=1
Task=3122 Local_nx=1
Task=3123 Local_nx=1
Task=3124 Local_nx=1
Task=3125 Local_nx=1
Task=3126 Local_nx=1
Task=3127 Local_nx=1
Task=3128 Local_nx=1
Task=3129 Local_nx=1
Task=3130 Local_nx=1
Task=3131 Local_nx=1
Task=3132 Local_nx=1
Task=3133 Local_nx=1
Task=3134 Local_nx=1
Task=3135 Local_nx=1
Task=3136 Local_nx=1
Task=3137 Local_nx=1
Task=3138 Local_nx=1
Task=3139 Local_nx=1
Task=3140 Local_nx=1
Task=3141 Local_nx=1
Task=3142 Local_nx=1
Task=3143 Local_nx=1
Task=3144 Local_nx=1
Task=3145 Local_nx=1
Task=3146 Local_nx=1
Task=3147 Local_nx=1
Task=3148 Local_nx=1
Task=3149 Local_nx=1
Task=3150 Local_nx=1
Task=3151 Local_nx=1
Task=3152 Local_nx=1
Task=3153 Local_nx=1
Task=3154 Local_nx=1
Task=3155 Local_nx=1
Task=3156 Local_nx=1
Task=3157 Local_nx=1
Task=3158 Local_nx=1
Task=3159 Local_nx=1
Task=3160 Local_nx=1
Task=3161 Local_nx=1
Task=3162 Local_nx=1
Task=3163 Local_nx=1
Task=3164 Local_nx=1
Task=3165 Local_nx=1
Task=3166 Local_nx=1
Task=3167 Local_nx=1
Task=3168 Local_nx=1
Task=3169 Local_nx=1
Task=3170 Local_nx=1
Task=3171 Local_nx=1
Task=3172 Local_nx=1
Task=3173 Local_nx=1
Task=3174 Local_nx=1
Task=3175 Local_nx=1
Task=3176 Local_nx=1
Task=3177 Local_nx=1
Task=3178 Local_nx=1
Task=3179 Local_nx=1
Task=3180 Local_nx=1
Task=3181 Local_nx=1
Task=3182 Local_nx=1
Task=3183 Local_nx=1
Task=3184 Local_nx=1
Task=3185 Local_nx=1
Task=3186 Local_nx=1
Task=3187 Local_nx=1
Task=3188 Local_nx=1
Task=3189 Local_nx=1
Task=3190 Local_nx=1
Task=3191 Local_nx=1
Task=3192 Local_nx=1
Task=3193 Local_nx=1
Task=3194 Local_nx=1
Task=3195 Local_nx=1
Task=3196 Local_nx=1
Task=3197 Local_nx=1
Task=3198 Local_nx=1
Task=3199 Local_nx=1
Task=3200 Local_nx=1
Task=3201 Local_nx=1
Task=3202 Local_nx=1
Task=3203 Local_nx=1
Task=3204 Local_nx=1
Task=3205 Local_nx=1
Task=3206 Local_nx=1
Task=3207 Local_nx=1
Task=3208 Local_nx=1
Task=3209 Local_nx=1
Task=3210 Local_nx=1
Task=3211 Local_nx=1
Task=3212 Local_nx=1
Task=3213 Local_nx=1
Task=3214 Local_nx=1
Task=3215 Local_nx=1
Task=3216 Local_nx=1
Task=3217 Local_nx=1
Task=3218 Local_nx=1
Task=3219 Local_nx=1
Task=3220 Local_nx=1
Task=3221 Local_nx=1
Task=3222 Local_nx=1
Task=3223 Local_nx=1
Task=3224 Local_nx=1
Task=3225 Local_nx=1
Task=3226 Local_nx=1
Task=3227 Local_nx=1
Task=3228 Local_nx=1
Task=3229 Local_nx=1
Task=3230 Local_nx=1
Task=3231 Local_nx=1
Task=3232 Local_nx=1
Task=3233 Local_nx=1
Task=3234 Local_nx=1
Task=3235 Local_nx=1
Task=3236 Local_nx=1
Task=3237 Local_nx=1
Task=3238 Local_nx=1
Task=3239 Local_nx=1
Task=3240 Local_nx=1
Task=3241 Local_nx=1
Task=3242 Local_nx=1
Task=3243 Local_nx=1
Task=3244 Local_nx=1
Task=3245 Local_nx=1
Task=3246 Local_nx=1
Task=3247 Local_nx=1
Task=3248 Local_nx=1
Task=3249 Local_nx=1
Task=3250 Local_nx=1
Task=3251 Local_nx=1
Task=3252 Local_nx=1
Task=3253 Local_nx=1
Task=3254 Local_nx=1
Task=3255 Local_nx=1
Task=3256 Local_nx=1
Task=3257 Local_nx=1
Task=3258 Local_nx=1
Task=3259 Local_nx=1
Task=3260 Local_nx=1
Task=3261 Local_nx=1
Task=3262 Local_nx=1
Task=3263 Local_nx=1
Task=3264 Local_nx=1
Task=3265 Local_nx=1
Task=3266 Local_nx=1
Task=3267 Local_nx=1
Task=3268 Local_nx=1
Task=3269 Local_nx=1
Task=3270 Local_nx=1
Task=3271 Local_nx=1
Task=3272 Local_nx=1
Task=3273 Local_nx=1
Task=3274 Local_nx=1
Task=3275 Local_nx=1
Task=3276 Local_nx=1
Task=3277 Local_nx=1
Task=3278 Local_nx=1
Task=3279 Local_nx=1
Task=3280 Local_nx=1
Task=3281 Local_nx=1
Task=3282 Local_nx=1
Task=3283 Local_nx=1
Task=3284 Local_nx=1
Task=3285 Local_nx=1
Task=3286 Local_nx=1
Task=3287 Local_nx=1
Task=3288 Local_nx=1
Task=3289 Local_nx=1
Task=3290 Local_nx=1
Task=3291 Local_nx=1
Task=3292 Local_nx=1
Task=3293 Local_nx=1
Task=3294 Local_nx=1
Task=3295 Local_nx=1
Task=3296 Local_nx=1
Task=3297 Local_nx=1
Task=3298 Local_nx=1
Task=3299 Local_nx=1
Task=3300 Local_nx=1
Task=3301 Local_nx=1
Task=3302 Local_nx=1
Task=3303 Local_nx=1
Task=3304 Local_nx=1
Task=3305 Local_nx=1
Task=3306 Local_nx=1
Task=3307 Local_nx=1
Task=3308 Local_nx=1
Task=3309 Local_nx=1
Task=3310 Local_nx=1
Task=3311 Local_nx=1
Task=3312 Local_nx=1
Task=3313 Local_nx=1
Task=3314 Local_nx=1
Task=3315 Local_nx=1
Task=3316 Local_nx=1
Task=3317 Local_nx=1
Task=3318 Local_nx=1
Task=3319 Local_nx=1
Task=3320 Local_nx=1
Task=3321 Local_nx=1
Task=3322 Local_nx=1
Task=3323 Local_nx=1
Task=3324 Local_nx=1
Task=3325 Local_nx=1
Task=3326 Local_nx=1
Task=3327 Local_nx=1
Task=3328 Local_nx=1
Task=3329 Local_nx=1
Task=3330 Local_nx=1
Task=3331 Local_nx=1
Task=3332 Local_nx=1
Task=3333 Local_nx=1
Task=3334 Local_nx=1
Task=3335 Local_nx=1
Task=3336 Local_nx=1
Task=3337 Local_nx=1
Task=3338 Local_nx=1
Task=3339 Local_nx=1
Task=3340 Local_nx=1
Task=3341 Local_nx=1
Task=3342 Local_nx=1
Task=3343 Local_nx=1
Task=3344 Local_nx=1
Task=3345 Local_nx=1
Task=3346 Local_nx=1
Task=3347 Local_nx=1
Task=3348 Local_nx=1
Task=3349 Local_nx=1
Task=3350 Local_nx=1
Task=3351 Local_nx=1
Task=3352 Local_nx=1
Task=3353 Local_nx=1
Task=3354 Local_nx=1
Task=3355 Local_nx=1
Task=3356 Local_nx=1
Task=3357 Local_nx=1
Task=3358 Local_nx=1
Task=3359 Local_nx=1
Task=3360 Local_nx=1
Task=3361 Local_nx=1
Task=3362 Local_nx=1
Task=3363 Local_nx=1
Task=3364 Local_nx=1
Task=3365 Local_nx=1
Task=3366 Local_nx=1
Task=3367 Local_nx=1
Task=3368 Local_nx=1
Task=3369 Local_nx=1
Task=3370 Local_nx=1
Task=3371 Local_nx=1
Task=3372 Local_nx=1
Task=3373 Local_nx=1
Task=3374 Local_nx=1
Task=3375 Local_nx=1
Task=3376 Local_nx=1
Task=3377 Local_nx=1
Task=3378 Local_nx=1
Task=3379 Local_nx=1
Task=3380 Local_nx=1
Task=3381 Local_nx=1
Task=3382 Local_nx=1
Task=3383 Local_nx=1
Task=3384 Local_nx=1
Task=3385 Local_nx=1
Task=3386 Local_nx=1
Task=3387 Local_nx=1
Task=3388 Local_nx=1
Task=3389 Local_nx=1
Task=3390 Local_nx=1
Task=3391 Local_nx=1
Task=3392 Local_nx=1
Task=3393 Local_nx=1
Task=3394 Local_nx=1
Task=3395 Local_nx=1
Task=3396 Local_nx=1
Task=3397 Local_nx=1
Task=3398 Local_nx=1
Task=3399 Local_nx=1
Task=3400 Local_nx=1
Task=3401 Local_nx=1
Task=3402 Local_nx=1
Task=3403 Local_nx=1
Task=3404 Local_nx=1
Task=3405 Local_nx=1
Task=3406 Local_nx=1
Task=3407 Local_nx=1
Task=3408 Local_nx=1
Task=3409 Local_nx=1
Task=3410 Local_nx=1
Task=3411 Local_nx=1
Task=3412 Local_nx=1
Task=3413 Local_nx=1
Task=3414 Local_nx=1
Task=3415 Local_nx=1
Task=3416 Local_nx=1
Task=3417 Local_nx=1
Task=3418 Local_nx=1
Task=3419 Local_nx=1
Task=3420 Local_nx=1
Task=3421 Local_nx=1
Task=3422 Local_nx=1
Task=3423 Local_nx=1
Task=3424 Local_nx=1
Task=3425 Local_nx=1
Task=3426 Local_nx=1
Task=3427 Local_nx=1
Task=3428 Local_nx=1
Task=3429 Local_nx=1
Task=3430 Local_nx=1
Task=3431 Local_nx=1
Task=3432 Local_nx=1
Task=3433 Local_nx=1
Task=3434 Local_nx=1
Task=3435 Local_nx=1
Task=3436 Local_nx=1
Task=3437 Local_nx=1
Task=3438 Local_nx=1
Task=3439 Local_nx=1
Task=3440 Local_nx=1
Task=3441 Local_nx=1
Task=3442 Local_nx=1
Task=3443 Local_nx=1
Task=3444 Local_nx=1
Task=3445 Local_nx=1
Task=3446 Local_nx=1
Task=3447 Local_nx=1
Task=3448 Local_nx=1
Task=3449 Local_nx=1
Task=3450 Local_nx=1
Task=3451 Local_nx=1
Task=3452 Local_nx=1
Task=3453 Local_nx=1
Task=3454 Local_nx=1
Task=3455 Local_nx=1
Task=3456 Local_nx=1
Task=3457 Local_nx=1
Task=3458 Local_nx=1
Task=3459 Local_nx=1
Task=3460 Local_nx=1
Task=3461 Local_nx=1
Task=3462 Local_nx=1
Task=3463 Local_nx=1
Task=3464 Local_nx=1
Task=3465 Local_nx=1
Task=3466 Local_nx=1
Task=3467 Local_nx=1
Task=3468 Local_nx=1
Task=3469 Local_nx=1
Task=3470 Local_nx=1
Task=3471 Local_nx=1
Task=3472 Local_nx=1
Task=3473 Local_nx=1
Task=3474 Local_nx=1
Task=3475 Local_nx=1
Task=3476 Local_nx=1
Task=3477 Local_nx=1
Task=3478 Local_nx=1
Task=3479 Local_nx=1
Task=3480 Local_nx=1
Task=3481 Local_nx=1
Task=3482 Local_nx=1
Task=3483 Local_nx=1
Task=3484 Local_nx=1
Task=3485 Local_nx=1
Task=3486 Local_nx=1
Task=3487 Local_nx=1
Task=3488 Local_nx=1
Task=3489 Local_nx=1
Task=3490 Local_nx=1
Task=3491 Local_nx=1
Task=3492 Local_nx=1
Task=3493 Local_nx=1
Task=3494 Local_nx=1
Task=3495 Local_nx=1
Task=3496 Local_nx=1
Task=3497 Local_nx=1
Task=3498 Local_nx=1
Task=3499 Local_nx=1
Task=3500 Local_nx=1
Task=3501 Local_nx=1
Task=3502 Local_nx=1
Task=3503 Local_nx=1
Task=3504 Local_nx=1
Task=3505 Local_nx=1
Task=3506 Local_nx=1
Task=3507 Local_nx=1
Task=3508 Local_nx=1
Task=3509 Local_nx=1
Task=3510 Local_nx=1
Task=3511 Local_nx=1
Task=3512 Local_nx=1
Task=3513 Local_nx=1
Task=3514 Local_nx=1
Task=3515 Local_nx=1
Task=3516 Local_nx=1
Task=3517 Local_nx=1
Task=3518 Local_nx=1
Task=3519 Local_nx=1
Task=3520 Local_nx=1
Task=3521 Local_nx=1
Task=3522 Local_nx=1
Task=3523 Local_nx=1
Task=3524 Local_nx=1
Task=3525 Local_nx=1
Task=3526 Local_nx=1
Task=3527 Local_nx=1
Task=3528 Local_nx=1
Task=3529 Local_nx=1
Task=3530 Local_nx=1
Task=3531 Local_nx=1
Task=3532 Local_nx=1
Task=3533 Local_nx=1
Task=3534 Local_nx=1
Task=3535 Local_nx=1
Task=3536 Local_nx=1
Task=3537 Local_nx=1
Task=3538 Local_nx=1
Task=3539 Local_nx=1
Task=3540 Local_nx=1
Task=3541 Local_nx=1
Task=3542 Local_nx=1
Task=3543 Local_nx=1
Task=3544 Local_nx=1
Task=3545 Local_nx=1
Task=3546 Local_nx=1
Task=3547 Local_nx=1
Task=3548 Local_nx=1
Task=3549 Local_nx=1
Task=3550 Local_nx=1
Task=3551 Local_nx=1
Task=3552 Local_nx=1
Task=3553 Local_nx=1
Task=3554 Local_nx=1
Task=3555 Local_nx=1
Task=3556 Local_nx=1
Task=3557 Local_nx=1
Task=3558 Local_nx=1
Task=3559 Local_nx=1
Task=3560 Local_nx=1
Task=3561 Local_nx=1
Task=3562 Local_nx=1
Task=3563 Local_nx=1
Task=3564 Local_nx=1
Task=3565 Local_nx=1
Task=3566 Local_nx=1
Task=3567 Local_nx=1
Task=3568 Local_nx=1
Task=3569 Local_nx=1
Task=3570 Local_nx=1
Task=3571 Local_nx=1
Task=3572 Local_nx=1
Task=3573 Local_nx=1
Task=3574 Local_nx=1
Task=3575 Local_nx=1
Task=3576 Local_nx=1
Task=3577 Local_nx=1
Task=3578 Local_nx=1
Task=3579 Local_nx=1
Task=3580 Local_nx=1
Task=3581 Local_nx=1
Task=3582 Local_nx=1
Task=3583 Local_nx=1
Task=3584 Local_nx=1
Task=3585 Local_nx=1
Task=3586 Local_nx=1
Task=3587 Local_nx=1
Task=3588 Local_nx=1
Task=3589 Local_nx=1
Task=3590 Local_nx=1
Task=3591 Local_nx=1
Task=3592 Local_nx=1
Task=3593 Local_nx=1
Task=3594 Local_nx=1
Task=3595 Local_nx=1
Task=3596 Local_nx=1
Task=3597 Local_nx=1
Task=3598 Local_nx=1
Task=3599 Local_nx=1
Task=3600 Local_nx=1
Task=3601 Local_nx=1
Task=3602 Local_nx=1
Task=3603 Local_nx=1
Task=3604 Local_nx=1
Task=3605 Local_nx=1
Task=3606 Local_nx=1
Task=3607 Local_nx=1
Task=3608 Local_nx=1
Task=3609 Local_nx=1
Task=3610 Local_nx=1
Task=3611 Local_nx=1
Task=3612 Local_nx=1
Task=3613 Local_nx=1
Task=3614 Local_nx=1
Task=3615 Local_nx=1
Task=3616 Local_nx=1
Task=3617 Local_nx=1
Task=3618 Local_nx=1
Task=3619 Local_nx=1
Task=3620 Local_nx=1
Task=3621 Local_nx=1
Task=3622 Local_nx=1
Task=3623 Local_nx=1
Task=3624 Local_nx=1
Task=3625 Local_nx=1
Task=3626 Local_nx=1
Task=3627 Local_nx=1
Task=3628 Local_nx=1
Task=3629 Local_nx=1
Task=3630 Local_nx=1
Task=3631 Local_nx=1
Task=3632 Local_nx=1
Task=3633 Local_nx=1
Task=3634 Local_nx=1
Task=3635 Local_nx=1
Task=3636 Local_nx=1
Task=3637 Local_nx=1
Task=3638 Local_nx=1
Task=3639 Local_nx=1
Task=3640 Local_nx=1
Task=3641 Local_nx=1
Task=3642 Local_nx=1
Task=3643 Local_nx=1
Task=3644 Local_nx=1
Task=3645 Local_nx=1
Task=3646 Local_nx=1
Task=3647 Local_nx=1
Task=3648 Local_nx=1
Task=3649 Local_nx=1
Task=3650 Local_nx=1
Task=3651 Local_nx=1
Task=3652 Local_nx=1
Task=3653 Local_nx=1
Task=3654 Local_nx=1
Task=3655 Local_nx=1
Task=3656 Local_nx=1
Task=3657 Local_nx=1
Task=3658 Local_nx=1
Task=3659 Local_nx=1
Task=3660 Local_nx=1
Task=3661 Local_nx=1
Task=3662 Local_nx=1
Task=3663 Local_nx=1
Task=3664 Local_nx=1
Task=3665 Local_nx=1
Task=3666 Local_nx=1
Task=3667 Local_nx=1
Task=3668 Local_nx=1
Task=3669 Local_nx=1
Task=3670 Local_nx=1
Task=3671 Local_nx=1
Task=3672 Local_nx=1
Task=3673 Local_nx=1
Task=3674 Local_nx=1
Task=3675 Local_nx=1
Task=3676 Local_nx=1
Task=3677 Local_nx=1
Task=3678 Local_nx=1
Task=3679 Local_nx=1
Task=3680 Local_nx=1
Task=3681 Local_nx=1
Task=3682 Local_nx=1
Task=3683 Local_nx=1
Task=3684 Local_nx=1
Task=3685 Local_nx=1
Task=3686 Local_nx=1
Task=3687 Local_nx=1
Task=3688 Local_nx=1
Task=3689 Local_nx=1
Task=3690 Local_nx=1
Task=3691 Local_nx=1
Task=3692 Local_nx=1
Task=3693 Local_nx=1
Task=3694 Local_nx=1
Task=3695 Local_nx=1
Task=3696 Local_nx=1
Task=3697 Local_nx=1
Task=3698 Local_nx=1
Task=3699 Local_nx=1
Task=3700 Local_nx=1
Task=3701 Local_nx=1
Task=3702 Local_nx=1
Task=3703 Local_nx=1
Task=3704 Local_nx=1
Task=3705 Local_nx=1
Task=3706 Local_nx=1
Task=3707 Local_nx=1
Task=3708 Local_nx=1
Task=3709 Local_nx=1
Task=3710 Local_nx=1
Task=3711 Local_nx=1
Task=3712 Local_nx=1
Task=3713 Local_nx=1
Task=3714 Local_nx=1
Task=3715 Local_nx=1
Task=3716 Local_nx=1
Task=3717 Local_nx=1
Task=3718 Local_nx=1
Task=3719 Local_nx=1
Task=3720 Local_nx=1
Task=3721 Local_nx=1
Task=3722 Local_nx=1
Task=3723 Local_nx=1
Task=3724 Local_nx=1
Task=3725 Local_nx=1
Task=3726 Local_nx=1
Task=3727 Local_nx=1
Task=3728 Local_nx=1
Task=3729 Local_nx=1
Task=3730 Local_nx=1
Task=3731 Local_nx=1
Task=3732 Local_nx=1
Task=3733 Local_nx=1
Task=3734 Local_nx=1
Task=3735 Local_nx=1
Task=3736 Local_nx=1
Task=3737 Local_nx=1
Task=3738 Local_nx=1
Task=3739 Local_nx=1
Task=3740 Local_nx=1
Task=3741 Local_nx=1
Task=3742 Local_nx=1
Task=3743 Local_nx=1
Task=3744 Local_nx=1
Task=3745 Local_nx=1
Task=3746 Local_nx=1
Task=3747 Local_nx=1
Task=3748 Local_nx=1
Task=3749 Local_nx=1
Task=3750 Local_nx=1
Task=3751 Local_nx=1
Task=3752 Local_nx=1
Task=3753 Local_nx=1
Task=3754 Local_nx=1
Task=3755 Local_nx=1
Task=3756 Local_nx=1
Task=3757 Local_nx=1
Task=3758 Local_nx=1
Task=3759 Local_nx=1
Task=3760 Local_nx=1
Task=3761 Local_nx=1
Task=3762 Local_nx=1
Task=3763 Local_nx=1
Task=3764 Local_nx=1
Task=3765 Local_nx=1
Task=3766 Local_nx=1
Task=3767 Local_nx=1
Task=3768 Local_nx=1
Task=3769 Local_nx=1
Task=3770 Local_nx=1
Task=3771 Local_nx=1
Task=3772 Local_nx=1
Task=3773 Local_nx=1
Task=3774 Local_nx=1
Task=3775 Local_nx=1
Task=3776 Local_nx=1
Task=3777 Local_nx=1
Task=3778 Local_nx=1
Task=3779 Local_nx=1
Task=3780 Local_nx=1
Task=3781 Local_nx=1
Task=3782 Local_nx=1
Task=3783 Local_nx=1
Task=3784 Local_nx=1
Task=3785 Local_nx=1
Task=3786 Local_nx=1
Task=3787 Local_nx=1
Task=3788 Local_nx=1
Task=3789 Local_nx=1
Task=3790 Local_nx=1
Task=3791 Local_nx=1
Task=3792 Local_nx=1
Task=3793 Local_nx=1
Task=3794 Local_nx=1
Task=3795 Local_nx=1
Task=3796 Local_nx=1
Task=3797 Local_nx=1
Task=3798 Local_nx=1
Task=3799 Local_nx=1
Task=3800 Local_nx=1
Task=3801 Local_nx=1
Task=3802 Local_nx=1
Task=3803 Local_nx=1
Task=3804 Local_nx=1
Task=3805 Local_nx=1
Task=3806 Local_nx=1
Task=3807 Local_nx=1
Task=3808 Local_nx=1
Task=3809 Local_nx=1
Task=3810 Local_nx=1
Task=3811 Local_nx=1
Task=3812 Local_nx=1
Task=3813 Local_nx=1
Task=3814 Local_nx=1
Task=3815 Local_nx=1
Task=3816 Local_nx=1
Task=3817 Local_nx=1
Task=3818 Local_nx=1
Task=3819 Local_nx=1
Task=3820 Local_nx=1
Task=3821 Local_nx=1
Task=3822 Local_nx=1
Task=3823 Local_nx=1
Task=3824 Local_nx=1
Task=3825 Local_nx=1
Task=3826 Local_nx=1
Task=3827 Local_nx=1
Task=3828 Local_nx=1
Task=3829 Local_nx=1
Task=3830 Local_nx=1
Task=3831 Local_nx=1
Task=3832 Local_nx=1
Task=3833 Local_nx=1
Task=3834 Local_nx=1
Task=3835 Local_nx=1
Task=3836 Local_nx=1
Task=3837 Local_nx=1
Task=3838 Local_nx=1
Task=3839 Local_nx=1
Task=3840 Local_nx=1
Task=3841 Local_nx=1
Task=3842 Local_nx=1
Task=3843 Local_nx=1
Task=3844 Local_nx=1
Task=3845 Local_nx=1
Task=3846 Local_nx=1
Task=3847 Local_nx=1
Task=3848 Local_nx=1
Task=3849 Local_nx=1
Task=3850 Local_nx=1
Task=3851 Local_nx=1
Task=3852 Local_nx=1
Task=3853 Local_nx=1
Task=3854 Local_nx=1
Task=3855 Local_nx=1
Task=3856 Local_nx=1
Task=3857 Local_nx=1
Task=3858 Local_nx=1
Task=3859 Local_nx=1
Task=3860 Local_nx=1
Task=3861 Local_nx=1
Task=3862 Local_nx=1
Task=3863 Local_nx=1
Task=3864 Local_nx=1
Task=3865 Local_nx=1
Task=3866 Local_nx=1
Task=3867 Local_nx=1
Task=3868 Local_nx=1
Task=3869 Local_nx=1
Task=3870 Local_nx=1
Task=3871 Local_nx=1
Task=3872 Local_nx=1
Task=3873 Local_nx=1
Task=3874 Local_nx=1
Task=3875 Local_nx=1
Task=3876 Local_nx=1
Task=3877 Local_nx=1
Task=3878 Local_nx=1
Task=3879 Local_nx=1
Task=3880 Local_nx=1
Task=3881 Local_nx=1
Task=3882 Local_nx=1
Task=3883 Local_nx=1
Task=3884 Local_nx=1
Task=3885 Local_nx=1
Task=3886 Local_nx=1
Task=3887 Local_nx=1
Task=3888 Local_nx=1
Task=3889 Local_nx=1
Task=3890 Local_nx=1
Task=3891 Local_nx=1
Task=3892 Local_nx=1
Task=3893 Local_nx=1
Task=3894 Local_nx=1
Task=3895 Local_nx=1
Task=3896 Local_nx=1
Task=3897 Local_nx=1
Task=3898 Local_nx=1
Task=3899 Local_nx=1
Task=3900 Local_nx=1
Task=3901 Local_nx=1
Task=3902 Local_nx=1
Task=3903 Local_nx=1
Task=3904 Local_nx=1
Task=3905 Local_nx=1
Task=3906 Local_nx=1
Task=3907 Local_nx=1
Task=3908 Local_nx=1
Task=3909 Local_nx=1
Task=3910 Local_nx=1
Task=3911 Local_nx=1
Task=3912 Local_nx=1
Task=3913 Local_nx=1
Task=3914 Local_nx=1
Task=3915 Local_nx=1
Task=3916 Local_nx=1
Task=3917 Local_nx=1
Task=3918 Local_nx=1
Task=3919 Local_nx=1
Task=3920 Local_nx=1
Task=3921 Local_nx=1
Task=3922 Local_nx=1
Task=3923 Local_nx=1
Task=3924 Local_nx=1
Task=3925 Local_nx=1
Task=3926 Local_nx=1
Task=3927 Local_nx=1
Task=3928 Local_nx=1
Task=3929 Local_nx=1
Task=3930 Local_nx=1
Task=3931 Local_nx=1
Task=3932 Local_nx=1
Task=3933 Local_nx=1
Task=3934 Local_nx=1
Task=3935 Local_nx=1
Task=3936 Local_nx=1
Task=3937 Local_nx=1
Task=3938 Local_nx=1
Task=3939 Local_nx=1
Task=3940 Local_nx=1
Task=3941 Local_nx=1
Task=3942 Local_nx=1
Task=3943 Local_nx=1
Task=3944 Local_nx=1
Task=3945 Local_nx=1
Task=3946 Local_nx=1
Task=3947 Local_nx=1
Task=3948 Local_nx=1
Task=3949 Local_nx=1
Task=3950 Local_nx=1
Task=3951 Local_nx=1
Task=3952 Local_nx=1
Task=3953 Local_nx=1
Task=3954 Local_nx=1
Task=3955 Local_nx=1
Task=3956 Local_nx=1
Task=3957 Local_nx=1
Task=3958 Local_nx=1
Task=3959 Local_nx=1
Task=3960 Local_nx=1
Task=3961 Local_nx=1
Task=3962 Local_nx=1
Task=3963 Local_nx=1
Task=3964 Local_nx=1
Task=3965 Local_nx=1
Task=3966 Local_nx=1
Task=3967 Local_nx=1
Task=3968 Local_nx=1
Task=3969 Local_nx=1
Task=3970 Local_nx=1
Task=3971 Local_nx=1
Task=3972 Local_nx=1
Task=3973 Local_nx=1
Task=3974 Local_nx=1
Task=3975 Local_nx=1
Task=3976 Local_nx=1
Task=3977 Local_nx=1
Task=3978 Local_nx=1
Task=3979 Local_nx=1
Task=3980 Local_nx=1
Task=3981 Local_nx=1
Task=3982 Local_nx=1
Task=3983 Local_nx=1
Task=3984 Local_nx=1
Task=3985 Local_nx=1
Task=3986 Local_nx=1
Task=3987 Local_nx=1
Task=3988 Local_nx=1
Task=3989 Local_nx=1
Task=3990 Local_nx=1
Task=3991 Local_nx=1
Task=3992 Local_nx=1
Task=3993 Local_nx=1
Task=3994 Local_nx=1
Task=3995 Local_nx=1
Task=3996 Local_nx=1
Task=3997 Local_nx=1
Task=3998 Local_nx=1
Task=3999 Local_nx=1
Task=4000 Local_nx=1
Task=4001 Local_nx=1
Task=4002 Local_nx=1
Task=4003 Local_nx=1
Task=4004 Local_nx=1
Task=4005 Local_nx=1
Task=4006 Local_nx=1
Task=4007 Local_nx=1
Task=4008 Local_nx=1
Task=4009 Local_nx=1
Task=4010 Local_nx=1
Task=4011 Local_nx=1
Task=4012 Local_nx=1
Task=4013 Local_nx=1
Task=4014 Local_nx=1
Task=4015 Local_nx=1
Task=4016 Local_nx=1
Task=4017 Local_nx=1
Task=4018 Local_nx=1
Task=4019 Local_nx=1
Task=4020 Local_nx=1
Task=4021 Local_nx=1
Task=4022 Local_nx=1
Task=4023 Local_nx=1
Task=4024 Local_nx=1
Task=4025 Local_nx=1
Task=4026 Local_nx=1
Task=4027 Local_nx=1
Task=4028 Local_nx=1
Task=4029 Local_nx=1
Task=4030 Local_nx=1
Task=4031 Local_nx=1
Task=4032 Local_nx=1
Task=4033 Local_nx=1
Task=4034 Local_nx=1
Task=4035 Local_nx=1
Task=4036 Local_nx=1
Task=4037 Local_nx=1
Task=4038 Local_nx=1
Task=4039 Local_nx=1
Task=4040 Local_nx=1
Task=4041 Local_nx=1
Task=4042 Local_nx=1
Task=4043 Local_nx=1
Task=4044 Local_nx=1
Task=4045 Local_nx=1
Task=4046 Local_nx=1
Task=4047 Local_nx=1
Task=4048 Local_nx=1
Task=4049 Local_nx=1
Task=4050 Local_nx=1
Task=4051 Local_nx=1
Task=4052 Local_nx=1
Task=4053 Local_nx=1
Task=4054 Local_nx=1
Task=4055 Local_nx=1
Task=4056 Local_nx=1
Task=4057 Local_nx=1
Task=4058 Local_nx=1
Task=4059 Local_nx=1
Task=4060 Local_nx=1
Task=4061 Local_nx=1
Task=4062 Local_nx=1
Task=4063 Local_nx=1
Task=4064 Local_nx=1
Task=4065 Local_nx=1
Task=4066 Local_nx=1
Task=4067 Local_nx=1
Task=4068 Local_nx=1
Task=4069 Local_nx=1
Task=4070 Local_nx=1
Task=4071 Local_nx=1
Task=4072 Local_nx=1
Task=4073 Local_nx=1
Task=4074 Local_nx=1
Task=4075 Local_nx=1
Task=4076 Local_nx=1
Task=4077 Local_nx=1
Task=4078 Local_nx=1
Task=4079 Local_nx=1
Task=4080 Local_nx=1
Task=4081 Local_nx=1
Task=4082 Local_nx=1
Task=4083 Local_nx=1
Task=4084 Local_nx=1
Task=4085 Local_nx=1
Task=4086 Local_nx=1
Task=4087 Local_nx=1
Task=4088 Local_nx=1
Task=4089 Local_nx=1
Task=4090 Local_nx=1
Task=4091 Local_nx=1
Task=4092 Local_nx=1
Task=4093 Local_nx=1
Task=4094 Local_nx=1
Task=4095 Local_nx=1
Task=4096 Local_nx=1
Task=4097 Local_nx=1
Task=4098 Local_nx=1
Task=4099 Local_nx=1
Task=4100 Local_nx=1
Task=4101 Local_nx=1
Task=4102 Local_nx=1
Task=4103 Local_nx=1
Task=4104 Local_nx=1
Task=4105 Local_nx=1
Task=4106 Local_nx=1
Task=4107 Local_nx=1
Task=4108 Local_nx=1
Task=4109 Local_nx=1
Task=4110 Local_nx=1
Task=4111 Local_nx=1
Task=4112 Local_nx=1
Task=4113 Local_nx=1
Task=4114 Local_nx=1
Task=4115 Local_nx=1
Task=4116 Local_nx=1
Task=4117 Local_nx=1
Task=4118 Local_nx=1
Task=4119 Local_nx=1
Task=4120 Local_nx=1
Task=4121 Local_nx=1
Task=4122 Local_nx=1
Task=4123 Local_nx=1
Task=4124 Local_nx=1
Task=4125 Local_nx=1
Task=4126 Local_nx=1
Task=4127 Local_nx=1
Task=4128 Local_nx=1
Task=4129 Local_nx=1
Task=4130 Local_nx=1
Task=4131 Local_nx=1
Task=4132 Local_nx=1
Task=4133 Local_nx=1
Task=4134 Local_nx=1
Task=4135 Local_nx=1
Task=4136 Local_nx=1
Task=4137 Local_nx=1
Task=4138 Local_nx=1
Task=4139 Local_nx=1
Task=4140 Local_nx=1
Task=4141 Local_nx=1
Task=4142 Local_nx=1
Task=4143 Local_nx=1
Task=4144 Local_nx=1
Task=4145 Local_nx=1
Task=4146 Local_nx=1
Task=4147 Local_nx=1
Task=4148 Local_nx=1
Task=4149 Local_nx=1
Task=4150 Local_nx=1
Task=4151 Local_nx=1
Task=4152 Local_nx=1
Task=4153 Local_nx=1
Task=4154 Local_nx=1
Task=4155 Local_nx=1
Task=4156 Local_nx=1
Task=4157 Local_nx=1
Task=4158 Local_nx=1
Task=4159 Local_nx=1
Task=4160 Local_nx=1
Task=4161 Local_nx=1
Task=4162 Local_nx=1
Task=4163 Local_nx=1
Task=4164 Local_nx=1
Task=4165 Local_nx=1
Task=4166 Local_nx=1
Task=4167 Local_nx=1
Task=4168 Local_nx=1
Task=4169 Local_nx=1
Task=4170 Local_nx=1
Task=4171 Local_nx=1
Task=4172 Local_nx=1
Task=4173 Local_nx=1
Task=4174 Local_nx=1
Task=4175 Local_nx=1
Task=4176 Local_nx=1
Task=4177 Local_nx=1
Task=4178 Local_nx=1
Task=4179 Local_nx=1
Task=4180 Local_nx=1
Task=4181 Local_nx=1
Task=4182 Local_nx=1
Task=4183 Local_nx=1
Task=4184 Local_nx=1
Task=4185 Local_nx=1
Task=4186 Local_nx=1
Task=4187 Local_nx=1
Task=4188 Local_nx=1
Task=4189 Local_nx=1
Task=4190 Local_nx=1
Task=4191 Local_nx=1
Task=4192 Local_nx=1
Task=4193 Local_nx=1
Task=4194 Local_nx=1
Task=4195 Local_nx=1
Task=4196 Local_nx=1
Task=4197 Local_nx=1
Task=4198 Local_nx=1
Task=4199 Local_nx=1
Task=4200 Local_nx=1
Task=4201 Local_nx=1
Task=4202 Local_nx=1
Task=4203 Local_nx=1
Task=4204 Local_nx=1
Task=4205 Local_nx=1
Task=4206 Local_nx=1
Task=4207 Local_nx=1
Task=4208 Local_nx=1
Task=4209 Local_nx=1
Task=4210 Local_nx=1
Task=4211 Local_nx=1
Task=4212 Local_nx=1
Task=4213 Local_nx=1
Task=4214 Local_nx=1
Task=4215 Local_nx=1
Task=4216 Local_nx=1
Task=4217 Local_nx=1
Task=4218 Local_nx=1
Task=4219 Local_nx=1
Task=4220 Local_nx=1
Task=4221 Local_nx=1
Task=4222 Local_nx=1
Task=4223 Local_nx=1
Task=4224 Local_nx=1
Task=4225 Local_nx=1
Task=4226 Local_nx=1
Task=4227 Local_nx=1
Task=4228 Local_nx=1
Task=4229 Local_nx=1
Task=4230 Local_nx=1
Task=4231 Local_nx=1
Task=4232 Local_nx=1
Task=4233 Local_nx=1
Task=4234 Local_nx=1
Task=4235 Local_nx=1
Task=4236 Local_nx=1
Task=4237 Local_nx=1
Task=4238 Local_nx=1
Task=4239 Local_nx=1
Task=4240 Local_nx=1
Task=4241 Local_nx=1
Task=4242 Local_nx=1
Task=4243 Local_nx=1
Task=4244 Local_nx=1
Task=4245 Local_nx=1
Task=4246 Local_nx=1
Task=4247 Local_nx=1
Task=4248 Local_nx=1
Task=4249 Local_nx=1
Task=4250 Local_nx=1
Task=4251 Local_nx=1
Task=4252 Local_nx=1
Task=4253 Local_nx=1
Task=4254 Local_nx=1
Task=4255 Local_nx=1
Task=4256 Local_nx=1
Task=4257 Local_nx=1
Task=4258 Local_nx=1
Task=4259 Local_nx=1
Task=4260 Local_nx=1
Task=4261 Local_nx=1
Task=4262 Local_nx=1
Task=4263 Local_nx=1
Task=4264 Local_nx=1
Task=4265 Local_nx=1
Task=4266 Local_nx=1
Task=4267 Local_nx=1
Task=4268 Local_nx=1
Task=4269 Local_nx=1
Task=4270 Local_nx=1
Task=4271 Local_nx=1
Task=4272 Local_nx=1
Task=4273 Local_nx=1
Task=4274 Local_nx=1
Task=4275 Local_nx=1
Task=4276 Local_nx=1
Task=4277 Local_nx=1
Task=4278 Local_nx=1
Task=4279 Local_nx=1
Task=4280 Local_nx=1
Task=4281 Local_nx=1
Task=4282 Local_nx=1
Task=4283 Local_nx=1
Task=4284 Local_nx=1
Task=4285 Local_nx=1
Task=4286 Local_nx=1
Task=4287 Local_nx=1
Task=4288 Local_nx=1
Task=4289 Local_nx=1
Task=4290 Local_nx=1
Task=4291 Local_nx=1
Task=4292 Local_nx=1
Task=4293 Local_nx=1
Task=4294 Local_nx=1
Task=4295 Local_nx=1
Task=4296 Local_nx=1
Task=4297 Local_nx=1
Task=4298 Local_nx=1
Task=4299 Local_nx=1
Task=4300 Local_nx=1
Task=4301 Local_nx=1
Task=4302 Local_nx=1
Task=4303 Local_nx=1
Task=4304 Local_nx=1
Task=4305 Local_nx=1
Task=4306 Local_nx=1
Task=4307 Local_nx=1
Task=4308 Local_nx=1
Task=4309 Local_nx=1
Task=4310 Local_nx=1
Task=4311 Local_nx=1
Task=4312 Local_nx=1
Task=4313 Local_nx=1
Task=4314 Local_nx=1
Task=4315 Local_nx=1
Task=4316 Local_nx=1
Task=4317 Local_nx=1
Task=4318 Local_nx=1
Task=4319 Local_nx=1
Task=4320 Local_nx=1
Task=4321 Local_nx=1
Task=4322 Local_nx=1
Task=4323 Local_nx=1
Task=4324 Local_nx=1
Task=4325 Local_nx=1
Task=4326 Local_nx=1
Task=4327 Local_nx=1
Task=4328 Local_nx=1
Task=4329 Local_nx=1
Task=4330 Local_nx=1
Task=4331 Local_nx=1
Task=4332 Local_nx=1
Task=4333 Local_nx=1
Task=4334 Local_nx=1
Task=4335 Local_nx=1
Task=4336 Local_nx=1
Task=4337 Local_nx=1
Task=4338 Local_nx=1
Task=4339 Local_nx=1
Task=4340 Local_nx=1
Task=4341 Local_nx=1
Task=4342 Local_nx=1
Task=4343 Local_nx=1
Task=4344 Local_nx=1
Task=4345 Local_nx=1
Task=4346 Local_nx=1
Task=4347 Local_nx=1
Task=4348 Local_nx=1
Task=4349 Local_nx=1
Task=4350 Local_nx=1
Task=4351 Local_nx=1
Task=4352 Local_nx=1
Task=4353 Local_nx=1
Task=4354 Local_nx=1
Task=4355 Local_nx=1
Task=4356 Local_nx=1
Task=4357 Local_nx=1
Task=4358 Local_nx=1
Task=4359 Local_nx=1
Task=4360 Local_nx=1
Task=4361 Local_nx=1
Task=4362 Local_nx=1
Task=4363 Local_nx=1
Task=4364 Local_nx=1
Task=4365 Local_nx=1
Task=4366 Local_nx=1
Task=4367 Local_nx=1
Task=4368 Local_nx=1
Task=4369 Local_nx=1
Task=4370 Local_nx=1
Task=4371 Local_nx=1
Task=4372 Local_nx=1
Task=4373 Local_nx=1
Task=4374 Local_nx=1
Task=4375 Local_nx=1
Task=4376 Local_nx=1
Task=4377 Local_nx=1
Task=4378 Local_nx=1
Task=4379 Local_nx=1
Task=4380 Local_nx=1
Task=4381 Local_nx=1
Task=4382 Local_nx=1
Task=4383 Local_nx=1
Task=4384 Local_nx=1
Task=4385 Local_nx=1
Task=4386 Local_nx=1
Task=4387 Local_nx=1
Task=4388 Local_nx=1
Task=4389 Local_nx=1
Task=4390 Local_nx=1
Task=4391 Local_nx=1
Task=4392 Local_nx=1
Task=4393 Local_nx=1
Task=4394 Local_nx=1
Task=4395 Local_nx=1
Task=4396 Local_nx=1
Task=4397 Local_nx=1
Task=4398 Local_nx=1
Task=4399 Local_nx=1
Task=4400 Local_nx=1
Task=4401 Local_nx=1
Task=4402 Local_nx=1
Task=4403 Local_nx=1
Task=4404 Local_nx=1
Task=4405 Local_nx=1
Task=4406 Local_nx=1
Task=4407 Local_nx=1
Task=4408 Local_nx=1
Task=4409 Local_nx=1
Task=4410 Local_nx=1
Task=4411 Local_nx=1
Task=4412 Local_nx=1
Task=4413 Local_nx=1
Task=4414 Local_nx=1
Task=4415 Local_nx=1
Task=4416 Local_nx=1
Task=4417 Local_nx=1
Task=4418 Local_nx=1
Task=4419 Local_nx=1
Task=4420 Local_nx=1
Task=4421 Local_nx=1
Task=4422 Local_nx=1
Task=4423 Local_nx=1
Task=4424 Local_nx=1
Task=4425 Local_nx=1
Task=4426 Local_nx=1
Task=4427 Local_nx=1
Task=4428 Local_nx=1
Task=4429 Local_nx=1
Task=4430 Local_nx=1
Task=4431 Local_nx=1
Task=4432 Local_nx=1
Task=4433 Local_nx=1
Task=4434 Local_nx=1
Task=4435 Local_nx=1
Task=4436 Local_nx=1
Task=4437 Local_nx=1
Task=4438 Local_nx=1
Task=4439 Local_nx=1
Task=4440 Local_nx=1
Task=4441 Local_nx=1
Task=4442 Local_nx=1
Task=4443 Local_nx=1
Task=4444 Local_nx=1
Task=4445 Local_nx=1
Task=4446 Local_nx=1
Task=4447 Local_nx=1
Task=4448 Local_nx=1
Task=4449 Local_nx=1
Task=4450 Local_nx=1
Task=4451 Local_nx=1
Task=4452 Local_nx=1
Task=4453 Local_nx=1
Task=4454 Local_nx=1
Task=4455 Local_nx=1
Task=4456 Local_nx=1
Task=4457 Local_nx=1
Task=4458 Local_nx=1
Task=4459 Local_nx=1
Task=4460 Local_nx=1
Task=4461 Local_nx=1
Task=4462 Local_nx=1
Task=4463 Local_nx=1
Task=4464 Local_nx=1
Task=4465 Local_nx=1
Task=4466 Local_nx=1
Task=4467 Local_nx=1
Task=4468 Local_nx=1
Task=4469 Local_nx=1
Task=4470 Local_nx=1
Task=4471 Local_nx=1
Task=4472 Local_nx=1
Task=4473 Local_nx=1
Task=4474 Local_nx=1
Task=4475 Local_nx=1
Task=4476 Local_nx=1
Task=4477 Local_nx=1
Task=4478 Local_nx=1
Task=4479 Local_nx=1
Task=4480 Local_nx=1
Task=4481 Local_nx=1
Task=4482 Local_nx=1
Task=4483 Local_nx=1
Task=4484 Local_nx=1
Task=4485 Local_nx=1
Task=4486 Local_nx=1
Task=4487 Local_nx=1
Task=4488 Local_nx=1
Task=4489 Local_nx=1
Task=4490 Local_nx=1
Task=4491 Local_nx=1
Task=4492 Local_nx=1
Task=4493 Local_nx=1
Task=4494 Local_nx=1
Task=4495 Local_nx=1
Task=4496 Local_nx=1
Task=4497 Local_nx=1
Task=4498 Local_nx=1
Task=4499 Local_nx=1
Task=4500 Local_nx=1
Task=4501 Local_nx=1
Task=4502 Local_nx=1
Task=4503 Local_nx=1
Task=4504 Local_nx=1
Task=4505 Local_nx=1
Task=4506 Local_nx=1
Task=4507 Local_nx=1
Task=4508 Local_nx=1
Task=4509 Local_nx=1
Task=4510 Local_nx=1
Task=4511 Local_nx=1
Task=4512 Local_nx=1
Task=4513 Local_nx=1
Task=4514 Local_nx=1
Task=4515 Local_nx=1
Task=4516 Local_nx=1
Task=4517 Local_nx=1
Task=4518 Local_nx=1
Task=4519 Local_nx=1
Task=4520 Local_nx=1
Task=4521 Local_nx=1
Task=4522 Local_nx=1
Task=4523 Local_nx=1
Task=4524 Local_nx=1
Task=4525 Local_nx=1
Task=4526 Local_nx=1
Task=4527 Local_nx=1
Task=4528 Local_nx=1
Task=4529 Local_nx=1
Task=4530 Local_nx=1
Task=4531 Local_nx=1
Task=4532 Local_nx=1
Task=4533 Local_nx=1
Task=4534 Local_nx=1
Task=4535 Local_nx=1
Task=4536 Local_nx=1
Task=4537 Local_nx=1
Task=4538 Local_nx=1
Task=4539 Local_nx=1
Task=4540 Local_nx=1
Task=4541 Local_nx=1
Task=4542 Local_nx=1
Task=4543 Local_nx=1
Task=4544 Local_nx=1
Task=4545 Local_nx=1
Task=4546 Local_nx=1
Task=4547 Local_nx=1
Task=4548 Local_nx=1
Task=4549 Local_nx=1
Task=4550 Local_nx=1
Task=4551 Local_nx=1
Task=4552 Local_nx=1
Task=4553 Local_nx=1
Task=4554 Local_nx=1
Task=4555 Local_nx=1
Task=4556 Local_nx=1
Task=4557 Local_nx=1
Task=4558 Local_nx=1
Task=4559 Local_nx=1
Task=4560 Local_nx=1
Task=4561 Local_nx=1
Task=4562 Local_nx=1
Task=4563 Local_nx=1
Task=4564 Local_nx=1
Task=4565 Local_nx=1
Task=4566 Local_nx=1
Task=4567 Local_nx=1
Task=4568 Local_nx=1
Task=4569 Local_nx=1
Task=4570 Local_nx=1
Task=4571 Local_nx=1
Task=4572 Local_nx=1
Task=4573 Local_nx=1
Task=4574 Local_nx=1
Task=4575 Local_nx=1
Task=4576 Local_nx=1
Task=4577 Local_nx=1
Task=4578 Local_nx=1
Task=4579 Local_nx=1
Task=4580 Local_nx=1
Task=4581 Local_nx=1
Task=4582 Local_nx=1
Task=4583 Local_nx=1
Task=4584 Local_nx=1
Task=4585 Local_nx=1
Task=4586 Local_nx=1
Task=4587 Local_nx=1
Task=4588 Local_nx=1
Task=4589 Local_nx=1
Task=4590 Local_nx=1
Task=4591 Local_nx=1
Task=4592 Local_nx=1
Task=4593 Local_nx=1
Task=4594 Local_nx=1
Task=4595 Local_nx=1
Task=4596 Local_nx=1
Task=4597 Local_nx=1
Task=4598 Local_nx=1
Task=4599 Local_nx=1
Task=4600 Local_nx=1
Task=4601 Local_nx=1
Task=4602 Local_nx=1
Task=4603 Local_nx=1
Task=4604 Local_nx=1
Task=4605 Local_nx=1
Task=4606 Local_nx=1
Task=4607 Local_nx=1
Task=4608 Local_nx=1
Task=4609 Local_nx=1
Task=4610 Local_nx=1
Task=4611 Local_nx=1
Task=4612 Local_nx=1
Task=4613 Local_nx=1
Task=4614 Local_nx=1
Task=4615 Local_nx=1
Task=4616 Local_nx=1
Task=4617 Local_nx=1
Task=4618 Local_nx=1
Task=4619 Local_nx=1
Task=4620 Local_nx=1
Task=4621 Local_nx=1
Task=4622 Local_nx=1
Task=4623 Local_nx=1
Task=4624 Local_nx=1
Task=4625 Local_nx=1
Task=4626 Local_nx=1
Task=4627 Local_nx=1
Task=4628 Local_nx=1
Task=4629 Local_nx=1
Task=4630 Local_nx=1
Task=4631 Local_nx=1
Task=4632 Local_nx=1
Task=4633 Local_nx=1
Task=4634 Local_nx=1
Task=4635 Local_nx=1
Task=4636 Local_nx=1
Task=4637 Local_nx=1
Task=4638 Local_nx=1
Task=4639 Local_nx=1
Task=4640 Local_nx=1
Task=4641 Local_nx=1
Task=4642 Local_nx=1
Task=4643 Local_nx=1
Task=4644 Local_nx=1
Task=4645 Local_nx=1
Task=4646 Local_nx=1
Task=4647 Local_nx=1
Task=4648 Local_nx=1
Task=4649 Local_nx=1
Task=4650 Local_nx=1
Task=4651 Local_nx=1
Task=4652 Local_nx=1
Task=4653 Local_nx=1
Task=4654 Local_nx=1
Task=4655 Local_nx=1
Task=4656 Local_nx=1
Task=4657 Local_nx=1
Task=4658 Local_nx=1
Task=4659 Local_nx=1
Task=4660 Local_nx=1
Task=4661 Local_nx=1
Task=4662 Local_nx=1
Task=4663 Local_nx=1
Task=4664 Local_nx=1
Task=4665 Local_nx=1
Task=4666 Local_nx=1
Task=4667 Local_nx=1
Task=4668 Local_nx=1
Task=4669 Local_nx=1
Task=4670 Local_nx=1
Task=4671 Local_nx=1
Task=4672 Local_nx=1
Task=4673 Local_nx=1
Task=4674 Local_nx=1
Task=4675 Local_nx=1
Task=4676 Local_nx=1
Task=4677 Local_nx=1
Task=4678 Local_nx=1
Task=4679 Local_nx=1
Task=4680 Local_nx=1
Task=4681 Local_nx=1
Task=4682 Local_nx=1
Task=4683 Local_nx=1
Task=4684 Local_nx=1
Task=4685 Local_nx=1
Task=4686 Local_nx=1
Task=4687 Local_nx=1
Task=4688 Local_nx=1
Task=4689 Local_nx=1
Task=4690 Local_nx=1
Task=4691 Local_nx=1
Task=4692 Local_nx=1
Task=4693 Local_nx=1
Task=4694 Local_nx=1
Task=4695 Local_nx=1
Task=4696 Local_nx=1
Task=4697 Local_nx=1
Task=4698 Local_nx=1
Task=4699 Local_nx=1
Task=4700 Local_nx=1
Task=4701 Local_nx=1
Task=4702 Local_nx=1
Task=4703 Local_nx=1
Task=4704 Local_nx=1
Task=4705 Local_nx=1
Task=4706 Local_nx=1
Task=4707 Local_nx=1
Task=4708 Local_nx=1
Task=4709 Local_nx=1
Task=4710 Local_nx=1
Task=4711 Local_nx=1
Task=4712 Local_nx=1
Task=4713 Local_nx=1
Task=4714 Local_nx=1
Task=4715 Local_nx=1
Task=4716 Local_nx=1
Task=4717 Local_nx=1
Task=4718 Local_nx=1
Task=4719 Local_nx=1
Task=4720 Local_nx=1
Task=4721 Local_nx=1
Task=4722 Local_nx=1
Task=4723 Local_nx=1
Task=4724 Local_nx=1
Task=4725 Local_nx=1
Task=4726 Local_nx=1
Task=4727 Local_nx=1
Task=4728 Local_nx=1
Task=4729 Local_nx=1
Task=4730 Local_nx=1
Task=4731 Local_nx=1
Task=4732 Local_nx=1
Task=4733 Local_nx=1
Task=4734 Local_nx=1
Task=4735 Local_nx=1
Task=4736 Local_nx=1
Task=4737 Local_nx=1
Task=4738 Local_nx=1
Task=4739 Local_nx=1
Task=4740 Local_nx=1
Task=4741 Local_nx=1
Task=4742 Local_nx=1
Task=4743 Local_nx=1
Task=4744 Local_nx=1
Task=4745 Local_nx=1
Task=4746 Local_nx=1
Task=4747 Local_nx=1
Task=4748 Local_nx=1
Task=4749 Local_nx=1
Task=4750 Local_nx=1
Task=4751 Local_nx=1
Task=4752 Local_nx=1
Task=4753 Local_nx=1
Task=4754 Local_nx=1
Task=4755 Local_nx=1
Task=4756 Local_nx=1
Task=4757 Local_nx=1
Task=4758 Local_nx=1
Task=4759 Local_nx=1
Task=4760 Local_nx=1
Task=4761 Local_nx=1
Task=4762 Local_nx=1
Task=4763 Local_nx=1
Task=4764 Local_nx=1
Task=4765 Local_nx=1
Task=4766 Local_nx=1
Task=4767 Local_nx=1
Task=4768 Local_nx=1
Task=4769 Local_nx=1
Task=4770 Local_nx=1
Task=4771 Local_nx=1
Task=4772 Local_nx=1
Task=4773 Local_nx=1
Task=4774 Local_nx=1
Task=4775 Local_nx=1
Task=4776 Local_nx=1
Task=4777 Local_nx=1
Task=4778 Local_nx=1
Task=4779 Local_nx=1
Task=4780 Local_nx=1
Task=4781 Local_nx=1
Task=4782 Local_nx=1
Task=4783 Local_nx=1
Task=4784 Local_nx=1
Task=4785 Local_nx=1
Task=4786 Local_nx=1
Task=4787 Local_nx=1
Task=4788 Local_nx=1
Task=4789 Local_nx=1
Task=4790 Local_nx=1
Task=4791 Local_nx=1
Task=4792 Local_nx=1
Task=4793 Local_nx=1
Task=4794 Local_nx=1
Task=4795 Local_nx=1
Task=4796 Local_nx=1
Task=4797 Local_nx=1
Task=4798 Local_nx=1
Task=4799 Local_nx=1
Task=4800 Local_nx=1
Task=4801 Local_nx=1
Task=4802 Local_nx=1
Task=4803 Local_nx=1
Task=4804 Local_nx=1
Task=4805 Local_nx=1
Task=4806 Local_nx=1
Task=4807 Local_nx=1
Task=4808 Local_nx=1
Task=4809 Local_nx=1
Task=4810 Local_nx=1
Task=4811 Local_nx=1
Task=4812 Local_nx=1
Task=4813 Local_nx=1
Task=4814 Local_nx=1
Task=4815 Local_nx=1
Task=4816 Local_nx=1
Task=4817 Local_nx=1
Task=4818 Local_nx=1
Task=4819 Local_nx=1
Task=4820 Local_nx=1
Task=4821 Local_nx=1
Task=4822 Local_nx=1
Task=4823 Local_nx=1
Task=4824 Local_nx=1
Task=4825 Local_nx=1
Task=4826 Local_nx=1
Task=4827 Local_nx=1
Task=4828 Local_nx=1
Task=4829 Local_nx=1
Task=4830 Local_nx=1
Task=4831 Local_nx=1
Task=4832 Local_nx=1
Task=4833 Local_nx=1
Task=4834 Local_nx=1
Task=4835 Local_nx=1
Task=4836 Local_nx=1
Task=4837 Local_nx=1
Task=4838 Local_nx=1
Task=4839 Local_nx=1
Task=4840 Local_nx=1
Task=4841 Local_nx=1
Task=4842 Local_nx=1
Task=4843 Local_nx=1
Task=4844 Local_nx=1
Task=4845 Local_nx=1
Task=4846 Local_nx=1
Task=4847 Local_nx=1
Task=4848 Local_nx=1
Task=4849 Local_nx=1
Task=4850 Local_nx=1
Task=4851 Local_nx=1
Task=4852 Local_nx=1
Task=4853 Local_nx=1
Task=4854 Local_nx=1
Task=4855 Local_nx=1
Task=4856 Local_nx=1
Task=4857 Local_nx=1
Task=4858 Local_nx=1
Task=4859 Local_nx=1
Task=4860 Local_nx=1
Task=4861 Local_nx=1
Task=4862 Local_nx=1
Task=4863 Local_nx=1
Task=4864 Local_nx=1
Task=4865 Local_nx=1
Task=4866 Local_nx=1
Task=4867 Local_nx=1
Task=4868 Local_nx=1
Task=4869 Local_nx=1
Task=4870 Local_nx=1
Task=4871 Local_nx=1
Task=4872 Local_nx=1
Task=4873 Local_nx=1
Task=4874 Local_nx=1
Task=4875 Local_nx=1
Task=4876 Local_nx=1
Task=4877 Local_nx=1
Task=4878 Local_nx=1
Task=4879 Local_nx=1
Task=4880 Local_nx=1
Task=4881 Local_nx=1
Task=4882 Local_nx=1
Task=4883 Local_nx=1
Task=4884 Local_nx=1
Task=4885 Local_nx=1
Task=4886 Local_nx=1
Task=4887 Local_nx=1
Task=4888 Local_nx=1
Task=4889 Local_nx=1
Task=4890 Local_nx=1
Task=4891 Local_nx=1
Task=4892 Local_nx=1
Task=4893 Local_nx=1
Task=4894 Local_nx=1
Task=4895 Local_nx=1
Task=4896 Local_nx=1
Task=4897 Local_nx=1
Task=4898 Local_nx=1
Task=4899 Local_nx=1
Task=4900 Local_nx=1
Task=4901 Local_nx=1
Task=4902 Local_nx=1
Task=4903 Local_nx=1
Task=4904 Local_nx=1
Task=4905 Local_nx=1
Task=4906 Local_nx=1
Task=4907 Local_nx=1
Task=4908 Local_nx=1
Task=4909 Local_nx=1
Task=4910 Local_nx=1
Task=4911 Local_nx=1
Task=4912 Local_nx=1
Task=4913 Local_nx=1
Task=4914 Local_nx=1
Task=4915 Local_nx=1
Task=4916 Local_nx=1
Task=4917 Local_nx=1
Task=4918 Local_nx=1
Task=4919 Local_nx=1
Task=4920 Local_nx=1
Task=4921 Local_nx=1
Task=4922 Local_nx=1
Task=4923 Local_nx=1
Task=4924 Local_nx=1
Task=4925 Local_nx=1
Task=4926 Local_nx=1
Task=4927 Local_nx=1
Task=4928 Local_nx=1
Task=4929 Local_nx=1
Task=4930 Local_nx=1
Task=4931 Local_nx=1
Task=4932 Local_nx=1
Task=4933 Local_nx=1
Task=4934 Local_nx=1
Task=4935 Local_nx=1
Task=4936 Local_nx=1
Task=4937 Local_nx=1
Task=4938 Local_nx=1
Task=4939 Local_nx=1
Task=4940 Local_nx=1
Task=4941 Local_nx=1
Task=4942 Local_nx=1
Task=4943 Local_nx=1
Task=4944 Local_nx=1
Task=4945 Local_nx=1
Task=4946 Local_nx=1
Task=4947 Local_nx=1
Task=4948 Local_nx=1
Task=4949 Local_nx=1
Task=4950 Local_nx=1
Task=4951 Local_nx=1
Task=4952 Local_nx=1
Task=4953 Local_nx=1
Task=4954 Local_nx=1
Task=4955 Local_nx=1
Task=4956 Local_nx=1
Task=4957 Local_nx=1
Task=4958 Local_nx=1
Task=4959 Local_nx=1
Task=4960 Local_nx=1
Task=4961 Local_nx=1
Task=4962 Local_nx=1
Task=4963 Local_nx=1
Task=4964 Local_nx=1
Task=4965 Local_nx=1
Task=4966 Local_nx=1
Task=4967 Local_nx=1
Task=4968 Local_nx=1
Task=4969 Local_nx=1
Task=4970 Local_nx=1
Task=4971 Local_nx=1
Task=4972 Local_nx=1
Task=4973 Local_nx=1
Task=4974 Local_nx=1
Task=4975 Local_nx=1
Task=4976 Local_nx=1
Task=4977 Local_nx=1
Task=4978 Local_nx=1
Task=4979 Local_nx=1
Task=4980 Local_nx=1
Task=4981 Local_nx=1
Task=4982 Local_nx=1
Task=4983 Local_nx=1
Task=4984 Local_nx=1
Task=4985 Local_nx=1
Task=4986 Local_nx=1
Task=4987 Local_nx=1
Task=4988 Local_nx=1
Task=4989 Local_nx=1
Task=4990 Local_nx=1
Task=4991 Local_nx=1
Task=4992 Local_nx=1
Task=4993 Local_nx=1
Task=4994 Local_nx=1
Task=4995 Local_nx=1
Task=4996 Local_nx=1
Task=4997 Local_nx=1
Task=4998 Local_nx=1
Task=4999 Local_nx=1
Task=5000 Local_nx=1
Task=5001 Local_nx=1
Task=5002 Local_nx=1
Task=5003 Local_nx=1
Task=5004 Local_nx=1
Task=5005 Local_nx=1
Task=5006 Local_nx=1
Task=5007 Local_nx=1
Task=5008 Local_nx=1
Task=5009 Local_nx=1
Task=5010 Local_nx=1
Task=5011 Local_nx=1
Task=5012 Local_nx=1
Task=5013 Local_nx=1
Task=5014 Local_nx=1
Task=5015 Local_nx=1
Task=5016 Local_nx=1
Task=5017 Local_nx=1
Task=5018 Local_nx=1
Task=5019 Local_nx=1
Task=5020 Local_nx=1
Task=5021 Local_nx=1
Task=5022 Local_nx=1
Task=5023 Local_nx=1
Task=5024 Local_nx=1
Task=5025 Local_nx=1
Task=5026 Local_nx=1
Task=5027 Local_nx=1
Task=5028 Local_nx=1
Task=5029 Local_nx=1
Task=5030 Local_nx=1
Task=5031 Local_nx=1
Task=5032 Local_nx=1
Task=5033 Local_nx=1
Task=5034 Local_nx=1
Task=5035 Local_nx=1
Task=5036 Local_nx=1
Task=5037 Local_nx=1
Task=5038 Local_nx=1
Task=5039 Local_nx=1
Task=5040 Local_nx=1
Task=5041 Local_nx=1
Task=5042 Local_nx=1
Task=5043 Local_nx=1
Task=5044 Local_nx=1
Task=5045 Local_nx=1
Task=5046 Local_nx=1
Task=5047 Local_nx=1
Task=5048 Local_nx=1
Task=5049 Local_nx=1
Task=5050 Local_nx=1
Task=5051 Local_nx=1
Task=5052 Local_nx=1
Task=5053 Local_nx=1
Task=5054 Local_nx=1
Task=5055 Local_nx=1
Task=5056 Local_nx=1
Task=5057 Local_nx=1
Task=5058 Local_nx=1
Task=5059 Local_nx=1
Task=5060 Local_nx=1
Task=5061 Local_nx=1
Task=5062 Local_nx=1
Task=5063 Local_nx=1
Task=5064 Local_nx=1
Task=5065 Local_nx=1
Task=5066 Local_nx=1
Task=5067 Local_nx=1
Task=5068 Local_nx=1
Task=5069 Local_nx=1
Task=5070 Local_nx=1
Task=5071 Local_nx=1
Task=5072 Local_nx=1
Task=5073 Local_nx=1
Task=5074 Local_nx=1
Task=5075 Local_nx=1
Task=5076 Local_nx=1
Task=5077 Local_nx=1
Task=5078 Local_nx=1
Task=5079 Local_nx=1
Task=5080 Local_nx=1
Task=5081 Local_nx=1
Task=5082 Local_nx=1
Task=5083 Local_nx=1
Task=5084 Local_nx=1
Task=5085 Local_nx=1
Task=5086 Local_nx=1
Task=5087 Local_nx=1
Task=5088 Local_nx=1
Task=5089 Local_nx=1
Task=5090 Local_nx=1
Task=5091 Local_nx=1
Task=5092 Local_nx=1
Task=5093 Local_nx=1
Task=5094 Local_nx=1
Task=5095 Local_nx=1
Task=5096 Local_nx=1
Task=5097 Local_nx=1
Task=5098 Local_nx=1
Task=5099 Local_nx=1
Task=5100 Local_nx=1
Task=5101 Local_nx=1
Task=5102 Local_nx=1
Task=5103 Local_nx=1
Task=5104 Local_nx=1
Task=5105 Local_nx=1
Task=5106 Local_nx=1
Task=5107 Local_nx=1
Task=5108 Local_nx=1
Task=5109 Local_nx=1
Task=5110 Local_nx=1
Task=5111 Local_nx=1
Task=5112 Local_nx=1
Task=5113 Local_nx=1
Task=5114 Local_nx=1
Task=5115 Local_nx=1
Task=5116 Local_nx=1
Task=5117 Local_nx=1
Task=5118 Local_nx=1
Task=5119 Local_nx=1
Task=5120 Local_nx=1
Task=5121 Local_nx=1
Task=5122 Local_nx=1
Task=5123 Local_nx=1
Task=5124 Local_nx=1
Task=5125 Local_nx=1
Task=5126 Local_nx=1
Task=5127 Local_nx=1
Task=5128 Local_nx=1
Task=5129 Local_nx=1
Task=5130 Local_nx=1
Task=5131 Local_nx=1
Task=5132 Local_nx=1
Task=5133 Local_nx=1
Task=5134 Local_nx=1
Task=5135 Local_nx=1
Task=5136 Local_nx=1
Task=5137 Local_nx=1
Task=5138 Local_nx=1
Task=5139 Local_nx=1
Task=5140 Local_nx=1
Task=5141 Local_nx=1
Task=5142 Local_nx=1
Task=5143 Local_nx=1
Task=5144 Local_nx=1
Task=5145 Local_nx=1
Task=5146 Local_nx=1
Task=5147 Local_nx=1
Task=5148 Local_nx=1
Task=5149 Local_nx=1
Task=5150 Local_nx=1
Task=5151 Local_nx=1
Task=5152 Local_nx=1
Task=5153 Local_nx=1
Task=5154 Local_nx=1
Task=5155 Local_nx=1
Task=5156 Local_nx=1
Task=5157 Local_nx=1
Task=5158 Local_nx=1
Task=5159 Local_nx=1
Task=5160 Local_nx=1
Task=5161 Local_nx=1
Task=5162 Local_nx=1
Task=5163 Local_nx=1
Task=5164 Local_nx=1
Task=5165 Local_nx=1
Task=5166 Local_nx=1
Task=5167 Local_nx=1
Task=5168 Local_nx=1
Task=5169 Local_nx=1
Task=5170 Local_nx=1
Task=5171 Local_nx=1
Task=5172 Local_nx=1
Task=5173 Local_nx=1
Task=5174 Local_nx=1
Task=5175 Local_nx=1
Task=5176 Local_nx=1
Task=5177 Local_nx=1
Task=5178 Local_nx=1
Task=5179 Local_nx=1
Task=5180 Local_nx=1
Task=5181 Local_nx=1
Task=5182 Local_nx=1
Task=5183 Local_nx=1
Task=5184 Local_nx=1
Task=5185 Local_nx=1
Task=5186 Local_nx=1
Task=5187 Local_nx=1
Task=5188 Local_nx=1
Task=5189 Local_nx=1
Task=5190 Local_nx=1
Task=5191 Local_nx=1
Task=5192 Local_nx=1
Task=5193 Local_nx=1
Task=5194 Local_nx=1
Task=5195 Local_nx=1
Task=5196 Local_nx=1
Task=5197 Local_nx=1
Task=5198 Local_nx=1
Task=5199 Local_nx=1
Task=5200 Local_nx=1
Task=5201 Local_nx=1
Task=5202 Local_nx=1
Task=5203 Local_nx=1
Task=5204 Local_nx=1
Task=5205 Local_nx=1
Task=5206 Local_nx=1
Task=5207 Local_nx=1
Task=5208 Local_nx=1
Task=5209 Local_nx=1
Task=5210 Local_nx=1
Task=5211 Local_nx=1
Task=5212 Local_nx=1
Task=5213 Local_nx=1
Task=5214 Local_nx=1
Task=5215 Local_nx=1
Task=5216 Local_nx=1
Task=5217 Local_nx=1
Task=5218 Local_nx=1
Task=5219 Local_nx=1
Task=5220 Local_nx=1
Task=5221 Local_nx=1
Task=5222 Local_nx=1
Task=5223 Local_nx=1
Task=5224 Local_nx=1
Task=5225 Local_nx=1
Task=5226 Local_nx=1
Task=5227 Local_nx=1
Task=5228 Local_nx=1
Task=5229 Local_nx=1
Task=5230 Local_nx=1
Task=5231 Local_nx=1
Task=5232 Local_nx=1
Task=5233 Local_nx=1
Task=5234 Local_nx=1
Task=5235 Local_nx=1
Task=5236 Local_nx=1
Task=5237 Local_nx=1
Task=5238 Local_nx=1
Task=5239 Local_nx=1
Task=5240 Local_nx=1
Task=5241 Local_nx=1
Task=5242 Local_nx=1
Task=5243 Local_nx=1
Task=5244 Local_nx=1
Task=5245 Local_nx=1
Task=5246 Local_nx=1
Task=5247 Local_nx=1
Task=5248 Local_nx=1
Task=5249 Local_nx=1
Task=5250 Local_nx=1
Task=5251 Local_nx=1
Task=5252 Local_nx=1
Task=5253 Local_nx=1
Task=5254 Local_nx=1
Task=5255 Local_nx=1
Task=5256 Local_nx=1
Task=5257 Local_nx=1
Task=5258 Local_nx=1
Task=5259 Local_nx=1
Task=5260 Local_nx=1
Task=5261 Local_nx=1
Task=5262 Local_nx=1
Task=5263 Local_nx=1
Task=5264 Local_nx=1
Task=5265 Local_nx=1
Task=5266 Local_nx=1
Task=5267 Local_nx=1
Task=5268 Local_nx=1
Task=5269 Local_nx=1
Task=5270 Local_nx=1
Task=5271 Local_nx=1
Task=5272 Local_nx=1
Task=5273 Local_nx=1
Task=5274 Local_nx=1
Task=5275 Local_nx=1
Task=5276 Local_nx=1
Task=5277 Local_nx=1
Task=5278 Local_nx=1
Task=5279 Local_nx=1
Task=5280 Local_nx=1
Task=5281 Local_nx=1
Task=5282 Local_nx=1
Task=5283 Local_nx=1
Task=5284 Local_nx=1
Task=5285 Local_nx=1
Task=5286 Local_nx=1
Task=5287 Local_nx=1
Task=5288 Local_nx=1
Task=5289 Local_nx=1
Task=5290 Local_nx=1
Task=5291 Local_nx=1
Task=5292 Local_nx=1
Task=5293 Local_nx=1
Task=5294 Local_nx=1
Task=5295 Local_nx=1
Task=5296 Local_nx=1
Task=5297 Local_nx=1
Task=5298 Local_nx=1
Task=5299 Local_nx=1
Task=5300 Local_nx=1
Task=5301 Local_nx=1
Task=5302 Local_nx=1
Task=5303 Local_nx=1
Task=5304 Local_nx=1
Task=5305 Local_nx=1
Task=5306 Local_nx=1
Task=5307 Local_nx=1
Task=5308 Local_nx=1
Task=5309 Local_nx=1
Task=5310 Local_nx=1
Task=5311 Local_nx=1
Task=5312 Local_nx=1
Task=5313 Local_nx=1
Task=5314 Local_nx=1
Task=5315 Local_nx=1
Task=5316 Local_nx=1
Task=5317 Local_nx=1
Task=5318 Local_nx=1
Task=5319 Local_nx=1
Task=5320 Local_nx=1
Task=5321 Local_nx=1
Task=5322 Local_nx=1
Task=5323 Local_nx=1
Task=5324 Local_nx=1
Task=5325 Local_nx=1
Task=5326 Local_nx=1
Task=5327 Local_nx=1
Task=5328 Local_nx=1
Task=5329 Local_nx=1
Task=5330 Local_nx=1
Task=5331 Local_nx=1
Task=5332 Local_nx=1
Task=5333 Local_nx=1
Task=5334 Local_nx=1
Task=5335 Local_nx=1
Task=5336 Local_nx=1
Task=5337 Local_nx=1
Task=5338 Local_nx=1
Task=5339 Local_nx=1
Task=5340 Local_nx=1
Task=5341 Local_nx=1
Task=5342 Local_nx=1
Task=5343 Local_nx=1
Task=5344 Local_nx=1
Task=5345 Local_nx=1
Task=5346 Local_nx=1
Task=5347 Local_nx=1
Task=5348 Local_nx=1
Task=5349 Local_nx=1
Task=5350 Local_nx=1
Task=5351 Local_nx=1
Task=5352 Local_nx=1
Task=5353 Local_nx=1
Task=5354 Local_nx=1
Task=5355 Local_nx=1
Task=5356 Local_nx=1
Task=5357 Local_nx=1
Task=5358 Local_nx=1
Task=5359 Local_nx=1
Task=5360 Local_nx=1
Task=5361 Local_nx=1
Task=5362 Local_nx=1
Task=5363 Local_nx=1
Task=5364 Local_nx=1
Task=5365 Local_nx=1
Task=5366 Local_nx=1
Task=5367 Local_nx=1
Task=5368 Local_nx=1
Task=5369 Local_nx=1
Task=5370 Local_nx=1
Task=5371 Local_nx=1
Task=5372 Local_nx=1
Task=5373 Local_nx=1
Task=5374 Local_nx=1
Task=5375 Local_nx=1
Task=5376 Local_nx=1
Task=5377 Local_nx=1
Task=5378 Local_nx=1
Task=5379 Local_nx=1
Task=5380 Local_nx=1
Task=5381 Local_nx=1
Task=5382 Local_nx=1
Task=5383 Local_nx=1
Task=5384 Local_nx=1
Task=5385 Local_nx=1
Task=5386 Local_nx=1
Task=5387 Local_nx=1
Task=5388 Local_nx=1
Task=5389 Local_nx=1
Task=5390 Local_nx=1
Task=5391 Local_nx=1
Task=5392 Local_nx=1
Task=5393 Local_nx=1
Task=5394 Local_nx=1
Task=5395 Local_nx=1
Task=5396 Local_nx=1
Task=5397 Local_nx=1
Task=5398 Local_nx=1
Task=5399 Local_nx=1
Task=5400 Local_nx=1
Task=5401 Local_nx=1
Task=5402 Local_nx=1
Task=5403 Local_nx=1
Task=5404 Local_nx=1
Task=5405 Local_nx=1
Task=5406 Local_nx=1
Task=5407 Local_nx=1
Task=5408 Local_nx=1
Task=5409 Local_nx=1
Task=5410 Local_nx=1
Task=5411 Local_nx=1
Task=5412 Local_nx=1
Task=5413 Local_nx=1
Task=5414 Local_nx=1
Task=5415 Local_nx=1
Task=5416 Local_nx=1
Task=5417 Local_nx=1
Task=5418 Local_nx=1
Task=5419 Local_nx=1
Task=5420 Local_nx=1
Task=5421 Local_nx=1
Task=5422 Local_nx=1
Task=5423 Local_nx=1
Task=5424 Local_nx=1
Task=5425 Local_nx=1
Task=5426 Local_nx=1
Task=5427 Local_nx=1
Task=5428 Local_nx=1
Task=5429 Local_nx=1
Task=5430 Local_nx=1
Task=5431 Local_nx=1
Task=5432 Local_nx=1
Task=5433 Local_nx=1
Task=5434 Local_nx=1
Task=5435 Local_nx=1
Task=5436 Local_nx=1
Task=5437 Local_nx=1
Task=5438 Local_nx=1
Task=5439 Local_nx=1
Task=5440 Local_nx=1
Task=5441 Local_nx=1
Task=5442 Local_nx=1
Task=5443 Local_nx=1
Task=5444 Local_nx=1
Task=5445 Local_nx=1
Task=5446 Local_nx=1
Task=5447 Local_nx=1
Task=5448 Local_nx=1
Task=5449 Local_nx=1
Task=5450 Local_nx=1
Task=5451 Local_nx=1
Task=5452 Local_nx=1
Task=5453 Local_nx=1
Task=5454 Local_nx=1
Task=5455 Local_nx=1
Task=5456 Local_nx=1
Task=5457 Local_nx=1
Task=5458 Local_nx=1
Task=5459 Local_nx=1
Task=5460 Local_nx=1
Task=5461 Local_nx=1
Task=5462 Local_nx=1
Task=5463 Local_nx=1
Task=5464 Local_nx=1
Task=5465 Local_nx=1
Task=5466 Local_nx=1
Task=5467 Local_nx=1
Task=5468 Local_nx=1
Task=5469 Local_nx=1
Task=5470 Local_nx=1
Task=5471 Local_nx=1
Task=5472 Local_nx=1
Task=5473 Local_nx=1
Task=5474 Local_nx=1
Task=5475 Local_nx=1
Task=5476 Local_nx=1
Task=5477 Local_nx=1
Task=5478 Local_nx=1
Task=5479 Local_nx=1
Task=5480 Local_nx=1
Task=5481 Local_nx=1
Task=5482 Local_nx=1
Task=5483 Local_nx=1
Task=5484 Local_nx=1
Task=5485 Local_nx=1
Task=5486 Local_nx=1
Task=5487 Local_nx=1
Task=5488 Local_nx=1
Task=5489 Local_nx=1
Task=5490 Local_nx=1
Task=5491 Local_nx=1
Task=5492 Local_nx=1
Task=5493 Local_nx=1
Task=5494 Local_nx=1
Task=5495 Local_nx=1
Task=5496 Local_nx=1
Task=5497 Local_nx=1
Task=5498 Local_nx=1
Task=5499 Local_nx=1
Task=5500 Local_nx=1
Task=5501 Local_nx=1
Task=5502 Local_nx=1
Task=5503 Local_nx=1
Task=5504 Local_nx=1
Task=5505 Local_nx=1
Task=5506 Local_nx=1
Task=5507 Local_nx=1
Task=5508 Local_nx=1
Task=5509 Local_nx=1
Task=5510 Local_nx=1
Task=5511 Local_nx=1
Task=5512 Local_nx=1
Task=5513 Local_nx=1
Task=5514 Local_nx=1
Task=5515 Local_nx=1
Task=5516 Local_nx=1
Task=5517 Local_nx=1
Task=5518 Local_nx=1
Task=5519 Local_nx=1
Task=5520 Local_nx=1
Task=5521 Local_nx=1
Task=5522 Local_nx=1
Task=5523 Local_nx=1
Task=5524 Local_nx=1
Task=5525 Local_nx=1
Task=5526 Local_nx=1
Task=5527 Local_nx=1
Task=5528 Local_nx=1
Task=5529 Local_nx=1
Task=5530 Local_nx=1
Task=5531 Local_nx=1
Task=5532 Local_nx=1
Task=5533 Local_nx=1
Task=5534 Local_nx=1
Task=5535 Local_nx=1
Task=5536 Local_nx=1
Task=5537 Local_nx=1
Task=5538 Local_nx=1
Task=5539 Local_nx=1
Task=5540 Local_nx=1
Task=5541 Local_nx=1
Task=5542 Local_nx=1
Task=5543 Local_nx=1
Task=5544 Local_nx=1
Task=5545 Local_nx=1
Task=5546 Local_nx=1
Task=5547 Local_nx=1
Task=5548 Local_nx=1
Task=5549 Local_nx=1
Task=5550 Local_nx=1
Task=5551 Local_nx=1
Task=5552 Local_nx=1
Task=5553 Local_nx=1
Task=5554 Local_nx=1
Task=5555 Local_nx=1
Task=5556 Local_nx=1
Task=5557 Local_nx=1
Task=5558 Local_nx=1
Task=5559 Local_nx=1
Task=5560 Local_nx=1
Task=5561 Local_nx=1
Task=5562 Local_nx=1
Task=5563 Local_nx=1
Task=5564 Local_nx=1
Task=5565 Local_nx=1
Task=5566 Local_nx=1
Task=5567 Local_nx=1
Task=5568 Local_nx=1
Task=5569 Local_nx=1
Task=5570 Local_nx=1
Task=5571 Local_nx=1
Task=5572 Local_nx=1
Task=5573 Local_nx=1
Task=5574 Local_nx=1
Task=5575 Local_nx=1
Task=5576 Local_nx=1
Task=5577 Local_nx=1
Task=5578 Local_nx=1
Task=5579 Local_nx=1
Task=5580 Local_nx=1
Task=5581 Local_nx=1
Task=5582 Local_nx=1
Task=5583 Local_nx=1
Task=5584 Local_nx=1
Task=5585 Local_nx=1
Task=5586 Local_nx=1
Task=5587 Local_nx=1
Task=5588 Local_nx=1
Task=5589 Local_nx=1
Task=5590 Local_nx=1
Task=5591 Local_nx=1
Task=5592 Local_nx=1
Task=5593 Local_nx=1
Task=5594 Local_nx=1
Task=5595 Local_nx=1
Task=5596 Local_nx=1
Task=5597 Local_nx=1
Task=5598 Local_nx=1
Task=5599 Local_nx=1
Task=5600 Local_nx=1
Task=5601 Local_nx=1
Task=5602 Local_nx=1
Task=5603 Local_nx=1
Task=5604 Local_nx=1
Task=5605 Local_nx=1
Task=5606 Local_nx=1
Task=5607 Local_nx=1
Task=5608 Local_nx=1
Task=5609 Local_nx=1
Task=5610 Local_nx=1
Task=5611 Local_nx=1
Task=5612 Local_nx=1
Task=5613 Local_nx=1
Task=5614 Local_nx=1
Task=5615 Local_nx=1
Task=5616 Local_nx=1
Task=5617 Local_nx=1
Task=5618 Local_nx=1
Task=5619 Local_nx=1
Task=5620 Local_nx=1
Task=5621 Local_nx=1
Task=5622 Local_nx=1
Task=5623 Local_nx=1
Task=5624 Local_nx=1
Task=5625 Local_nx=1
Task=5626 Local_nx=1
Task=5627 Local_nx=1
Task=5628 Local_nx=1
Task=5629 Local_nx=1
Task=5630 Local_nx=1
Task=5631 Local_nx=1
Task=5632 Local_nx=1
Task=5633 Local_nx=1
Task=5634 Local_nx=1
Task=5635 Local_nx=1
Task=5636 Local_nx=1
Task=5637 Local_nx=1
Task=5638 Local_nx=1
Task=5639 Local_nx=1
Task=5640 Local_nx=1
Task=5641 Local_nx=1
Task=5642 Local_nx=1
Task=5643 Local_nx=1
Task=5644 Local_nx=1
Task=5645 Local_nx=1
Task=5646 Local_nx=1
Task=5647 Local_nx=1
Task=5648 Local_nx=1
Task=5649 Local_nx=1
Task=5650 Local_nx=1
Task=5651 Local_nx=1
Task=5652 Local_nx=1
Task=5653 Local_nx=1
Task=5654 Local_nx=1
Task=5655 Local_nx=1
Task=5656 Local_nx=1
Task=5657 Local_nx=1
Task=5658 Local_nx=1
Task=5659 Local_nx=1
Task=5660 Local_nx=1
Task=5661 Local_nx=1
Task=5662 Local_nx=1
Task=5663 Local_nx=1
Task=5664 Local_nx=1
Task=5665 Local_nx=1
Task=5666 Local_nx=1
Task=5667 Local_nx=1
Task=5668 Local_nx=1
Task=5669 Local_nx=1
Task=5670 Local_nx=1
Task=5671 Local_nx=1
Task=5672 Local_nx=1
Task=5673 Local_nx=1
Task=5674 Local_nx=1
Task=5675 Local_nx=1
Task=5676 Local_nx=1
Task=5677 Local_nx=1
Task=5678 Local_nx=1
Task=5679 Local_nx=1
Task=5680 Local_nx=1
Task=5681 Local_nx=1
Task=5682 Local_nx=1
Task=5683 Local_nx=1
Task=5684 Local_nx=1
Task=5685 Local_nx=1
Task=5686 Local_nx=1
Task=5687 Local_nx=1
Task=5688 Local_nx=1
Task=5689 Local_nx=1
Task=5690 Local_nx=1
Task=5691 Local_nx=1
Task=5692 Local_nx=1
Task=5693 Local_nx=1
Task=5694 Local_nx=1
Task=5695 Local_nx=1
Task=5696 Local_nx=1
Task=5697 Local_nx=1
Task=5698 Local_nx=1
Task=5699 Local_nx=1
Task=5700 Local_nx=1
Task=5701 Local_nx=1
Task=5702 Local_nx=1
Task=5703 Local_nx=1
Task=5704 Local_nx=1
Task=5705 Local_nx=1
Task=5706 Local_nx=1
Task=5707 Local_nx=1
Task=5708 Local_nx=1
Task=5709 Local_nx=1
Task=5710 Local_nx=1
Task=5711 Local_nx=1
Task=5712 Local_nx=1
Task=5713 Local_nx=1
Task=5714 Local_nx=1
Task=5715 Local_nx=1
Task=5716 Local_nx=1
Task=5717 Local_nx=1
Task=5718 Local_nx=1
Task=5719 Local_nx=1
Task=5720 Local_nx=1
Task=5721 Local_nx=1
Task=5722 Local_nx=1
Task=5723 Local_nx=1
Task=5724 Local_nx=1
Task=5725 Local_nx=1
Task=5726 Local_nx=1
Task=5727 Local_nx=1
Task=5728 Local_nx=1
Task=5729 Local_nx=1
Task=5730 Local_nx=1
Task=5731 Local_nx=1
Task=5732 Local_nx=1
Task=5733 Local_nx=1
Task=5734 Local_nx=1
Task=5735 Local_nx=1
Task=5736 Local_nx=1
Task=5737 Local_nx=1
Task=5738 Local_nx=1
Task=5739 Local_nx=1
Task=5740 Local_nx=1
Task=5741 Local_nx=1
Task=5742 Local_nx=1
Task=5743 Local_nx=1
Task=5744 Local_nx=1
Task=5745 Local_nx=1
Task=5746 Local_nx=1
Task=5747 Local_nx=1
Task=5748 Local_nx=1
Task=5749 Local_nx=1
Task=5750 Local_nx=1
Task=5751 Local_nx=1
Task=5752 Local_nx=1
Task=5753 Local_nx=1
Task=5754 Local_nx=1
Task=5755 Local_nx=1
Task=5756 Local_nx=1
Task=5757 Local_nx=1
Task=5758 Local_nx=1
Task=5759 Local_nx=1
Task=5760 Local_nx=1
Task=5761 Local_nx=1
Task=5762 Local_nx=1
Task=5763 Local_nx=1
Task=5764 Local_nx=1
Task=5765 Local_nx=1
Task=5766 Local_nx=1
Task=5767 Local_nx=1
Task=5768 Local_nx=1
Task=5769 Local_nx=1
Task=5770 Local_nx=1
Task=5771 Local_nx=1
Task=5772 Local_nx=1
Task=5773 Local_nx=1
Task=5774 Local_nx=1
Task=5775 Local_nx=1
Task=5776 Local_nx=1
Task=5777 Local_nx=1
Task=5778 Local_nx=1
Task=5779 Local_nx=1
Task=5780 Local_nx=1
Task=5781 Local_nx=1
Task=5782 Local_nx=1
Task=5783 Local_nx=1
Task=5784 Local_nx=1
Task=5785 Local_nx=1
Task=5786 Local_nx=1
Task=5787 Local_nx=1
Task=5788 Local_nx=1
Task=5789 Local_nx=1
Task=5790 Local_nx=1
Task=5791 Local_nx=1
Task=5792 Local_nx=1
Task=5793 Local_nx=1
Task=5794 Local_nx=1
Task=5795 Local_nx=1
Task=5796 Local_nx=1
Task=5797 Local_nx=1
Task=5798 Local_nx=1
Task=5799 Local_nx=1
Task=5800 Local_nx=1
Task=5801 Local_nx=1
Task=5802 Local_nx=1
Task=5803 Local_nx=1
Task=5804 Local_nx=1
Task=5805 Local_nx=1
Task=5806 Local_nx=1
Task=5807 Local_nx=1
Task=5808 Local_nx=1
Task=5809 Local_nx=1
Task=5810 Local_nx=1
Task=5811 Local_nx=1
Task=5812 Local_nx=1
Task=5813 Local_nx=1
Task=5814 Local_nx=1
Task=5815 Local_nx=1
Task=5816 Local_nx=1
Task=5817 Local_nx=1
Task=5818 Local_nx=1
Task=5819 Local_nx=1
Task=5820 Local_nx=1
Task=5821 Local_nx=1
Task=5822 Local_nx=1
Task=5823 Local_nx=1
Task=5824 Local_nx=1
Task=5825 Local_nx=1
Task=5826 Local_nx=1
Task=5827 Local_nx=1
Task=5828 Local_nx=1
Task=5829 Local_nx=1
Task=5830 Local_nx=1
Task=5831 Local_nx=1
Task=5832 Local_nx=1
Task=5833 Local_nx=1
Task=5834 Local_nx=1
Task=5835 Local_nx=1
Task=5836 Local_nx=1
Task=5837 Local_nx=1
Task=5838 Local_nx=1
Task=5839 Local_nx=1
Task=5840 Local_nx=1
Task=5841 Local_nx=1
Task=5842 Local_nx=1
Task=5843 Local_nx=1
Task=5844 Local_nx=1
Task=5845 Local_nx=1
Task=5846 Local_nx=1
Task=5847 Local_nx=1
Task=5848 Local_nx=1
Task=5849 Local_nx=1
Task=5850 Local_nx=1
Task=5851 Local_nx=1
Task=5852 Local_nx=1
Task=5853 Local_nx=1
Task=5854 Local_nx=1
Task=5855 Local_nx=1
Task=5856 Local_nx=1
Task=5857 Local_nx=1
Task=5858 Local_nx=1
Task=5859 Local_nx=1
Task=5860 Local_nx=1
Task=5861 Local_nx=1
Task=5862 Local_nx=1
Task=5863 Local_nx=1
Task=5864 Local_nx=1
Task=5865 Local_nx=1
Task=5866 Local_nx=1
Task=5867 Local_nx=1
Task=5868 Local_nx=1
Task=5869 Local_nx=1
Task=5870 Local_nx=1
Task=5871 Local_nx=1
Task=5872 Local_nx=1
Task=5873 Local_nx=1
Task=5874 Local_nx=1
Task=5875 Local_nx=1
Task=5876 Local_nx=1
Task=5877 Local_nx=1
Task=5878 Local_nx=1
Task=5879 Local_nx=1
Task=5880 Local_nx=1
Task=5881 Local_nx=1
Task=5882 Local_nx=1
Task=5883 Local_nx=1
Task=5884 Local_nx=1
Task=5885 Local_nx=1
Task=5886 Local_nx=1
Task=5887 Local_nx=1
Task=5888 Local_nx=1
Task=5889 Local_nx=1
Task=5890 Local_nx=1
Task=5891 Local_nx=1
Task=5892 Local_nx=1
Task=5893 Local_nx=1
Task=5894 Local_nx=1
Task=5895 Local_nx=1
Task=5896 Local_nx=1
Task=5897 Local_nx=1
Task=5898 Local_nx=1
Task=5899 Local_nx=1
Task=5900 Local_nx=1
Task=5901 Local_nx=1
Task=5902 Local_nx=1
Task=5903 Local_nx=1
Task=5904 Local_nx=1
Task=5905 Local_nx=1
Task=5906 Local_nx=1
Task=5907 Local_nx=1
Task=5908 Local_nx=1
Task=5909 Local_nx=1
Task=5910 Local_nx=1
Task=5911 Local_nx=1
Task=5912 Local_nx=1
Task=5913 Local_nx=1
Task=5914 Local_nx=1
Task=5915 Local_nx=1
Task=5916 Local_nx=1
Task=5917 Local_nx=1
Task=5918 Local_nx=1
Task=5919 Local_nx=1
Task=5920 Local_nx=1
Task=5921 Local_nx=1
Task=5922 Local_nx=1
Task=5923 Local_nx=1
Task=5924 Local_nx=1
Task=5925 Local_nx=1
Task=5926 Local_nx=1
Task=5927 Local_nx=1
Task=5928 Local_nx=1
Task=5929 Local_nx=1
Task=5930 Local_nx=1
Task=5931 Local_nx=1
Task=5932 Local_nx=1
Task=5933 Local_nx=1
Task=5934 Local_nx=1
Task=5935 Local_nx=1
Task=5936 Local_nx=1
Task=5937 Local_nx=1
Task=5938 Local_nx=1
Task=5939 Local_nx=1
Task=5940 Local_nx=1
Task=5941 Local_nx=1
Task=5942 Local_nx=1
Task=5943 Local_nx=1
Task=5944 Local_nx=1
Task=5945 Local_nx=1
Task=5946 Local_nx=1
Task=5947 Local_nx=1
Task=5948 Local_nx=1
Task=5949 Local_nx=1
Task=5950 Local_nx=1
Task=5951 Local_nx=1
Task=5952 Local_nx=1
Task=5953 Local_nx=1
Task=5954 Local_nx=1
Task=5955 Local_nx=1
Task=5956 Local_nx=1
Task=5957 Local_nx=1
Task=5958 Local_nx=1
Task=5959 Local_nx=1
Task=5960 Local_nx=1
Task=5961 Local_nx=1
Task=5962 Local_nx=1
Task=5963 Local_nx=1
Task=5964 Local_nx=1
Task=5965 Local_nx=1
Task=5966 Local_nx=1
Task=5967 Local_nx=1
Task=5968 Local_nx=1
Task=5969 Local_nx=1
Task=5970 Local_nx=1
Task=5971 Local_nx=1
Task=5972 Local_nx=1
Task=5973 Local_nx=1
Task=5974 Local_nx=1
Task=5975 Local_nx=1
Task=5976 Local_nx=1
Task=5977 Local_nx=1
Task=5978 Local_nx=1
Task=5979 Local_nx=1
Task=5980 Local_nx=1
Task=5981 Local_nx=1
Task=5982 Local_nx=1
Task=5983 Local_nx=1
Task=5984 Local_nx=1
Task=5985 Local_nx=1
Task=5986 Local_nx=1
Task=5987 Local_nx=1
Task=5988 Local_nx=1
Task=5989 Local_nx=1
Task=5990 Local_nx=1
Task=5991 Local_nx=1
Task=5992 Local_nx=1
Task=5993 Local_nx=1
Task=5994 Local_nx=1
Task=5995 Local_nx=1
Task=5996 Local_nx=1
Task=5997 Local_nx=1
Task=5998 Local_nx=1
Task=5999 Local_nx=1
Task=6000 Local_nx=1
Task=6001 Local_nx=1
Task=6002 Local_nx=1
Task=6003 Local_nx=1
Task=6004 Local_nx=1
Task=6005 Local_nx=1
Task=6006 Local_nx=1
Task=6007 Local_nx=1
Task=6008 Local_nx=1
Task=6009 Local_nx=1
Task=6010 Local_nx=1
Task=6011 Local_nx=1
Task=6012 Local_nx=1
Task=6013 Local_nx=1
Task=6014 Local_nx=1
Task=6015 Local_nx=1
Task=6016 Local_nx=1
Task=6017 Local_nx=1
Task=6018 Local_nx=1
Task=6019 Local_nx=1
Task=6020 Local_nx=1
Task=6021 Local_nx=1
Task=6022 Local_nx=1
Task=6023 Local_nx=1
Task=6024 Local_nx=1
Task=6025 Local_nx=1
Task=6026 Local_nx=1
Task=6027 Local_nx=1
Task=6028 Local_nx=1
Task=6029 Local_nx=1
Task=6030 Local_nx=1
Task=6031 Local_nx=1
Task=6032 Local_nx=1
Task=6033 Local_nx=1
Task=6034 Local_nx=1
Task=6035 Local_nx=1
Task=6036 Local_nx=1
Task=6037 Local_nx=1
Task=6038 Local_nx=1
Task=6039 Local_nx=1
Task=6040 Local_nx=1
Task=6041 Local_nx=1
Task=6042 Local_nx=1
Task=6043 Local_nx=1
Task=6044 Local_nx=1
Task=6045 Local_nx=1
Task=6046 Local_nx=1
Task=6047 Local_nx=1
Task=6048 Local_nx=1
Task=6049 Local_nx=1
Task=6050 Local_nx=1
Task=6051 Local_nx=1
Task=6052 Local_nx=1
Task=6053 Local_nx=1
Task=6054 Local_nx=1
Task=6055 Local_nx=1
Task=6056 Local_nx=1
Task=6057 Local_nx=1
Task=6058 Local_nx=1
Task=6059 Local_nx=1
Task=6060 Local_nx=1
Task=6061 Local_nx=1
Task=6062 Local_nx=1
Task=6063 Local_nx=1
Task=6064 Local_nx=1
Task=6065 Local_nx=1
Task=6066 Local_nx=1
Task=6067 Local_nx=1
Task=6068 Local_nx=1
Task=6069 Local_nx=1
Task=6070 Local_nx=1
Task=6071 Local_nx=1
Task=6072 Local_nx=1
Task=6073 Local_nx=1
Task=6074 Local_nx=1
Task=6075 Local_nx=1
Task=6076 Local_nx=1
Task=6077 Local_nx=1
Task=6078 Local_nx=1
Task=6079 Local_nx=1
Task=6080 Local_nx=1
Task=6081 Local_nx=1
Task=6082 Local_nx=1
Task=6083 Local_nx=1
Task=6084 Local_nx=1
Task=6085 Local_nx=1
Task=6086 Local_nx=1
Task=6087 Local_nx=1
Task=6088 Local_nx=1
Task=6089 Local_nx=1
Task=6090 Local_nx=1
Task=6091 Local_nx=1
Task=6092 Local_nx=1
Task=6093 Local_nx=1
Task=6094 Local_nx=1
Task=6095 Local_nx=1
Task=6096 Local_nx=1
Task=6097 Local_nx=1
Task=6098 Local_nx=1
Task=6099 Local_nx=1
Task=6100 Local_nx=1
Task=6101 Local_nx=1
Task=6102 Local_nx=1
Task=6103 Local_nx=1
Task=6104 Local_nx=1
Task=6105 Local_nx=1
Task=6106 Local_nx=1
Task=6107 Local_nx=1
Task=6108 Local_nx=1
Task=6109 Local_nx=1
Task=6110 Local_nx=1
Task=6111 Local_nx=1
Task=6112 Local_nx=1
Task=6113 Local_nx=1
Task=6114 Local_nx=1
Task=6115 Local_nx=1
Task=6116 Local_nx=1
Task=6117 Local_nx=1
Task=6118 Local_nx=1
Task=6119 Local_nx=1
Task=6120 Local_nx=1
Task=6121 Local_nx=1
Task=6122 Local_nx=1
Task=6123 Local_nx=1
Task=6124 Local_nx=1
Task=6125 Local_nx=1
Task=6126 Local_nx=1
Task=6127 Local_nx=1
Task=6128 Local_nx=1
Task=6129 Local_nx=1
Task=6130 Local_nx=1
Task=6131 Local_nx=1
Task=6132 Local_nx=1
Task=6133 Local_nx=1
Task=6134 Local_nx=1
Task=6135 Local_nx=1
Task=6136 Local_nx=1
Task=6137 Local_nx=1
Task=6138 Local_nx=1
Task=6139 Local_nx=1
Task=6140 Local_nx=1
Task=6141 Local_nx=1
Task=6142 Local_nx=1
Task=6143 Local_nx=1
Task=6144 Local_nx=1
Task=6145 Local_nx=1
Task=6146 Local_nx=1
Task=6147 Local_nx=1
Task=6148 Local_nx=1
Task=6149 Local_nx=1
Task=6150 Local_nx=1
Task=6151 Local_nx=1
Task=6152 Local_nx=1
Task=6153 Local_nx=1
Task=6154 Local_nx=1
Task=6155 Local_nx=1
Task=6156 Local_nx=1
Task=6157 Local_nx=1
Task=6158 Local_nx=1
Task=6159 Local_nx=1
Task=6160 Local_nx=1
Task=6161 Local_nx=1
Task=6162 Local_nx=1
Task=6163 Local_nx=1
Task=6164 Local_nx=1
Task=6165 Local_nx=1
Task=6166 Local_nx=1
Task=6167 Local_nx=1
Task=6168 Local_nx=1
Task=6169 Local_nx=1
Task=6170 Local_nx=1
Task=6171 Local_nx=1
Task=6172 Local_nx=1
Task=6173 Local_nx=1
Task=6174 Local_nx=1
Task=6175 Local_nx=1
Task=6176 Local_nx=1
Task=6177 Local_nx=1
Task=6178 Local_nx=1
Task=6179 Local_nx=1
Task=6180 Local_nx=1
Task=6181 Local_nx=1
Task=6182 Local_nx=1
Task=6183 Local_nx=1
Task=6184 Local_nx=1
Task=6185 Local_nx=1
Task=6186 Local_nx=1
Task=6187 Local_nx=1
Task=6188 Local_nx=1
Task=6189 Local_nx=1
Task=6190 Local_nx=1
Task=6191 Local_nx=1
Task=6192 Local_nx=1
Task=6193 Local_nx=1
Task=6194 Local_nx=1
Task=6195 Local_nx=1
Task=6196 Local_nx=1
Task=6197 Local_nx=1
Task=6198 Local_nx=1
Task=6199 Local_nx=1
Task=6200 Local_nx=1
Task=6201 Local_nx=1
Task=6202 Local_nx=1
Task=6203 Local_nx=1
Task=6204 Local_nx=1
Task=6205 Local_nx=1
Task=6206 Local_nx=1
Task=6207 Local_nx=1
Task=6208 Local_nx=1
Task=6209 Local_nx=1
Task=6210 Local_nx=1
Task=6211 Local_nx=1
Task=6212 Local_nx=1
Task=6213 Local_nx=1
Task=6214 Local_nx=1
Task=6215 Local_nx=1
Task=6216 Local_nx=1
Task=6217 Local_nx=1
Task=6218 Local_nx=1
Task=6219 Local_nx=1
Task=6220 Local_nx=1
Task=6221 Local_nx=1
Task=6222 Local_nx=1
Task=6223 Local_nx=1
Task=6224 Local_nx=1
Task=6225 Local_nx=1
Task=6226 Local_nx=1
Task=6227 Local_nx=1
Task=6228 Local_nx=1
Task=6229 Local_nx=1
Task=6230 Local_nx=1
Task=6231 Local_nx=1
Task=6232 Local_nx=1
Task=6233 Local_nx=1
Task=6234 Local_nx=1
Task=6235 Local_nx=1
Task=6236 Local_nx=1
Task=6237 Local_nx=1
Task=6238 Local_nx=1
Task=6239 Local_nx=1
Task=6240 Local_nx=1
Task=6241 Local_nx=1
Task=6242 Local_nx=1
Task=6243 Local_nx=1
Task=6244 Local_nx=1
Task=6245 Local_nx=1
Task=6246 Local_nx=1
Task=6247 Local_nx=1
Task=6248 Local_nx=1
Task=6249 Local_nx=1
Task=6250 Local_nx=1
Task=6251 Local_nx=1
Task=6252 Local_nx=1
Task=6253 Local_nx=1
Task=6254 Local_nx=1
Task=6255 Local_nx=1
Task=6256 Local_nx=1
Task=6257 Local_nx=1
Task=6258 Local_nx=1
Task=6259 Local_nx=1
Task=6260 Local_nx=1
Task=6261 Local_nx=1
Task=6262 Local_nx=1
Task=6263 Local_nx=1
Task=6264 Local_nx=1
Task=6265 Local_nx=1
Task=6266 Local_nx=1
Task=6267 Local_nx=1
Task=6268 Local_nx=1
Task=6269 Local_nx=1
Task=6270 Local_nx=1
Task=6271 Local_nx=1
Task=6272 Local_nx=1
Task=6273 Local_nx=1
Task=6274 Local_nx=1
Task=6275 Local_nx=1
Task=6276 Local_nx=1
Task=6277 Local_nx=1
Task=6278 Local_nx=1
Task=6279 Local_nx=1
Task=6280 Local_nx=1
Task=6281 Local_nx=1
Task=6282 Local_nx=1
Task=6283 Local_nx=1
Task=6284 Local_nx=1
Task=6285 Local_nx=1
Task=6286 Local_nx=1
Task=6287 Local_nx=1
Task=6288 Local_nx=1
Task=6289 Local_nx=1
Task=6290 Local_nx=1
Task=6291 Local_nx=1
Task=6292 Local_nx=1
Task=6293 Local_nx=1
Task=6294 Local_nx=1
Task=6295 Local_nx=1
Task=6296 Local_nx=1
Task=6297 Local_nx=1
Task=6298 Local_nx=1
Task=6299 Local_nx=1
Task=6300 Local_nx=1
Task=6301 Local_nx=1
Task=6302 Local_nx=1
Task=6303 Local_nx=1
Task=6304 Local_nx=1
Task=6305 Local_nx=1
Task=6306 Local_nx=1
Task=6307 Local_nx=1
Task=6308 Local_nx=1
Task=6309 Local_nx=1
Task=6310 Local_nx=1
Task=6311 Local_nx=1
Task=6312 Local_nx=1
Task=6313 Local_nx=1
Task=6314 Local_nx=1
Task=6315 Local_nx=1
Task=6316 Local_nx=1
Task=6317 Local_nx=1
Task=6318 Local_nx=1
Task=6319 Local_nx=1
Task=6320 Local_nx=1
Task=6321 Local_nx=1
Task=6322 Local_nx=1
Task=6323 Local_nx=1
Task=6324 Local_nx=1
Task=6325 Local_nx=1
Task=6326 Local_nx=1
Task=6327 Local_nx=1
Task=6328 Local_nx=1
Task=6329 Local_nx=1
Task=6330 Local_nx=1
Task=6331 Local_nx=1
Task=6332 Local_nx=1
Task=6333 Local_nx=1
Task=6334 Local_nx=1
Task=6335 Local_nx=1
Task=6336 Local_nx=1
Task=6337 Local_nx=1
Task=6338 Local_nx=1
Task=6339 Local_nx=1
Task=6340 Local_nx=1
Task=6341 Local_nx=1
Task=6342 Local_nx=1
Task=6343 Local_nx=1
Task=6344 Local_nx=1
Task=6345 Local_nx=1
Task=6346 Local_nx=1
Task=6347 Local_nx=1
Task=6348 Local_nx=1
Task=6349 Local_nx=1
Task=6350 Local_nx=1
Task=6351 Local_nx=1
Task=6352 Local_nx=1
Task=6353 Local_nx=1
Task=6354 Local_nx=1
Task=6355 Local_nx=1
Task=6356 Local_nx=1
Task=6357 Local_nx=1
Task=6358 Local_nx=1
Task=6359 Local_nx=1
Task=6360 Local_nx=1
Task=6361 Local_nx=1
Task=6362 Local_nx=1
Task=6363 Local_nx=1
Task=6364 Local_nx=1
Task=6365 Local_nx=1
Task=6366 Local_nx=1
Task=6367 Local_nx=1
Task=6368 Local_nx=1
Task=6369 Local_nx=1
Task=6370 Local_nx=1
Task=6371 Local_nx=1
Task=6372 Local_nx=1
Task=6373 Local_nx=1
Task=6374 Local_nx=1
Task=6375 Local_nx=1
Task=6376 Local_nx=1
Task=6377 Local_nx=1
Task=6378 Local_nx=1
Task=6379 Local_nx=1
Task=6380 Local_nx=1
Task=6381 Local_nx=1
Task=6382 Local_nx=1
Task=6383 Local_nx=1
Task=6384 Local_nx=1
Task=6385 Local_nx=1
Task=6386 Local_nx=1
Task=6387 Local_nx=1
Task=6388 Local_nx=1
Task=6389 Local_nx=1
Task=6390 Local_nx=1
Task=6391 Local_nx=1
Task=6392 Local_nx=1
Task=6393 Local_nx=1
Task=6394 Local_nx=1
Task=6395 Local_nx=1
Task=6396 Local_nx=1
Task=6397 Local_nx=1
Task=6398 Local_nx=1
Task=6399 Local_nx=1
Task=6400 Local_nx=1
Task=6401 Local_nx=1
Task=6402 Local_nx=1
Task=6403 Local_nx=1
Task=6404 Local_nx=1
Task=6405 Local_nx=1
Task=6406 Local_nx=1
Task=6407 Local_nx=1
Task=6408 Local_nx=1
Task=6409 Local_nx=1
Task=6410 Local_nx=1
Task=6411 Local_nx=1
Task=6412 Local_nx=1
Task=6413 Local_nx=1
Task=6414 Local_nx=1
Task=6415 Local_nx=1
Task=6416 Local_nx=1
Task=6417 Local_nx=1
Task=6418 Local_nx=1
Task=6419 Local_nx=1
Task=6420 Local_nx=1
Task=6421 Local_nx=1
Task=6422 Local_nx=1
Task=6423 Local_nx=1
Task=6424 Local_nx=1
Task=6425 Local_nx=1
Task=6426 Local_nx=1
Task=6427 Local_nx=1
Task=6428 Local_nx=1
Task=6429 Local_nx=1
Task=6430 Local_nx=1
Task=6431 Local_nx=1
Task=6432 Local_nx=1
Task=6433 Local_nx=1
Task=6434 Local_nx=1
Task=6435 Local_nx=1
Task=6436 Local_nx=1
Task=6437 Local_nx=1
Task=6438 Local_nx=1
Task=6439 Local_nx=1
Task=6440 Local_nx=1
Task=6441 Local_nx=1
Task=6442 Local_nx=1
Task=6443 Local_nx=1
Task=6444 Local_nx=1
Task=6445 Local_nx=1
Task=6446 Local_nx=1
Task=6447 Local_nx=1
Task=6448 Local_nx=1
Task=6449 Local_nx=1
Task=6450 Local_nx=1
Task=6451 Local_nx=1
Task=6452 Local_nx=1
Task=6453 Local_nx=1
Task=6454 Local_nx=1
Task=6455 Local_nx=1
Task=6456 Local_nx=1
Task=6457 Local_nx=1
Task=6458 Local_nx=1
Task=6459 Local_nx=1
Task=6460 Local_nx=1
Task=6461 Local_nx=1
Task=6462 Local_nx=1
Task=6463 Local_nx=1
Task=6464 Local_nx=1
Task=6465 Local_nx=1
Task=6466 Local_nx=1
Task=6467 Local_nx=1
Task=6468 Local_nx=1
Task=6469 Local_nx=1
Task=6470 Local_nx=1
Task=6471 Local_nx=1
Task=6472 Local_nx=1
Task=6473 Local_nx=1
Task=6474 Local_nx=1
Task=6475 Local_nx=1
Task=6476 Local_nx=1
Task=6477 Local_nx=1
Task=6478 Local_nx=1
Task=6479 Local_nx=1
Task=6480 Local_nx=1
Task=6481 Local_nx=1
Task=6482 Local_nx=1
Task=6483 Local_nx=1
Task=6484 Local_nx=1
Task=6485 Local_nx=1
Task=6486 Local_nx=1
Task=6487 Local_nx=1
Task=6488 Local_nx=1
Task=6489 Local_nx=1
Task=6490 Local_nx=1
Task=6491 Local_nx=1
Task=6492 Local_nx=1
Task=6493 Local_nx=1
Task=6494 Local_nx=1
Task=6495 Local_nx=1
Task=6496 Local_nx=1
Task=6497 Local_nx=1
Task=6498 Local_nx=1
Task=6499 Local_nx=1
Task=6500 Local_nx=1
Task=6501 Local_nx=1
Task=6502 Local_nx=1
Task=6503 Local_nx=1
Task=6504 Local_nx=1
Task=6505 Local_nx=1
Task=6506 Local_nx=1
Task=6507 Local_nx=1
Task=6508 Local_nx=1
Task=6509 Local_nx=1
Task=6510 Local_nx=1
Task=6511 Local_nx=1
Task=6512 Local_nx=1
Task=6513 Local_nx=1
Task=6514 Local_nx=1
Task=6515 Local_nx=1
Task=6516 Local_nx=1
Task=6517 Local_nx=1
Task=6518 Local_nx=1
Task=6519 Local_nx=1
Task=6520 Local_nx=1
Task=6521 Local_nx=1
Task=6522 Local_nx=1
Task=6523 Local_nx=1
Task=6524 Local_nx=1
Task=6525 Local_nx=1
Task=6526 Local_nx=1
Task=6527 Local_nx=1
Task=6528 Local_nx=1
Task=6529 Local_nx=1
Task=6530 Local_nx=1
Task=6531 Local_nx=1
Task=6532 Local_nx=1
Task=6533 Local_nx=1
Task=6534 Local_nx=1
Task=6535 Local_nx=1
Task=6536 Local_nx=1
Task=6537 Local_nx=1
Task=6538 Local_nx=1
Task=6539 Local_nx=1
Task=6540 Local_nx=1
Task=6541 Local_nx=1
Task=6542 Local_nx=1
Task=6543 Local_nx=1
Task=6544 Local_nx=1
Task=6545 Local_nx=1
Task=6546 Local_nx=1
Task=6547 Local_nx=1
Task=6548 Local_nx=1
Task=6549 Local_nx=1
Task=6550 Local_nx=1
Task=6551 Local_nx=1
Task=6552 Local_nx=1
Task=6553 Local_nx=1
Task=6554 Local_nx=1
Task=6555 Local_nx=1
Task=6556 Local_nx=1
Task=6557 Local_nx=1
Task=6558 Local_nx=1
Task=6559 Local_nx=1
Task=6560 Local_nx=1
Task=6561 Local_nx=1
Task=6562 Local_nx=1
Task=6563 Local_nx=1
Task=6564 Local_nx=1
Task=6565 Local_nx=1
Task=6566 Local_nx=1
Task=6567 Local_nx=1
Task=6568 Local_nx=1
Task=6569 Local_nx=1
Task=6570 Local_nx=1
Task=6571 Local_nx=1
Task=6572 Local_nx=1
Task=6573 Local_nx=1
Task=6574 Local_nx=1
Task=6575 Local_nx=1
Task=6576 Local_nx=1
Task=6577 Local_nx=1
Task=6578 Local_nx=1
Task=6579 Local_nx=1
Task=6580 Local_nx=1
Task=6581 Local_nx=1
Task=6582 Local_nx=1
Task=6583 Local_nx=1
Task=6584 Local_nx=1
Task=6585 Local_nx=1
Task=6586 Local_nx=1
Task=6587 Local_nx=1
Task=6588 Local_nx=1
Task=6589 Local_nx=1
Task=6590 Local_nx=1
Task=6591 Local_nx=1
Task=6592 Local_nx=1
Task=6593 Local_nx=1
Task=6594 Local_nx=1
Task=6595 Local_nx=1
Task=6596 Local_nx=1
Task=6597 Local_nx=1
Task=6598 Local_nx=1
Task=6599 Local_nx=1
Task=6600 Local_nx=1
Task=6601 Local_nx=1
Task=6602 Local_nx=1
Task=6603 Local_nx=1
Task=6604 Local_nx=1
Task=6605 Local_nx=1
Task=6606 Local_nx=1
Task=6607 Local_nx=1
Task=6608 Local_nx=1
Task=6609 Local_nx=1
Task=6610 Local_nx=1
Task=6611 Local_nx=1
Task=6612 Local_nx=1
Task=6613 Local_nx=1
Task=6614 Local_nx=1
Task=6615 Local_nx=1
Task=6616 Local_nx=1
Task=6617 Local_nx=1
Task=6618 Local_nx=1
Task=6619 Local_nx=1
Task=6620 Local_nx=1
Task=6621 Local_nx=1
Task=6622 Local_nx=1
Task=6623 Local_nx=1
Task=6624 Local_nx=1
Task=6625 Local_nx=1
Task=6626 Local_nx=1
Task=6627 Local_nx=1
Task=6628 Local_nx=1
Task=6629 Local_nx=1
Task=6630 Local_nx=1
Task=6631 Local_nx=1
Task=6632 Local_nx=1
Task=6633 Local_nx=1
Task=6634 Local_nx=1
Task=6635 Local_nx=1
Task=6636 Local_nx=1
Task=6637 Local_nx=1
Task=6638 Local_nx=1
Task=6639 Local_nx=1
Task=6640 Local_nx=1
Task=6641 Local_nx=1
Task=6642 Local_nx=1
Task=6643 Local_nx=1
Task=6644 Local_nx=1
Task=6645 Local_nx=1
Task=6646 Local_nx=1
Task=6647 Local_nx=1
Task=6648 Local_nx=1
Task=6649 Local_nx=1
Task=6650 Local_nx=1
Task=6651 Local_nx=1
Task=6652 Local_nx=1
Task=6653 Local_nx=1
Task=6654 Local_nx=1
Task=6655 Local_nx=1
Task=6656 Local_nx=1
Task=6657 Local_nx=1
Task=6658 Local_nx=1
Task=6659 Local_nx=1
Task=6660 Local_nx=1
Task=6661 Local_nx=1
Task=6662 Local_nx=1
Task=6663 Local_nx=1
Task=6664 Local_nx=1
Task=6665 Local_nx=1
Task=6666 Local_nx=1
Task=6667 Local_nx=1
Task=6668 Local_nx=1
Task=6669 Local_nx=1
Task=6670 Local_nx=1
Task=6671 Local_nx=1
Task=6672 Local_nx=1
Task=6673 Local_nx=1
Task=6674 Local_nx=1
Task=6675 Local_nx=1
Task=6676 Local_nx=1
Task=6677 Local_nx=1
Task=6678 Local_nx=1
Task=6679 Local_nx=1
Task=6680 Local_nx=1
Task=6681 Local_nx=1
Task=6682 Local_nx=1
Task=6683 Local_nx=1
Task=6684 Local_nx=1
Task=6685 Local_nx=1
Task=6686 Local_nx=1
Task=6687 Local_nx=1
Task=6688 Local_nx=1
Task=6689 Local_nx=1
Task=6690 Local_nx=1
Task=6691 Local_nx=1
Task=6692 Local_nx=1
Task=6693 Local_nx=1
Task=6694 Local_nx=1
Task=6695 Local_nx=1
Task=6696 Local_nx=1
Task=6697 Local_nx=1
Task=6698 Local_nx=1
Task=6699 Local_nx=1
Task=6700 Local_nx=1
Task=6701 Local_nx=1
Task=6702 Local_nx=1
Task=6703 Local_nx=1
Task=6704 Local_nx=1
Task=6705 Local_nx=1
Task=6706 Local_nx=1
Task=6707 Local_nx=1
Task=6708 Local_nx=1
Task=6709 Local_nx=1
Task=6710 Local_nx=1
Task=6711 Local_nx=1
Task=6712 Local_nx=1
Task=6713 Local_nx=1
Task=6714 Local_nx=1
Task=6715 Local_nx=1
Task=6716 Local_nx=1
Task=6717 Local_nx=1
Task=6718 Local_nx=1
Task=6719 Local_nx=1
Task=6720 Local_nx=1
Task=6721 Local_nx=1
Task=6722 Local_nx=1
Task=6723 Local_nx=1
Task=6724 Local_nx=1
Task=6725 Local_nx=1
Task=6726 Local_nx=1
Task=6727 Local_nx=1
Task=6728 Local_nx=1
Task=6729 Local_nx=1
Task=6730 Local_nx=1
Task=6731 Local_nx=1
Task=6732 Local_nx=1
Task=6733 Local_nx=1
Task=6734 Local_nx=1
Task=6735 Local_nx=1
Task=6736 Local_nx=1
Task=6737 Local_nx=1
Task=6738 Local_nx=1
Task=6739 Local_nx=1
Task=6740 Local_nx=1
Task=6741 Local_nx=1
Task=6742 Local_nx=1
Task=6743 Local_nx=1
Task=6744 Local_nx=1
Task=6745 Local_nx=1
Task=6746 Local_nx=1
Task=6747 Local_nx=1
Task=6748 Local_nx=1
Task=6749 Local_nx=1
Task=6750 Local_nx=1
Task=6751 Local_nx=1
Task=6752 Local_nx=1
Task=6753 Local_nx=1
Task=6754 Local_nx=1
Task=6755 Local_nx=1
Task=6756 Local_nx=1
Task=6757 Local_nx=1
Task=6758 Local_nx=1
Task=6759 Local_nx=1
Task=6760 Local_nx=1
Task=6761 Local_nx=1
Task=6762 Local_nx=1
Task=6763 Local_nx=1
Task=6764 Local_nx=1
Task=6765 Local_nx=1
Task=6766 Local_nx=1
Task=6767 Local_nx=1
Task=6768 Local_nx=1
Task=6769 Local_nx=1
Task=6770 Local_nx=1
Task=6771 Local_nx=1
Task=6772 Local_nx=1
Task=6773 Local_nx=1
Task=6774 Local_nx=1
Task=6775 Local_nx=1
Task=6776 Local_nx=1
Task=6777 Local_nx=1
Task=6778 Local_nx=1
Task=6779 Local_nx=1
Task=6780 Local_nx=1
Task=6781 Local_nx=1
Task=6782 Local_nx=1
Task=6783 Local_nx=1
Task=6784 Local_nx=1
Task=6785 Local_nx=1
Task=6786 Local_nx=1
Task=6787 Local_nx=1
Task=6788 Local_nx=1
Task=6789 Local_nx=1
Task=6790 Local_nx=1
Task=6791 Local_nx=1
Task=6792 Local_nx=1
Task=6793 Local_nx=1
Task=6794 Local_nx=1
Task=6795 Local_nx=1
Task=6796 Local_nx=1
Task=6797 Local_nx=1
Task=6798 Local_nx=1
Task=6799 Local_nx=1
Task=6800 Local_nx=1
Task=6801 Local_nx=1
Task=6802 Local_nx=1
Task=6803 Local_nx=1
Task=6804 Local_nx=1
Task=6805 Local_nx=1
Task=6806 Local_nx=1
Task=6807 Local_nx=1
Task=6808 Local_nx=1
Task=6809 Local_nx=1
Task=6810 Local_nx=1
Task=6811 Local_nx=1
Task=6812 Local_nx=1
Task=6813 Local_nx=1
Task=6814 Local_nx=1
Task=6815 Local_nx=1
Task=6816 Local_nx=1
Task=6817 Local_nx=1
Task=6818 Local_nx=1
Task=6819 Local_nx=1
Task=6820 Local_nx=1
Task=6821 Local_nx=1
Task=6822 Local_nx=1
Task=6823 Local_nx=1
Task=6824 Local_nx=1
Task=6825 Local_nx=1
Task=6826 Local_nx=1
Task=6827 Local_nx=1
Task=6828 Local_nx=1
Task=6829 Local_nx=1
Task=6830 Local_nx=1
Task=6831 Local_nx=1
Task=6832 Local_nx=1
Task=6833 Local_nx=1
Task=6834 Local_nx=1
Task=6835 Local_nx=1
Task=6836 Local_nx=1
Task=6837 Local_nx=1
Task=6838 Local_nx=1
Task=6839 Local_nx=1
Task=6840 Local_nx=1
Task=6841 Local_nx=1
Task=6842 Local_nx=1
Task=6843 Local_nx=1
Task=6844 Local_nx=1
Task=6845 Local_nx=1
Task=6846 Local_nx=1
Task=6847 Local_nx=1
Task=6848 Local_nx=1
Task=6849 Local_nx=1
Task=6850 Local_nx=1
Task=6851 Local_nx=1
Task=6852 Local_nx=1
Task=6853 Local_nx=1
Task=6854 Local_nx=1
Task=6855 Local_nx=1
Task=6856 Local_nx=1
Task=6857 Local_nx=1
Task=6858 Local_nx=1
Task=6859 Local_nx=1
Task=6860 Local_nx=1
Task=6861 Local_nx=1
Task=6862 Local_nx=1
Task=6863 Local_nx=1
Task=6864 Local_nx=1
Task=6865 Local_nx=1
Task=6866 Local_nx=1
Task=6867 Local_nx=1
Task=6868 Local_nx=1
Task=6869 Local_nx=1
Task=6870 Local_nx=1
Task=6871 Local_nx=1
Task=6872 Local_nx=1
Task=6873 Local_nx=1
Task=6874 Local_nx=1
Task=6875 Local_nx=1
Task=6876 Local_nx=1
Task=6877 Local_nx=1
Task=6878 Local_nx=1
Task=6879 Local_nx=1
Task=6880 Local_nx=1
Task=6881 Local_nx=1
Task=6882 Local_nx=1
Task=6883 Local_nx=1
Task=6884 Local_nx=1
Task=6885 Local_nx=1
Task=6886 Local_nx=1
Task=6887 Local_nx=1
Task=6888 Local_nx=1
Task=6889 Local_nx=1
Task=6890 Local_nx=1
Task=6891 Local_nx=1
Task=6892 Local_nx=1
Task=6893 Local_nx=1
Task=6894 Local_nx=1
Task=6895 Local_nx=1
Task=6896 Local_nx=1
Task=6897 Local_nx=1
Task=6898 Local_nx=1
Task=6899 Local_nx=1
Task=6900 Local_nx=1
Task=6901 Local_nx=1
Task=6902 Local_nx=1
Task=6903 Local_nx=1
Task=6904 Local_nx=1
Task=6905 Local_nx=1
Task=6906 Local_nx=1
Task=6907 Local_nx=1
Task=6908 Local_nx=1
Task=6909 Local_nx=1
Task=6910 Local_nx=1
Task=6911 Local_nx=1
Task=6912 Local_nx=1
Task=6913 Local_nx=1
Task=6914 Local_nx=1
Task=6915 Local_nx=1
Task=6916 Local_nx=1
Task=6917 Local_nx=1
Task=6918 Local_nx=1
Task=6919 Local_nx=1
Task=6920 Local_nx=1
Task=6921 Local_nx=1
Task=6922 Local_nx=1
Task=6923 Local_nx=1
Task=6924 Local_nx=1
Task=6925 Local_nx=1
Task=6926 Local_nx=1
Task=6927 Local_nx=1
Task=6928 Local_nx=1
Task=6929 Local_nx=1
Task=6930 Local_nx=1
Task=6931 Local_nx=1
Task=6932 Local_nx=1
Task=6933 Local_nx=1
Task=6934 Local_nx=1
Task=6935 Local_nx=1
Task=6936 Local_nx=1
Task=6937 Local_nx=1
Task=6938 Local_nx=1
Task=6939 Local_nx=1
Task=6940 Local_nx=1
Task=6941 Local_nx=1
Task=6942 Local_nx=1
Task=6943 Local_nx=1
Task=6944 Local_nx=1
Task=6945 Local_nx=1
Task=6946 Local_nx=1
Task=6947 Local_nx=1
Task=6948 Local_nx=1
Task=6949 Local_nx=1
Task=6950 Local_nx=1
Task=6951 Local_nx=1
Task=6952 Local_nx=1
Task=6953 Local_nx=1
Task=6954 Local_nx=1
Task=6955 Local_nx=1
Task=6956 Local_nx=1
Task=6957 Local_nx=1
Task=6958 Local_nx=1
Task=6959 Local_nx=1
Task=6960 Local_nx=1
Task=6961 Local_nx=1
Task=6962 Local_nx=1
Task=6963 Local_nx=1
Task=6964 Local_nx=1
Task=6965 Local_nx=1
Task=6966 Local_nx=1
Task=6967 Local_nx=1
Task=6968 Local_nx=1
Task=6969 Local_nx=1
Task=6970 Local_nx=1
Task=6971 Local_nx=1
Task=6972 Local_nx=1
Task=6973 Local_nx=1
Task=6974 Local_nx=1
Task=6975 Local_nx=1
Task=6976 Local_nx=1
Task=6977 Local_nx=1
Task=6978 Local_nx=1
Task=6979 Local_nx=1
Task=6980 Local_nx=1
Task=6981 Local_nx=1
Task=6982 Local_nx=1
Task=6983 Local_nx=1
Task=6984 Local_nx=1
Task=6985 Local_nx=1
Task=6986 Local_nx=1
Task=6987 Local_nx=1
Task=6988 Local_nx=1
Task=6989 Local_nx=1
Task=6990 Local_nx=1
Task=6991 Local_nx=1
Task=6992 Local_nx=1
Task=6993 Local_nx=1
Task=6994 Local_nx=1
Task=6995 Local_nx=1
Task=6996 Local_nx=1
Task=6997 Local_nx=1
Task=6998 Local_nx=1
Task=6999 Local_nx=1
Task=7000 Local_nx=1
Task=7001 Local_nx=1
Task=7002 Local_nx=1
Task=7003 Local_nx=1
Task=7004 Local_nx=1
Task=7005 Local_nx=1
Task=7006 Local_nx=1
Task=7007 Local_nx=1
Task=7008 Local_nx=1
Task=7009 Local_nx=1
Task=7010 Local_nx=1
Task=7011 Local_nx=1
Task=7012 Local_nx=1
Task=7013 Local_nx=1
Task=7014 Local_nx=1
Task=7015 Local_nx=1
Task=7016 Local_nx=1
Task=7017 Local_nx=1
Task=7018 Local_nx=1
Task=7019 Local_nx=1
Task=7020 Local_nx=1
Task=7021 Local_nx=1
Task=7022 Local_nx=1
Task=7023 Local_nx=1
Task=7024 Local_nx=1
Task=7025 Local_nx=1
Task=7026 Local_nx=1
Task=7027 Local_nx=1
Task=7028 Local_nx=1
Task=7029 Local_nx=1
Task=7030 Local_nx=1
Task=7031 Local_nx=1
Task=7032 Local_nx=1
Task=7033 Local_nx=1
Task=7034 Local_nx=1
Task=7035 Local_nx=1
Task=7036 Local_nx=1
Task=7037 Local_nx=1
Task=7038 Local_nx=1
Task=7039 Local_nx=1
Task=7040 Local_nx=1
Task=7041 Local_nx=1
Task=7042 Local_nx=1
Task=7043 Local_nx=1
Task=7044 Local_nx=1
Task=7045 Local_nx=1
Task=7046 Local_nx=1
Task=7047 Local_nx=1
Task=7048 Local_nx=1
Task=7049 Local_nx=1
Task=7050 Local_nx=1
Task=7051 Local_nx=1
Task=7052 Local_nx=1
Task=7053 Local_nx=1
Task=7054 Local_nx=1
Task=7055 Local_nx=1
Task=7056 Local_nx=1
Task=7057 Local_nx=1
Task=7058 Local_nx=1
Task=7059 Local_nx=1
Task=7060 Local_nx=1
Task=7061 Local_nx=1
Task=7062 Local_nx=1
Task=7063 Local_nx=1
Task=7064 Local_nx=1
Task=7065 Local_nx=1
Task=7066 Local_nx=1
Task=7067 Local_nx=1
Task=7068 Local_nx=1
Task=7069 Local_nx=1
Task=7070 Local_nx=1
Task=7071 Local_nx=1
Task=7072 Local_nx=1
Task=7073 Local_nx=1
Task=7074 Local_nx=1
Task=7075 Local_nx=1
Task=7076 Local_nx=1
Task=7077 Local_nx=1
Task=7078 Local_nx=1
Task=7079 Local_nx=1
Task=7080 Local_nx=1
Task=7081 Local_nx=1
Task=7082 Local_nx=1
Task=7083 Local_nx=1
Task=7084 Local_nx=1
Task=7085 Local_nx=1
Task=7086 Local_nx=1
Task=7087 Local_nx=1
Task=7088 Local_nx=1
Task=7089 Local_nx=1
Task=7090 Local_nx=1
Task=7091 Local_nx=1
Task=7092 Local_nx=1
Task=7093 Local_nx=1
Task=7094 Local_nx=1
Task=7095 Local_nx=1
Task=7096 Local_nx=1
Task=7097 Local_nx=1
Task=7098 Local_nx=1
Task=7099 Local_nx=1
Task=7100 Local_nx=1
Task=7101 Local_nx=1
Task=7102 Local_nx=1
Task=7103 Local_nx=1
Task=7104 Local_nx=1
Task=7105 Local_nx=1
Task=7106 Local_nx=1
Task=7107 Local_nx=1
Task=7108 Local_nx=1
Task=7109 Local_nx=1
Task=7110 Local_nx=1
Task=7111 Local_nx=1
Task=7112 Local_nx=1
Task=7113 Local_nx=1
Task=7114 Local_nx=1
Task=7115 Local_nx=1
Task=7116 Local_nx=1
Task=7117 Local_nx=1
Task=7118 Local_nx=1
Task=7119 Local_nx=1
Task=7120 Local_nx=1
Task=7121 Local_nx=1
Task=7122 Local_nx=1
Task=7123 Local_nx=1
Task=7124 Local_nx=1
Task=7125 Local_nx=1
Task=7126 Local_nx=1
Task=7127 Local_nx=1
Task=7128 Local_nx=1
Task=7129 Local_nx=1
Task=7130 Local_nx=1
Task=7131 Local_nx=1
Task=7132 Local_nx=1
Task=7133 Local_nx=1
Task=7134 Local_nx=1
Task=7135 Local_nx=1
Task=7136 Local_nx=1
Task=7137 Local_nx=1
Task=7138 Local_nx=1
Task=7139 Local_nx=1
Task=7140 Local_nx=1
Task=7141 Local_nx=1
Task=7142 Local_nx=1
Task=7143 Local_nx=1
Task=7144 Local_nx=1
Task=7145 Local_nx=1
Task=7146 Local_nx=1
Task=7147 Local_nx=1
Task=7148 Local_nx=1
Task=7149 Local_nx=1
Task=7150 Local_nx=1
Task=7151 Local_nx=1
Task=7152 Local_nx=1
Task=7153 Local_nx=1
Task=7154 Local_nx=1
Task=7155 Local_nx=1
Task=7156 Local_nx=1
Task=7157 Local_nx=1
Task=7158 Local_nx=1
Task=7159 Local_nx=1
Task=7160 Local_nx=1
Task=7161 Local_nx=1
Task=7162 Local_nx=1
Task=7163 Local_nx=1
Task=7164 Local_nx=1
Task=7165 Local_nx=1
Task=7166 Local_nx=1
Task=7167 Local_nx=1
Task=7168 Local_nx=1
Task=7169 Local_nx=1
Task=7170 Local_nx=1
Task=7171 Local_nx=1
Task=7172 Local_nx=1
Task=7173 Local_nx=1
Task=7174 Local_nx=1
Task=7175 Local_nx=1
Task=7176 Local_nx=1
Task=7177 Local_nx=1
Task=7178 Local_nx=1
Task=7179 Local_nx=1
Task=7180 Local_nx=1
Task=7181 Local_nx=1
Task=7182 Local_nx=1
Task=7183 Local_nx=1
Task=7184 Local_nx=1
Task=7185 Local_nx=1
Task=7186 Local_nx=1
Task=7187 Local_nx=1
Task=7188 Local_nx=1
Task=7189 Local_nx=1
Task=7190 Local_nx=1
Task=7191 Local_nx=1
Task=7192 Local_nx=1
Task=7193 Local_nx=1
Task=7194 Local_nx=1
Task=7195 Local_nx=1
Task=7196 Local_nx=1
Task=7197 Local_nx=1
Task=7198 Local_nx=1
Task=7199 Local_nx=1
Task=7200 Local_nx=1
Task=7201 Local_nx=1
Task=7202 Local_nx=1
Task=7203 Local_nx=1
Task=7204 Local_nx=1
Task=7205 Local_nx=1
Task=7206 Local_nx=1
Task=7207 Local_nx=1
Task=7208 Local_nx=1
Task=7209 Local_nx=1
Task=7210 Local_nx=1
Task=7211 Local_nx=1
Task=7212 Local_nx=1
Task=7213 Local_nx=1
Task=7214 Local_nx=1
Task=7215 Local_nx=1
Task=7216 Local_nx=1
Task=7217 Local_nx=1
Task=7218 Local_nx=1
Task=7219 Local_nx=1
Task=7220 Local_nx=1
Task=7221 Local_nx=1
Task=7222 Local_nx=1
Task=7223 Local_nx=1
Task=7224 Local_nx=1
Task=7225 Local_nx=1
Task=7226 Local_nx=1
Task=7227 Local_nx=1
Task=7228 Local_nx=1
Task=7229 Local_nx=1
Task=7230 Local_nx=1
Task=7231 Local_nx=1
Task=7232 Local_nx=1
Task=7233 Local_nx=1
Task=7234 Local_nx=1
Task=7235 Local_nx=1
Task=7236 Local_nx=1
Task=7237 Local_nx=1
Task=7238 Local_nx=1
Task=7239 Local_nx=1
Task=7240 Local_nx=1
Task=7241 Local_nx=1
Task=7242 Local_nx=1
Task=7243 Local_nx=1
Task=7244 Local_nx=1
Task=7245 Local_nx=1
Task=7246 Local_nx=1
Task=7247 Local_nx=1
Task=7248 Local_nx=1
Task=7249 Local_nx=1
Task=7250 Local_nx=1
Task=7251 Local_nx=1
Task=7252 Local_nx=1
Task=7253 Local_nx=1
Task=7254 Local_nx=1
Task=7255 Local_nx=1
Task=7256 Local_nx=1
Task=7257 Local_nx=1
Task=7258 Local_nx=1
Task=7259 Local_nx=1
Task=7260 Local_nx=1
Task=7261 Local_nx=1
Task=7262 Local_nx=1
Task=7263 Local_nx=1
Task=7264 Local_nx=1
Task=7265 Local_nx=1
Task=7266 Local_nx=1
Task=7267 Local_nx=1
Task=7268 Local_nx=1
Task=7269 Local_nx=1
Task=7270 Local_nx=1
Task=7271 Local_nx=1
Task=7272 Local_nx=1
Task=7273 Local_nx=1
Task=7274 Local_nx=1
Task=7275 Local_nx=1
Task=7276 Local_nx=1
Task=7277 Local_nx=1
Task=7278 Local_nx=1
Task=7279 Local_nx=1
Task=7280 Local_nx=1
Task=7281 Local_nx=1
Task=7282 Local_nx=1
Task=7283 Local_nx=1
Task=7284 Local_nx=1
Task=7285 Local_nx=1
Task=7286 Local_nx=1
Task=7287 Local_nx=1
Task=7288 Local_nx=1
Task=7289 Local_nx=1
Task=7290 Local_nx=1
Task=7291 Local_nx=1
Task=7292 Local_nx=1
Task=7293 Local_nx=1
Task=7294 Local_nx=1
Task=7295 Local_nx=1
Task=7296 Local_nx=1
Task=7297 Local_nx=1
Task=7298 Local_nx=1
Task=7299 Local_nx=1
Task=7300 Local_nx=1
Task=7301 Local_nx=1
Task=7302 Local_nx=1
Task=7303 Local_nx=1
Task=7304 Local_nx=1
Task=7305 Local_nx=1
Task=7306 Local_nx=1
Task=7307 Local_nx=1
Task=7308 Local_nx=1
Task=7309 Local_nx=1
Task=7310 Local_nx=1
Task=7311 Local_nx=1
Task=7312 Local_nx=1
Task=7313 Local_nx=1
Task=7314 Local_nx=1
Task=7315 Local_nx=1
Task=7316 Local_nx=1
Task=7317 Local_nx=1
Task=7318 Local_nx=1
Task=7319 Local_nx=1
Task=7320 Local_nx=1
Task=7321 Local_nx=1
Task=7322 Local_nx=1
Task=7323 Local_nx=1
Task=7324 Local_nx=1
Task=7325 Local_nx=1
Task=7326 Local_nx=1
Task=7327 Local_nx=1
Task=7328 Local_nx=1
Task=7329 Local_nx=1
Task=7330 Local_nx=1
Task=7331 Local_nx=1
Task=7332 Local_nx=1
Task=7333 Local_nx=1
Task=7334 Local_nx=1
Task=7335 Local_nx=1
Task=7336 Local_nx=1
Task=7337 Local_nx=1
Task=7338 Local_nx=1
Task=7339 Local_nx=1
Task=7340 Local_nx=1
Task=7341 Local_nx=1
Task=7342 Local_nx=1
Task=7343 Local_nx=1
Task=7344 Local_nx=1
Task=7345 Local_nx=1
Task=7346 Local_nx=1
Task=7347 Local_nx=1
Task=7348 Local_nx=1
Task=7349 Local_nx=1
Task=7350 Local_nx=1
Task=7351 Local_nx=1
Task=7352 Local_nx=1
Task=7353 Local_nx=1
Task=7354 Local_nx=1
Task=7355 Local_nx=1
Task=7356 Local_nx=1
Task=7357 Local_nx=1
Task=7358 Local_nx=1
Task=7359 Local_nx=1
Task=7360 Local_nx=1
Task=7361 Local_nx=1
Task=7362 Local_nx=1
Task=7363 Local_nx=1
Task=7364 Local_nx=1
Task=7365 Local_nx=1
Task=7366 Local_nx=1
Task=7367 Local_nx=1
Task=7368 Local_nx=1
Task=7369 Local_nx=1
Task=7370 Local_nx=1
Task=7371 Local_nx=1
Task=7372 Local_nx=1
Task=7373 Local_nx=1
Task=7374 Local_nx=1
Task=7375 Local_nx=1
Task=7376 Local_nx=1
Task=7377 Local_nx=1
Task=7378 Local_nx=1
Task=7379 Local_nx=1
Task=7380 Local_nx=1
Task=7381 Local_nx=1
Task=7382 Local_nx=1
Task=7383 Local_nx=1
Task=7384 Local_nx=1
Task=7385 Local_nx=1
Task=7386 Local_nx=1
Task=7387 Local_nx=1
Task=7388 Local_nx=1
Task=7389 Local_nx=1
Task=7390 Local_nx=1
Task=7391 Local_nx=1
Task=7392 Local_nx=1
Task=7393 Local_nx=1
Task=7394 Local_nx=1
Task=7395 Local_nx=1
Task=7396 Local_nx=1
Task=7397 Local_nx=1
Task=7398 Local_nx=1
Task=7399 Local_nx=1
Task=7400 Local_nx=1
Task=7401 Local_nx=1
Task=7402 Local_nx=1
Task=7403 Local_nx=1
Task=7404 Local_nx=1
Task=7405 Local_nx=1
Task=7406 Local_nx=1
Task=7407 Local_nx=1
Task=7408 Local_nx=1
Task=7409 Local_nx=1
Task=7410 Local_nx=1
Task=7411 Local_nx=1
Task=7412 Local_nx=1
Task=7413 Local_nx=1
Task=7414 Local_nx=1
Task=7415 Local_nx=1
Task=7416 Local_nx=1
Task=7417 Local_nx=1
Task=7418 Local_nx=1
Task=7419 Local_nx=1
Task=7420 Local_nx=1
Task=7421 Local_nx=1
Task=7422 Local_nx=1
Task=7423 Local_nx=1
Task=7424 Local_nx=1
Task=7425 Local_nx=1
Task=7426 Local_nx=1
Task=7427 Local_nx=1
Task=7428 Local_nx=1
Task=7429 Local_nx=1
Task=7430 Local_nx=1
Task=7431 Local_nx=1
Task=7432 Local_nx=1
Task=7433 Local_nx=1
Task=7434 Local_nx=1
Task=7435 Local_nx=1
Task=7436 Local_nx=1
Task=7437 Local_nx=1
Task=7438 Local_nx=1
Task=7439 Local_nx=1
Task=7440 Local_nx=1
Task=7441 Local_nx=1
Task=7442 Local_nx=1
Task=7443 Local_nx=1
Task=7444 Local_nx=1
Task=7445 Local_nx=1
Task=7446 Local_nx=1
Task=7447 Local_nx=1
Task=7448 Local_nx=1
Task=7449 Local_nx=1
Task=7450 Local_nx=1
Task=7451 Local_nx=1
Task=7452 Local_nx=1
Task=7453 Local_nx=1
Task=7454 Local_nx=1
Task=7455 Local_nx=1
Task=7456 Local_nx=1
Task=7457 Local_nx=1
Task=7458 Local_nx=1
Task=7459 Local_nx=1
Task=7460 Local_nx=1
Task=7461 Local_nx=1
Task=7462 Local_nx=1
Task=7463 Local_nx=1
Task=7464 Local_nx=1
Task=7465 Local_nx=1
Task=7466 Local_nx=1
Task=7467 Local_nx=1
Task=7468 Local_nx=1
Task=7469 Local_nx=1
Task=7470 Local_nx=1
Task=7471 Local_nx=1
Task=7472 Local_nx=1
Task=7473 Local_nx=1
Task=7474 Local_nx=1
Task=7475 Local_nx=1
Task=7476 Local_nx=1
Task=7477 Local_nx=1
Task=7478 Local_nx=1
Task=7479 Local_nx=1
Task=7480 Local_nx=1
Task=7481 Local_nx=1
Task=7482 Local_nx=1
Task=7483 Local_nx=1
Task=7484 Local_nx=1
Task=7485 Local_nx=1
Task=7486 Local_nx=1
Task=7487 Local_nx=1
Task=7488 Local_nx=1
Task=7489 Local_nx=1
Task=7490 Local_nx=1
Task=7491 Local_nx=1
Task=7492 Local_nx=1
Task=7493 Local_nx=1
Task=7494 Local_nx=1
Task=7495 Local_nx=1
Task=7496 Local_nx=1
Task=7497 Local_nx=1
Task=7498 Local_nx=1
Task=7499 Local_nx=1
Task=7500 Local_nx=1
Task=7501 Local_nx=1
Task=7502 Local_nx=1
Task=7503 Local_nx=1
Task=7504 Local_nx=1
Task=7505 Local_nx=1
Task=7506 Local_nx=1
Task=7507 Local_nx=1
Task=7508 Local_nx=1
Task=7509 Local_nx=1
Task=7510 Local_nx=1
Task=7511 Local_nx=1
Task=7512 Local_nx=1
Task=7513 Local_nx=1
Task=7514 Local_nx=1
Task=7515 Local_nx=1
Task=7516 Local_nx=1
Task=7517 Local_nx=1
Task=7518 Local_nx=1
Task=7519 Local_nx=1
Task=7520 Local_nx=1
Task=7521 Local_nx=1
Task=7522 Local_nx=1
Task=7523 Local_nx=1
Task=7524 Local_nx=1
Task=7525 Local_nx=1
Task=7526 Local_nx=1
Task=7527 Local_nx=1
Task=7528 Local_nx=1
Task=7529 Local_nx=1
Task=7530 Local_nx=1
Task=7531 Local_nx=1
Task=7532 Local_nx=1
Task=7533 Local_nx=1
Task=7534 Local_nx=1
Task=7535 Local_nx=1
Task=7536 Local_nx=1
Task=7537 Local_nx=1
Task=7538 Local_nx=1
Task=7539 Local_nx=1
Task=7540 Local_nx=1
Task=7541 Local_nx=1
Task=7542 Local_nx=1
Task=7543 Local_nx=1
Task=7544 Local_nx=1
Task=7545 Local_nx=1
Task=7546 Local_nx=1
Task=7547 Local_nx=1
Task=7548 Local_nx=1
Task=7549 Local_nx=1
Task=7550 Local_nx=1
Task=7551 Local_nx=1
Task=7552 Local_nx=1
Task=7553 Local_nx=1
Task=7554 Local_nx=1
Task=7555 Local_nx=1
Task=7556 Local_nx=1
Task=7557 Local_nx=1
Task=7558 Local_nx=1
Task=7559 Local_nx=1
Task=7560 Local_nx=1
Task=7561 Local_nx=1
Task=7562 Local_nx=1
Task=7563 Local_nx=1
Task=7564 Local_nx=1
Task=7565 Local_nx=1
Task=7566 Local_nx=1
Task=7567 Local_nx=1
Task=7568 Local_nx=1
Task=7569 Local_nx=1
Task=7570 Local_nx=1
Task=7571 Local_nx=1
Task=7572 Local_nx=1
Task=7573 Local_nx=1
Task=7574 Local_nx=1
Task=7575 Local_nx=1
Task=7576 Local_nx=1
Task=7577 Local_nx=1
Task=7578 Local_nx=1
Task=7579 Local_nx=1
Task=7580 Local_nx=1
Task=7581 Local_nx=1
Task=7582 Local_nx=1
Task=7583 Local_nx=1
Task=7584 Local_nx=1
Task=7585 Local_nx=1
Task=7586 Local_nx=1
Task=7587 Local_nx=1
Task=7588 Local_nx=1
Task=7589 Local_nx=1
Task=7590 Local_nx=1
Task=7591 Local_nx=1
Task=7592 Local_nx=1
Task=7593 Local_nx=1
Task=7594 Local_nx=1
Task=7595 Local_nx=1
Task=7596 Local_nx=1
Task=7597 Local_nx=1
Task=7598 Local_nx=1
Task=7599 Local_nx=1
Task=7600 Local_nx=1
Task=7601 Local_nx=1
Task=7602 Local_nx=1
Task=7603 Local_nx=1
Task=7604 Local_nx=1
Task=7605 Local_nx=1
Task=7606 Local_nx=1
Task=7607 Local_nx=1
Task=7608 Local_nx=1
Task=7609 Local_nx=1
Task=7610 Local_nx=1
Task=7611 Local_nx=1
Task=7612 Local_nx=1
Task=7613 Local_nx=1
Task=7614 Local_nx=1
Task=7615 Local_nx=1
Task=7616 Local_nx=1
Task=7617 Local_nx=1
Task=7618 Local_nx=1
Task=7619 Local_nx=1
Task=7620 Local_nx=1
Task=7621 Local_nx=1
Task=7622 Local_nx=1
Task=7623 Local_nx=1
Task=7624 Local_nx=1
Task=7625 Local_nx=1
Task=7626 Local_nx=1
Task=7627 Local_nx=1
Task=7628 Local_nx=1
Task=7629 Local_nx=1
Task=7630 Local_nx=1
Task=7631 Local_nx=1
Task=7632 Local_nx=1
Task=7633 Local_nx=1
Task=7634 Local_nx=1
Task=7635 Local_nx=1
Task=7636 Local_nx=1
Task=7637 Local_nx=1
Task=7638 Local_nx=1
Task=7639 Local_nx=1
Task=7640 Local_nx=1
Task=7641 Local_nx=1
Task=7642 Local_nx=1
Task=7643 Local_nx=1
Task=7644 Local_nx=1
Task=7645 Local_nx=1
Task=7646 Local_nx=1
Task=7647 Local_nx=1
Task=7648 Local_nx=1
Task=7649 Local_nx=1
Task=7650 Local_nx=1
Task=7651 Local_nx=1
Task=7652 Local_nx=1
Task=7653 Local_nx=1
Task=7654 Local_nx=1
Task=7655 Local_nx=1
Task=7656 Local_nx=1
Task=7657 Local_nx=1
Task=7658 Local_nx=1
Task=7659 Local_nx=1
Task=7660 Local_nx=1
Task=7661 Local_nx=1
Task=7662 Local_nx=1
Task=7663 Local_nx=1
Task=7664 Local_nx=1
Task=7665 Local_nx=1
Task=7666 Local_nx=1
Task=7667 Local_nx=1
Task=7668 Local_nx=1
Task=7669 Local_nx=1
Task=7670 Local_nx=1
Task=7671 Local_nx=1
Task=7672 Local_nx=1
Task=7673 Local_nx=1
Task=7674 Local_nx=1
Task=7675 Local_nx=1
Task=7676 Local_nx=1
Task=7677 Local_nx=1
Task=7678 Local_nx=1
Task=7679 Local_nx=1
Task=7680 Local_nx=1
Task=7681 Local_nx=1
Task=7682 Local_nx=1
Task=7683 Local_nx=1
Task=7684 Local_nx=1
Task=7685 Local_nx=1
Task=7686 Local_nx=1
Task=7687 Local_nx=1
Task=7688 Local_nx=1
Task=7689 Local_nx=1
Task=7690 Local_nx=1
Task=7691 Local_nx=1
Task=7692 Local_nx=1
Task=7693 Local_nx=1
Task=7694 Local_nx=1
Task=7695 Local_nx=1
Task=7696 Local_nx=1
Task=7697 Local_nx=1
Task=7698 Local_nx=1
Task=7699 Local_nx=1
Task=7700 Local_nx=1
Task=7701 Local_nx=1
Task=7702 Local_nx=1
Task=7703 Local_nx=1
Task=7704 Local_nx=1
Task=7705 Local_nx=1
Task=7706 Local_nx=1
Task=7707 Local_nx=1
Task=7708 Local_nx=1
Task=7709 Local_nx=1
Task=7710 Local_nx=1
Task=7711 Local_nx=1
Task=7712 Local_nx=1
Task=7713 Local_nx=1
Task=7714 Local_nx=1
Task=7715 Local_nx=1
Task=7716 Local_nx=1
Task=7717 Local_nx=1
Task=7718 Local_nx=1
Task=7719 Local_nx=1
Task=7720 Local_nx=1
Task=7721 Local_nx=1
Task=7722 Local_nx=1
Task=7723 Local_nx=1
Task=7724 Local_nx=1
Task=7725 Local_nx=1
Task=7726 Local_nx=1
Task=7727 Local_nx=1
Task=7728 Local_nx=1
Task=7729 Local_nx=1
Task=7730 Local_nx=1
Task=7731 Local_nx=1
Task=7732 Local_nx=1
Task=7733 Local_nx=1
Task=7734 Local_nx=1
Task=7735 Local_nx=1
Task=7736 Local_nx=1
Task=7737 Local_nx=1
Task=7738 Local_nx=1
Task=7739 Local_nx=1
Task=7740 Local_nx=1
Task=7741 Local_nx=1
Task=7742 Local_nx=1
Task=7743 Local_nx=1
Task=7744 Local_nx=1
Task=7745 Local_nx=1
Task=7746 Local_nx=1
Task=7747 Local_nx=1
Task=7748 Local_nx=1
Task=7749 Local_nx=1
Task=7750 Local_nx=1
Task=7751 Local_nx=1
Task=7752 Local_nx=1
Task=7753 Local_nx=1
Task=7754 Local_nx=1
Task=7755 Local_nx=1
Task=7756 Local_nx=1
Task=7757 Local_nx=1
Task=7758 Local_nx=1
Task=7759 Local_nx=1
Task=7760 Local_nx=1
Task=7761 Local_nx=1
Task=7762 Local_nx=1
Task=7763 Local_nx=1
Task=7764 Local_nx=1
Task=7765 Local_nx=1
Task=7766 Local_nx=1
Task=7767 Local_nx=1
Task=7768 Local_nx=1
Task=7769 Local_nx=1
Task=7770 Local_nx=1
Task=7771 Local_nx=1
Task=7772 Local_nx=1
Task=7773 Local_nx=1
Task=7774 Local_nx=1
Task=7775 Local_nx=1
Task=7776 Local_nx=1
Task=7777 Local_nx=1
Task=7778 Local_nx=1
Task=7779 Local_nx=1
Task=7780 Local_nx=1
Task=7781 Local_nx=1
Task=7782 Local_nx=1
Task=7783 Local_nx=1
Task=7784 Local_nx=1
Task=7785 Local_nx=1
Task=7786 Local_nx=1
Task=7787 Local_nx=1
Task=7788 Local_nx=1
Task=7789 Local_nx=1
Task=7790 Local_nx=1
Task=7791 Local_nx=1
Task=7792 Local_nx=1
Task=7793 Local_nx=1
Task=7794 Local_nx=1
Task=7795 Local_nx=1
Task=7796 Local_nx=1
Task=7797 Local_nx=1
Task=7798 Local_nx=1
Task=7799 Local_nx=1
Task=7800 Local_nx=1
Task=7801 Local_nx=1
Task=7802 Local_nx=1
Task=7803 Local_nx=1
Task=7804 Local_nx=1
Task=7805 Local_nx=1
Task=7806 Local_nx=1
Task=7807 Local_nx=1
Task=7808 Local_nx=1
Task=7809 Local_nx=1
Task=7810 Local_nx=1
Task=7811 Local_nx=1
Task=7812 Local_nx=1
Task=7813 Local_nx=1
Task=7814 Local_nx=1
Task=7815 Local_nx=1
Task=7816 Local_nx=1
Task=7817 Local_nx=1
Task=7818 Local_nx=1
Task=7819 Local_nx=1
Task=7820 Local_nx=1
Task=7821 Local_nx=1
Task=7822 Local_nx=1
Task=7823 Local_nx=1
Task=7824 Local_nx=1
Task=7825 Local_nx=1
Task=7826 Local_nx=1
Task=7827 Local_nx=1
Task=7828 Local_nx=1
Task=7829 Local_nx=1
Task=7830 Local_nx=1
Task=7831 Local_nx=1
Task=7832 Local_nx=1
Task=7833 Local_nx=1
Task=7834 Local_nx=1
Task=7835 Local_nx=1
Task=7836 Local_nx=1
Task=7837 Local_nx=1
Task=7838 Local_nx=1
Task=7839 Local_nx=1
Task=7840 Local_nx=1
Task=7841 Local_nx=1
Task=7842 Local_nx=1
Task=7843 Local_nx=1
Task=7844 Local_nx=1
Task=7845 Local_nx=1
Task=7846 Local_nx=1
Task=7847 Local_nx=1
Task=7848 Local_nx=1
Task=7849 Local_nx=1
Task=7850 Local_nx=1
Task=7851 Local_nx=1
Task=7852 Local_nx=1
Task=7853 Local_nx=1
Task=7854 Local_nx=1
Task=7855 Local_nx=1
Task=7856 Local_nx=1
Task=7857 Local_nx=1
Task=7858 Local_nx=1
Task=7859 Local_nx=1
Task=7860 Local_nx=1
Task=7861 Local_nx=1
Task=7862 Local_nx=1
Task=7863 Local_nx=1
Task=7864 Local_nx=1
Task=7865 Local_nx=1
Task=7866 Local_nx=1
Task=7867 Local_nx=1
Task=7868 Local_nx=1
Task=7869 Local_nx=1
Task=7870 Local_nx=1
Task=7871 Local_nx=1
Task=7872 Local_nx=1
Task=7873 Local_nx=1
Task=7874 Local_nx=1
Task=7875 Local_nx=1
Task=7876 Local_nx=1
Task=7877 Local_nx=1
Task=7878 Local_nx=1
Task=7879 Local_nx=1
Task=7880 Local_nx=1
Task=7881 Local_nx=1
Task=7882 Local_nx=1
Task=7883 Local_nx=1
Task=7884 Local_nx=1
Task=7885 Local_nx=1
Task=7886 Local_nx=1
Task=7887 Local_nx=1
Task=7888 Local_nx=1
Task=7889 Local_nx=1
Task=7890 Local_nx=1
Task=7891 Local_nx=1
Task=7892 Local_nx=1
Task=7893 Local_nx=1
Task=7894 Local_nx=1
Task=7895 Local_nx=1
Task=7896 Local_nx=1
Task=7897 Local_nx=1
Task=7898 Local_nx=1
Task=7899 Local_nx=1
Task=7900 Local_nx=1
Task=7901 Local_nx=1
Task=7902 Local_nx=1
Task=7903 Local_nx=1
Task=7904 Local_nx=1
Task=7905 Local_nx=1
Task=7906 Local_nx=1
Task=7907 Local_nx=1
Task=7908 Local_nx=1
Task=7909 Local_nx=1
Task=7910 Local_nx=1
Task=7911 Local_nx=1
Task=7912 Local_nx=1
Task=7913 Local_nx=1
Task=7914 Local_nx=1
Task=7915 Local_nx=1
Task=7916 Local_nx=1
Task=7917 Local_nx=1
Task=7918 Local_nx=1
Task=7919 Local_nx=1
Task=7920 Local_nx=1
Task=7921 Local_nx=1
Task=7922 Local_nx=1
Task=7923 Local_nx=1
Task=7924 Local_nx=1
Task=7925 Local_nx=1
Task=7926 Local_nx=1
Task=7927 Local_nx=1
Task=7928 Local_nx=1
Task=7929 Local_nx=1
Task=7930 Local_nx=1
Task=7931 Local_nx=1
Task=7932 Local_nx=1
Task=7933 Local_nx=1
Task=7934 Local_nx=1
Task=7935 Local_nx=1
Task=7936 Local_nx=1
Task=7937 Local_nx=1
Task=7938 Local_nx=1
Task=7939 Local_nx=1
Task=7940 Local_nx=1
Task=7941 Local_nx=1
Task=7942 Local_nx=1
Task=7943 Local_nx=1
Task=7944 Local_nx=1
Task=7945 Local_nx=1
Task=7946 Local_nx=1
Task=7947 Local_nx=1
Task=7948 Local_nx=1
Task=7949 Local_nx=1
Task=7950 Local_nx=1
Task=7951 Local_nx=1
Task=7952 Local_nx=1
Task=7953 Local_nx=1
Task=7954 Local_nx=1
Task=7955 Local_nx=1
Task=7956 Local_nx=1
Task=7957 Local_nx=1
Task=7958 Local_nx=1
Task=7959 Local_nx=1
Task=7960 Local_nx=1
Task=7961 Local_nx=1
Task=7962 Local_nx=1
Task=7963 Local_nx=1
Task=7964 Local_nx=1
Task=7965 Local_nx=1
Task=7966 Local_nx=1
Task=7967 Local_nx=1
Task=7968 Local_nx=1
Task=7969 Local_nx=1
Task=7970 Local_nx=1
Task=7971 Local_nx=1
Task=7972 Local_nx=1
Task=7973 Local_nx=1
Task=7974 Local_nx=1
Task=7975 Local_nx=1
Task=7976 Local_nx=1
Task=7977 Local_nx=1
Task=7978 Local_nx=1
Task=7979 Local_nx=1
Task=7980 Local_nx=1
Task=7981 Local_nx=1
Task=7982 Local_nx=1
Task=7983 Local_nx=1
Task=7984 Local_nx=1
Task=7985 Local_nx=1
Task=7986 Local_nx=1
Task=7987 Local_nx=1
Task=7988 Local_nx=1
Task=7989 Local_nx=1
Task=7990 Local_nx=1
Task=7991 Local_nx=1
Task=7992 Local_nx=1
Task=7993 Local_nx=1
Task=7994 Local_nx=1
Task=7995 Local_nx=1
Task=7996 Local_nx=1
Task=7997 Local_nx=1
Task=7998 Local_nx=1
Task=7999 Local_nx=1
Task=8000 Local_nx=1
Task=8001 Local_nx=1
Task=8002 Local_nx=1
Task=8003 Local_nx=1
Task=8004 Local_nx=1
Task=8005 Local_nx=1
Task=8006 Local_nx=1
Task=8007 Local_nx=1
Task=8008 Local_nx=1
Task=8009 Local_nx=1
Task=8010 Local_nx=1
Task=8011 Local_nx=1
Task=8012 Local_nx=1
Task=8013 Local_nx=1
Task=8014 Local_nx=1
Task=8015 Local_nx=1
Task=8016 Local_nx=1
Task=8017 Local_nx=1
Task=8018 Local_nx=1
Task=8019 Local_nx=1
Task=8020 Local_nx=1
Task=8021 Local_nx=1
Task=8022 Local_nx=1
Task=8023 Local_nx=1
Task=8024 Local_nx=1
Task=8025 Local_nx=1
Task=8026 Local_nx=1
Task=8027 Local_nx=1
Task=8028 Local_nx=1
Task=8029 Local_nx=1
Task=8030 Local_nx=1
Task=8031 Local_nx=1
Task=8032 Local_nx=1
Task=8033 Local_nx=1
Task=8034 Local_nx=1
Task=8035 Local_nx=1
Task=8036 Local_nx=1
Task=8037 Local_nx=1
Task=8038 Local_nx=1
Task=8039 Local_nx=1
Task=8040 Local_nx=1
Task=8041 Local_nx=1
Task=8042 Local_nx=1
Task=8043 Local_nx=1
Task=8044 Local_nx=1
Task=8045 Local_nx=1
Task=8046 Local_nx=1
Task=8047 Local_nx=1
Task=8048 Local_nx=1
Task=8049 Local_nx=1
Task=8050 Local_nx=1
Task=8051 Local_nx=1
Task=8052 Local_nx=1
Task=8053 Local_nx=1
Task=8054 Local_nx=1
Task=8055 Local_nx=1
Task=8056 Local_nx=1
Task=8057 Local_nx=1
Task=8058 Local_nx=1
Task=8059 Local_nx=1
Task=8060 Local_nx=1
Task=8061 Local_nx=1
Task=8062 Local_nx=1
Task=8063 Local_nx=1
Task=8064 Local_nx=1
Task=8065 Local_nx=1
Task=8066 Local_nx=1
Task=8067 Local_nx=1
Task=8068 Local_nx=1
Task=8069 Local_nx=1
Task=8070 Local_nx=1
Task=8071 Local_nx=1
Task=8072 Local_nx=1
Task=8073 Local_nx=1
Task=8074 Local_nx=1
Task=8075 Local_nx=1
Task=8076 Local_nx=1
Task=8077 Local_nx=1
Task=8078 Local_nx=1
Task=8079 Local_nx=1
Task=8080 Local_nx=1
Task=8081 Local_nx=1
Task=8082 Local_nx=1
Task=8083 Local_nx=1
Task=8084 Local_nx=1
Task=8085 Local_nx=1
Task=8086 Local_nx=1
Task=8087 Local_nx=1
Task=8088 Local_nx=1
Task=8089 Local_nx=1
Task=8090 Local_nx=1
Task=8091 Local_nx=1
Task=8092 Local_nx=1
Task=8093 Local_nx=1
Task=8094 Local_nx=1
Task=8095 Local_nx=1
Task=8096 Local_nx=1
Task=8097 Local_nx=1
Task=8098 Local_nx=1
Task=8099 Local_nx=1
Task=8100 Local_nx=1
Task=8101 Local_nx=1
Task=8102 Local_nx=1
Task=8103 Local_nx=1
Task=8104 Local_nx=1
Task=8105 Local_nx=1
Task=8106 Local_nx=1
Task=8107 Local_nx=1
Task=8108 Local_nx=1
Task=8109 Local_nx=1
Task=8110 Local_nx=1
Task=8111 Local_nx=1
Task=8112 Local_nx=1
Task=8113 Local_nx=1
Task=8114 Local_nx=1
Task=8115 Local_nx=1
Task=8116 Local_nx=1
Task=8117 Local_nx=1
Task=8118 Local_nx=1
Task=8119 Local_nx=1
Task=8120 Local_nx=1
Task=8121 Local_nx=1
Task=8122 Local_nx=1
Task=8123 Local_nx=1
Task=8124 Local_nx=1
Task=8125 Local_nx=1
Task=8126 Local_nx=1
Task=8127 Local_nx=1
Task=8128 Local_nx=1
Task=8129 Local_nx=1
Task=8130 Local_nx=1
Task=8131 Local_nx=1
Task=8132 Local_nx=1
Task=8133 Local_nx=1
Task=8134 Local_nx=1
Task=8135 Local_nx=1
Task=8136 Local_nx=1
Task=8137 Local_nx=1
Task=8138 Local_nx=1
Task=8139 Local_nx=1
Task=8140 Local_nx=1
Task=8141 Local_nx=1
Task=8142 Local_nx=1
Task=8143 Local_nx=1
Task=8144 Local_nx=1
Task=8145 Local_nx=1
Task=8146 Local_nx=1
Task=8147 Local_nx=1
Task=8148 Local_nx=1
Task=8149 Local_nx=1
Task=8150 Local_nx=1
Task=8151 Local_nx=1
Task=8152 Local_nx=1
Task=8153 Local_nx=1
Task=8154 Local_nx=1
Task=8155 Local_nx=1
Task=8156 Local_nx=1
Task=8157 Local_nx=1
Task=8158 Local_nx=1
Task=8159 Local_nx=1
Task=8160 Local_nx=1
Task=8161 Local_nx=1
Task=8162 Local_nx=1
Task=8163 Local_nx=1
Task=8164 Local_nx=1
Task=8165 Local_nx=1
Task=8166 Local_nx=1
Task=8167 Local_nx=1
Task=8168 Local_nx=1
Task=8169 Local_nx=1
Task=8170 Local_nx=1
Task=8171 Local_nx=1
Task=8172 Local_nx=1
Task=8173 Local_nx=1
Task=8174 Local_nx=1
Task=8175 Local_nx=1
Task=8176 Local_nx=1
Task=8177 Local_nx=1
Task=8178 Local_nx=1
Task=8179 Local_nx=1
Task=8180 Local_nx=1
Task=8181 Local_nx=1
Task=8182 Local_nx=1
Task=8183 Local_nx=1
Task=8184 Local_nx=1
Task=8185 Local_nx=1
Task=8186 Local_nx=1
Task=8187 Local_nx=1
Task=8188 Local_nx=1
Task=8189 Local_nx=1
Task=8190 Local_nx=1
Task=8191 Local_nx=1

start computing displacement fields...
vel_prefac= 4.56187, vel_prefac2= 9.12374,  hubble_a=41.7566 fom=0.98471 f2om=1.96942 

starting axes=3...
Done Zeldovich.
Fourier transforming displacement gradient 0...Done.
Fourier transforming displacement gradient 1...Done.
Fourier transforming displacement gradient 2...Done.
Fourier transforming displacement gradient 3...Done.
Fourier transforming displacement gradient 4...Done.
Fourier transforming displacement gradient 5...Done.
Fourier transforming second order source...Done.
Fourier transforming displacements, axis 0.
Fourier transforming displacements, axis 1.
Fourier transforming displacements, axis 2.

reading Lagrangian glass file...
reading 'dummy_glass.dat' with 4096 particles

Nglass= 4096

Calculating npart_Task...
npart_Task done
67108864 particles on task=0  (slabs=1)
67108864 particles on task=1  (slabs=1)
67108864 particles on task=2  (slabs=1)
67108864 particles on task=3  (slabs=1)
67108864 particles on task=4  (slabs=1)
67108864 particles on task=5  (slabs=1)
67108864 particles on task=6  (slabs=1)
67108864 particles on task=7  (slabs=1)
67108864 particles on task=8  (slabs=1)
67108864 particles on task=9  (slabs=1)
67108864 particles on task=10  (slabs=1)
67108864 particles on task=11  (slabs=1)
67108864 particles on task=12  (slabs=1)
67108864 particles on task=13  (slabs=1)
67108864 particles on task=14  (slabs=1)
67108864 particles on task=15  (slabs=1)
67108864 particles on task=16  (slabs=1)
67108864 particles on task=17  (slabs=1)
67108864 particles on task=18  (slabs=1)
67108864 particles on task=19  (slabs=1)
67108864 particles on task=20  (slabs=1)
67108864 particles on task=21  (slabs=1)
67108864 particles on task=22  (slabs=1)
67108864 particles on task=23  (slabs=1)
67108864 particles on task=24  (slabs=1)
67108864 particles on task=25  (slabs=1)
67108864 particles on task=26  (slabs=1)
67108864 particles on task=27  (slabs=1)
67108864 particles on task=28  (slabs=1)
67108864 particles on task=29  (slabs=1)
67108864 particles on task=30  (slabs=1)
67108864 particles on task=31  (slabs=1)
67108864 particles on task=32  (slabs=1)
67108864 particles on task=33  (slabs=1)
67108864 particles on task=34  (slabs=1)
67108864 particles on task=35  (slabs=1)
67108864 particles on task=36  (slabs=1)
67108864 particles on task=37  (slabs=1)
67108864 particles on task=38  (slabs=1)
67108864 particles on task=39  (slabs=1)
67108864 particles on task=40  (slabs=1)
67108864 particles on task=41  (slabs=1)
67108864 particles on task=42  (slabs=1)
67108864 particles on task=43  (slabs=1)
67108864 particles on task=44  (slabs=1)
67108864 particles on task=45  (slabs=1)
67108864 particles on task=46  (slabs=1)
67108864 particles on task=47  (slabs=1)
67108864 particles on task=48  (slabs=1)
67108864 particles on task=49  (slabs=1)
67108864 particles on task=50  (slabs=1)
67108864 particles on task=51  (slabs=1)
67108864 particles on task=52  (slabs=1)
67108864 particles on task=53  (slabs=1)
67108864 particles on task=54  (slabs=1)
67108864 particles on task=55  (slabs=1)
67108864 particles on task=56  (slabs=1)
67108864 particles on task=57  (slabs=1)
67108864 particles on task=58  (slabs=1)
67108864 particles on task=59  (slabs=1)
67108864 particles on task=60  (slabs=1)
67108864 particles on task=61  (slabs=1)
67108864 particles on task=62  (slabs=1)
67108864 particles on task=63  (slabs=1)
67108864 particles on task=64  (slabs=1)
67108864 particles on task=65  (slabs=1)
67108864 particles on task=66  (slabs=1)
67108864 particles on task=67  (slabs=1)
67108864 particles on task=68  (slabs=1)
67108864 particles on task=69  (slabs=1)
67108864 particles on task=70  (slabs=1)
67108864 particles on task=71  (slabs=1)
67108864 particles on task=72  (slabs=1)
67108864 particles on task=73  (slabs=1)
67108864 particles on task=74  (slabs=1)
67108864 particles on task=75  (slabs=1)
67108864 particles on task=76  (slabs=1)
67108864 particles on task=77  (slabs=1)
67108864 particles on task=78  (slabs=1)
67108864 particles on task=79  (slabs=1)
67108864 particles on task=80  (slabs=1)
67108864 particles on task=81  (slabs=1)
67108864 particles on task=82  (slabs=1)
67108864 particles on task=83  (slabs=1)
67108864 particles on task=84  (slabs=1)
67108864 particles on task=85  (slabs=1)
67108864 particles on task=86  (slabs=1)
67108864 particles on task=87  (slabs=1)
67108864 particles on task=88  (slabs=1)
67108864 particles on task=89  (slabs=1)
67108864 particles on task=90  (slabs=1)
67108864 particles on task=91  (slabs=1)
67108864 particles on task=92  (slabs=1)
67108864 particles on task=93  (slabs=1)
67108864 particles on task=94  (slabs=1)
67108864 particles on task=95  (slabs=1)
67108864 particles on task=96  (slabs=1)
67108864 particles on task=97  (slabs=1)
67108864 particles on task=98  (slabs=1)
67108864 particles on task=99  (slabs=1)
67108864 particles on task=100  (slabs=1)
67108864 particles on task=101  (slabs=1)
67108864 particles on task=102  (slabs=1)
67108864 particles on task=103  (slabs=1)
67108864 particles on task=104  (slabs=1)
67108864 particles on task=105  (slabs=1)
67108864 particles on task=106  (slabs=1)
67108864 particles on task=107  (slabs=1)
67108864 particles on task=108  (slabs=1)
67108864 particles on task=109  (slabs=1)
67108864 particles on task=110  (slabs=1)
67108864 particles on task=111  (slabs=1)
67108864 particles on task=112  (slabs=1)
67108864 particles on task=113  (slabs=1)
67108864 particles on task=114  (slabs=1)
67108864 particles on task=115  (slabs=1)
67108864 particles on task=116  (slabs=1)
67108864 particles on task=117  (slabs=1)
67108864 particles on task=118  (slabs=1)
67108864 particles on task=119  (slabs=1)
67108864 particles on task=120  (slabs=1)
67108864 particles on task=121  (slabs=1)
67108864 particles on task=122  (slabs=1)
67108864 particles on task=123  (slabs=1)
67108864 particles on task=124  (slabs=1)
67108864 particles on task=125  (slabs=1)
67108864 particles on task=126  (slabs=1)
67108864 particles on task=127  (slabs=1)
67108864 particles on task=128  (slabs=1)
67108864 particles on task=129  (slabs=1)
67108864 particles on task=130  (slabs=1)
67108864 particles on task=131  (slabs=1)
67108864 particles on task=132  (slabs=1)
67108864 particles on task=133  (slabs=1)
67108864 particles on task=134  (slabs=1)
67108864 particles on task=135  (slabs=1)
67108864 particles on task=136  (slabs=1)
67108864 particles on task=137  (slabs=1)
67108864 particles on task=138  (slabs=1)
67108864 particles on task=139  (slabs=1)
67108864 particles on task=140  (slabs=1)
67108864 particles on task=141  (slabs=1)
67108864 particles on task=142  (slabs=1)
67108864 particles on task=143  (slabs=1)
67108864 particles on task=144  (slabs=1)
67108864 particles on task=145  (slabs=1)
67108864 particles on task=146  (slabs=1)
67108864 particles on task=147  (slabs=1)
67108864 particles on task=148  (slabs=1)
67108864 particles on task=149  (slabs=1)
67108864 particles on task=150  (slabs=1)
67108864 particles on task=151  (slabs=1)
67108864 particles on task=152  (slabs=1)
67108864 particles on task=153  (slabs=1)
67108864 particles on task=154  (slabs=1)
67108864 particles on task=155  (slabs=1)
67108864 particles on task=156  (slabs=1)
67108864 particles on task=157  (slabs=1)
67108864 particles on task=158  (slabs=1)
67108864 particles on task=159  (slabs=1)
67108864 particles on task=160  (slabs=1)
67108864 particles on task=161  (slabs=1)
67108864 particles on task=162  (slabs=1)
67108864 particles on task=163  (slabs=1)
67108864 particles on task=164  (slabs=1)
67108864 particles on task=165  (slabs=1)
67108864 particles on task=166  (slabs=1)
67108864 particles on task=167  (slabs=1)
67108864 particles on task=168  (slabs=1)
67108864 particles on task=169  (slabs=1)
67108864 particles on task=170  (slabs=1)
67108864 particles on task=171  (slabs=1)
67108864 particles on task=172  (slabs=1)
67108864 particles on task=173  (slabs=1)
67108864 particles on task=174  (slabs=1)
67108864 particles on task=175  (slabs=1)
67108864 particles on task=176  (slabs=1)
67108864 particles on task=177  (slabs=1)
67108864 particles on task=178  (slabs=1)
67108864 particles on task=179  (slabs=1)
67108864 particles on task=180  (slabs=1)
67108864 particles on task=181  (slabs=1)
67108864 particles on task=182  (slabs=1)
67108864 particles on task=183  (slabs=1)
67108864 particles on task=184  (slabs=1)
67108864 particles on task=185  (slabs=1)
67108864 particles on task=186  (slabs=1)
67108864 particles on task=187  (slabs=1)
67108864 particles on task=188  (slabs=1)
67108864 particles on task=189  (slabs=1)
67108864 particles on task=190  (slabs=1)
67108864 particles on task=191  (slabs=1)
67108864 particles on task=192  (slabs=1)
67108864 particles on task=193  (slabs=1)
67108864 particles on task=194  (slabs=1)
67108864 particles on task=195  (slabs=1)
67108864 particles on task=196  (slabs=1)
67108864 particles on task=197  (slabs=1)
67108864 particles on task=198  (slabs=1)
67108864 particles on task=199  (slabs=1)
67108864 particles on task=200  (slabs=1)
67108864 particles on task=201  (slabs=1)
67108864 particles on task=202  (slabs=1)
67108864 particles on task=203  (slabs=1)
67108864 particles on task=204  (slabs=1)
67108864 particles on task=205  (slabs=1)
67108864 particles on task=206  (slabs=1)
67108864 particles on task=207  (slabs=1)
67108864 particles on task=208  (slabs=1)
67108864 particles on task=209  (slabs=1)
67108864 particles on task=210  (slabs=1)
67108864 particles on task=211  (slabs=1)
67108864 particles on task=212  (slabs=1)
67108864 particles on task=213  (slabs=1)
67108864 particles on task=214  (slabs=1)
67108864 particles on task=215  (slabs=1)
67108864 particles on task=216  (slabs=1)
67108864 particles on task=217  (slabs=1)
67108864 particles on task=218  (slabs=1)
67108864 particles on task=219  (slabs=1)
67108864 particles on task=220  (slabs=1)
67108864 particles on task=221  (slabs=1)
67108864 particles on task=222  (slabs=1)
67108864 particles on task=223  (slabs=1)
67108864 particles on task=224  (slabs=1)
67108864 particles on task=225  (slabs=1)
67108864 particles on task=226  (slabs=1)
67108864 particles on task=227  (slabs=1)
67108864 particles on task=228  (slabs=1)
67108864 particles on task=229  (slabs=1)
67108864 particles on task=230  (slabs=1)
67108864 particles on task=231  (slabs=1)
67108864 particles on task=232  (slabs=1)
67108864 particles on task=233  (slabs=1)
67108864 particles on task=234  (slabs=1)
67108864 particles on task=235  (slabs=1)
67108864 particles on task=236  (slabs=1)
67108864 particles on task=237  (slabs=1)
67108864 particles on task=238  (slabs=1)
67108864 particles on task=239  (slabs=1)
67108864 particles on task=240  (slabs=1)
67108864 particles on task=241  (slabs=1)
67108864 particles on task=242  (slabs=1)
67108864 particles on task=243  (slabs=1)
67108864 particles on task=244  (slabs=1)
67108864 particles on task=245  (slabs=1)
67108864 particles on task=246  (slabs=1)
67108864 particles on task=247  (slabs=1)
67108864 particles on task=248  (slabs=1)
67108864 particles on task=249  (slabs=1)
67108864 particles on task=250  (slabs=1)
67108864 particles on task=251  (slabs=1)
67108864 particles on task=252  (slabs=1)
67108864 particles on task=253  (slabs=1)
67108864 particles on task=254  (slabs=1)
67108864 particles on task=255  (slabs=1)
67108864 particles on task=256  (slabs=1)
67108864 particles on task=257  (slabs=1)
67108864 particles on task=258  (slabs=1)
67108864 particles on task=259  (slabs=1)
67108864 particles on task=260  (slabs=1)
67108864 particles on task=261  (slabs=1)
67108864 particles on task=262  (slabs=1)
67108864 particles on task=263  (slabs=1)
67108864 particles on task=264  (slabs=1)
67108864 particles on task=265  (slabs=1)
67108864 particles on task=266  (slabs=1)
67108864 particles on task=267  (slabs=1)
67108864 particles on task=268  (slabs=1)
67108864 particles on task=269  (slabs=1)
67108864 particles on task=270  (slabs=1)
67108864 particles on task=271  (slabs=1)
67108864 particles on task=272  (slabs=1)
67108864 particles on task=273  (slabs=1)
67108864 particles on task=274  (slabs=1)
67108864 particles on task=275  (slabs=1)
67108864 particles on task=276  (slabs=1)
67108864 particles on task=277  (slabs=1)
67108864 particles on task=278  (slabs=1)
67108864 particles on task=279  (slabs=1)
67108864 particles on task=280  (slabs=1)
67108864 particles on task=281  (slabs=1)
67108864 particles on task=282  (slabs=1)
67108864 particles on task=283  (slabs=1)
67108864 particles on task=284  (slabs=1)
67108864 particles on task=285  (slabs=1)
67108864 particles on task=286  (slabs=1)
67108864 particles on task=287  (slabs=1)
67108864 particles on task=288  (slabs=1)
67108864 particles on task=289  (slabs=1)
67108864 particles on task=290  (slabs=1)
67108864 particles on task=291  (slabs=1)
67108864 particles on task=292  (slabs=1)
67108864 particles on task=293  (slabs=1)
67108864 particles on task=294  (slabs=1)
67108864 particles on task=295  (slabs=1)
67108864 particles on task=296  (slabs=1)
67108864 particles on task=297  (slabs=1)
67108864 particles on task=298  (slabs=1)
67108864 particles on task=299  (slabs=1)
67108864 particles on task=300  (slabs=1)
67108864 particles on task=301  (slabs=1)
67108864 particles on task=302  (slabs=1)
67108864 particles on task=303  (slabs=1)
67108864 particles on task=304  (slabs=1)
67108864 particles on task=305  (slabs=1)
67108864 particles on task=306  (slabs=1)
67108864 particles on task=307  (slabs=1)
67108864 particles on task=308  (slabs=1)
67108864 particles on task=309  (slabs=1)
67108864 particles on task=310  (slabs=1)
67108864 particles on task=311  (slabs=1)
67108864 particles on task=312  (slabs=1)
67108864 particles on task=313  (slabs=1)
67108864 particles on task=314  (slabs=1)
67108864 particles on task=315  (slabs=1)
67108864 particles on task=316  (slabs=1)
67108864 particles on task=317  (slabs=1)
67108864 particles on task=318  (slabs=1)
67108864 particles on task=319  (slabs=1)
67108864 particles on task=320  (slabs=1)
67108864 particles on task=321  (slabs=1)
67108864 particles on task=322  (slabs=1)
67108864 particles on task=323  (slabs=1)
67108864 particles on task=324  (slabs=1)
67108864 particles on task=325  (slabs=1)
67108864 particles on task=326  (slabs=1)
67108864 particles on task=327  (slabs=1)
67108864 particles on task=328  (slabs=1)
67108864 particles on task=329  (slabs=1)
67108864 particles on task=330  (slabs=1)
67108864 particles on task=331  (slabs=1)
67108864 particles on task=332  (slabs=1)
67108864 particles on task=333  (slabs=1)
67108864 particles on task=334  (slabs=1)
67108864 particles on task=335  (slabs=1)
67108864 particles on task=336  (slabs=1)
67108864 particles on task=337  (slabs=1)
67108864 particles on task=338  (slabs=1)
67108864 particles on task=339  (slabs=1)
67108864 particles on task=340  (slabs=1)
67108864 particles on task=341  (slabs=1)
67108864 particles on task=342  (slabs=1)
67108864 particles on task=343  (slabs=1)
67108864 particles on task=344  (slabs=1)
67108864 particles on task=345  (slabs=1)
67108864 particles on task=346  (slabs=1)
67108864 particles on task=347  (slabs=1)
67108864 particles on task=348  (slabs=1)
67108864 particles on task=349  (slabs=1)
67108864 particles on task=350  (slabs=1)
67108864 particles on task=351  (slabs=1)
67108864 particles on task=352  (slabs=1)
67108864 particles on task=353  (slabs=1)
67108864 particles on task=354  (slabs=1)
67108864 particles on task=355  (slabs=1)
67108864 particles on task=356  (slabs=1)
67108864 particles on task=357  (slabs=1)
67108864 particles on task=358  (slabs=1)
67108864 particles on task=359  (slabs=1)
67108864 particles on task=360  (slabs=1)
67108864 particles on task=361  (slabs=1)
67108864 particles on task=362  (slabs=1)
67108864 particles on task=363  (slabs=1)
67108864 particles on task=364  (slabs=1)
67108864 particles on task=365  (slabs=1)
67108864 particles on task=366  (slabs=1)
67108864 particles on task=367  (slabs=1)
67108864 particles on task=368  (slabs=1)
67108864 particles on task=369  (slabs=1)
67108864 particles on task=370  (slabs=1)
67108864 particles on task=371  (slabs=1)
67108864 particles on task=372  (slabs=1)
67108864 particles on task=373  (slabs=1)
67108864 particles on task=374  (slabs=1)
67108864 particles on task=375  (slabs=1)
67108864 particles on task=376  (slabs=1)
67108864 particles on task=377  (slabs=1)
67108864 particles on task=378  (slabs=1)
67108864 particles on task=379  (slabs=1)
67108864 particles on task=380  (slabs=1)
67108864 particles on task=381  (slabs=1)
67108864 particles on task=382  (slabs=1)
67108864 particles on task=383  (slabs=1)
67108864 particles on task=384  (slabs=1)
67108864 particles on task=385  (slabs=1)
67108864 particles on task=386  (slabs=1)
67108864 particles on task=387  (slabs=1)
67108864 particles on task=388  (slabs=1)
67108864 particles on task=389  (slabs=1)
67108864 particles on task=390  (slabs=1)
67108864 particles on task=391  (slabs=1)
67108864 particles on task=392  (slabs=1)
67108864 particles on task=393  (slabs=1)
67108864 particles on task=394  (slabs=1)
67108864 particles on task=395  (slabs=1)
67108864 particles on task=396  (slabs=1)
67108864 particles on task=397  (slabs=1)
67108864 particles on task=398  (slabs=1)
67108864 particles on task=399  (slabs=1)
67108864 particles on task=400  (slabs=1)
67108864 particles on task=401  (slabs=1)
67108864 particles on task=402  (slabs=1)
67108864 particles on task=403  (slabs=1)
67108864 particles on task=404  (slabs=1)
67108864 particles on task=405  (slabs=1)
67108864 particles on task=406  (slabs=1)
67108864 particles on task=407  (slabs=1)
67108864 particles on task=408  (slabs=1)
67108864 particles on task=409  (slabs=1)
67108864 particles on task=410  (slabs=1)
67108864 particles on task=411  (slabs=1)
67108864 particles on task=412  (slabs=1)
67108864 particles on task=413  (slabs=1)
67108864 particles on task=414  (slabs=1)
67108864 particles on task=415  (slabs=1)
67108864 particles on task=416  (slabs=1)
67108864 particles on task=417  (slabs=1)
67108864 particles on task=418  (slabs=1)
67108864 particles on task=419  (slabs=1)
67108864 particles on task=420  (slabs=1)
67108864 particles on task=421  (slabs=1)
67108864 particles on task=422  (slabs=1)
67108864 particles on task=423  (slabs=1)
67108864 particles on task=424  (slabs=1)
67108864 particles on task=425  (slabs=1)
67108864 particles on task=426  (slabs=1)
67108864 particles on task=427  (slabs=1)
67108864 particles on task=428  (slabs=1)
67108864 particles on task=429  (slabs=1)
67108864 particles on task=430  (slabs=1)
67108864 particles on task=431  (slabs=1)
67108864 particles on task=432  (slabs=1)
67108864 particles on task=433  (slabs=1)
67108864 particles on task=434  (slabs=1)
67108864 particles on task=435  (slabs=1)
67108864 particles on task=436  (slabs=1)
67108864 particles on task=437  (slabs=1)
67108864 particles on task=438  (slabs=1)
67108864 particles on task=439  (slabs=1)
67108864 particles on task=440  (slabs=1)
67108864 particles on task=441  (slabs=1)
67108864 particles on task=442  (slabs=1)
67108864 particles on task=443  (slabs=1)
67108864 particles on task=444  (slabs=1)
67108864 particles on task=445  (slabs=1)
67108864 particles on task=446  (slabs=1)
67108864 particles on task=447  (slabs=1)
67108864 particles on task=448  (slabs=1)
67108864 particles on task=449  (slabs=1)
67108864 particles on task=450  (slabs=1)
67108864 particles on task=451  (slabs=1)
67108864 particles on task=452  (slabs=1)
67108864 particles on task=453  (slabs=1)
67108864 particles on task=454  (slabs=1)
67108864 particles on task=455  (slabs=1)
67108864 particles on task=456  (slabs=1)
67108864 particles on task=457  (slabs=1)
67108864 particles on task=458  (slabs=1)
67108864 particles on task=459  (slabs=1)
67108864 particles on task=460  (slabs=1)
67108864 particles on task=461  (slabs=1)
67108864 particles on task=462  (slabs=1)
67108864 particles on task=463  (slabs=1)
67108864 particles on task=464  (slabs=1)
67108864 particles on task=465  (slabs=1)
67108864 particles on task=466  (slabs=1)
67108864 particles on task=467  (slabs=1)
67108864 particles on task=468  (slabs=1)
67108864 particles on task=469  (slabs=1)
67108864 particles on task=470  (slabs=1)
67108864 particles on task=471  (slabs=1)
67108864 particles on task=472  (slabs=1)
67108864 particles on task=473  (slabs=1)
67108864 particles on task=474  (slabs=1)
67108864 particles on task=475  (slabs=1)
67108864 particles on task=476  (slabs=1)
67108864 particles on task=477  (slabs=1)
67108864 particles on task=478  (slabs=1)
67108864 particles on task=479  (slabs=1)
67108864 particles on task=480  (slabs=1)
67108864 particles on task=481  (slabs=1)
67108864 particles on task=482  (slabs=1)
67108864 particles on task=483  (slabs=1)
67108864 particles on task=484  (slabs=1)
67108864 particles on task=485  (slabs=1)
67108864 particles on task=486  (slabs=1)
67108864 particles on task=487  (slabs=1)
67108864 particles on task=488  (slabs=1)
67108864 particles on task=489  (slabs=1)
67108864 particles on task=490  (slabs=1)
67108864 particles on task=491  (slabs=1)
67108864 particles on task=492  (slabs=1)
67108864 particles on task=493  (slabs=1)
67108864 particles on task=494  (slabs=1)
67108864 particles on task=495  (slabs=1)
67108864 particles on task=496  (slabs=1)
67108864 particles on task=497  (slabs=1)
67108864 particles on task=498  (slabs=1)
67108864 particles on task=499  (slabs=1)
67108864 particles on task=500  (slabs=1)
67108864 particles on task=501  (slabs=1)
67108864 particles on task=502  (slabs=1)
67108864 particles on task=503  (slabs=1)
67108864 particles on task=504  (slabs=1)
67108864 particles on task=505  (slabs=1)
67108864 particles on task=506  (slabs=1)
67108864 particles on task=507  (slabs=1)
67108864 particles on task=508  (slabs=1)
67108864 particles on task=509  (slabs=1)
67108864 particles on task=510  (slabs=1)
67108864 particles on task=511  (slabs=1)
67108864 particles on task=512  (slabs=1)
67108864 particles on task=513  (slabs=1)
67108864 particles on task=514  (slabs=1)
67108864 particles on task=515  (slabs=1)
67108864 particles on task=516  (slabs=1)
67108864 particles on task=517  (slabs=1)
67108864 particles on task=518  (slabs=1)
67108864 particles on task=519  (slabs=1)
67108864 particles on task=520  (slabs=1)
67108864 particles on task=521  (slabs=1)
67108864 particles on task=522  (slabs=1)
67108864 particles on task=523  (slabs=1)
67108864 particles on task=524  (slabs=1)
67108864 particles on task=525  (slabs=1)
67108864 particles on task=526  (slabs=1)
67108864 particles on task=527  (slabs=1)
67108864 particles on task=528  (slabs=1)
67108864 particles on task=529  (slabs=1)
67108864 particles on task=530  (slabs=1)
67108864 particles on task=531  (slabs=1)
67108864 particles on task=532  (slabs=1)
67108864 particles on task=533  (slabs=1)
67108864 particles on task=534  (slabs=1)
67108864 particles on task=535  (slabs=1)
67108864 particles on task=536  (slabs=1)
67108864 particles on task=537  (slabs=1)
67108864 particles on task=538  (slabs=1)
67108864 particles on task=539  (slabs=1)
67108864 particles on task=540  (slabs=1)
67108864 particles on task=541  (slabs=1)
67108864 particles on task=542  (slabs=1)
67108864 particles on task=543  (slabs=1)
67108864 particles on task=544  (slabs=1)
67108864 particles on task=545  (slabs=1)
67108864 particles on task=546  (slabs=1)
67108864 particles on task=547  (slabs=1)
67108864 particles on task=548  (slabs=1)
67108864 particles on task=549  (slabs=1)
67108864 particles on task=550  (slabs=1)
67108864 particles on task=551  (slabs=1)
67108864 particles on task=552  (slabs=1)
67108864 particles on task=553  (slabs=1)
67108864 particles on task=554  (slabs=1)
67108864 particles on task=555  (slabs=1)
67108864 particles on task=556  (slabs=1)
67108864 particles on task=557  (slabs=1)
67108864 particles on task=558  (slabs=1)
67108864 particles on task=559  (slabs=1)
67108864 particles on task=560  (slabs=1)
67108864 particles on task=561  (slabs=1)
67108864 particles on task=562  (slabs=1)
67108864 particles on task=563  (slabs=1)
67108864 particles on task=564  (slabs=1)
67108864 particles on task=565  (slabs=1)
67108864 particles on task=566  (slabs=1)
67108864 particles on task=567  (slabs=1)
67108864 particles on task=568  (slabs=1)
67108864 particles on task=569  (slabs=1)
67108864 particles on task=570  (slabs=1)
67108864 particles on task=571  (slabs=1)
67108864 particles on task=572  (slabs=1)
67108864 particles on task=573  (slabs=1)
67108864 particles on task=574  (slabs=1)
67108864 particles on task=575  (slabs=1)
67108864 particles on task=576  (slabs=1)
67108864 particles on task=577  (slabs=1)
67108864 particles on task=578  (slabs=1)
67108864 particles on task=579  (slabs=1)
67108864 particles on task=580  (slabs=1)
67108864 particles on task=581  (slabs=1)
67108864 particles on task=582  (slabs=1)
67108864 particles on task=583  (slabs=1)
67108864 particles on task=584  (slabs=1)
67108864 particles on task=585  (slabs=1)
67108864 particles on task=586  (slabs=1)
67108864 particles on task=587  (slabs=1)
67108864 particles on task=588  (slabs=1)
67108864 particles on task=589  (slabs=1)
67108864 particles on task=590  (slabs=1)
67108864 particles on task=591  (slabs=1)
67108864 particles on task=592  (slabs=1)
67108864 particles on task=593  (slabs=1)
67108864 particles on task=594  (slabs=1)
67108864 particles on task=595  (slabs=1)
67108864 particles on task=596  (slabs=1)
67108864 particles on task=597  (slabs=1)
67108864 particles on task=598  (slabs=1)
67108864 particles on task=599  (slabs=1)
67108864 particles on task=600  (slabs=1)
67108864 particles on task=601  (slabs=1)
67108864 particles on task=602  (slabs=1)
67108864 particles on task=603  (slabs=1)
67108864 particles on task=604  (slabs=1)
67108864 particles on task=605  (slabs=1)
67108864 particles on task=606  (slabs=1)
67108864 particles on task=607  (slabs=1)
67108864 particles on task=608  (slabs=1)
67108864 particles on task=609  (slabs=1)
67108864 particles on task=610  (slabs=1)
67108864 particles on task=611  (slabs=1)
67108864 particles on task=612  (slabs=1)
67108864 particles on task=613  (slabs=1)
67108864 particles on task=614  (slabs=1)
67108864 particles on task=615  (slabs=1)
67108864 particles on task=616  (slabs=1)
67108864 particles on task=617  (slabs=1)
67108864 particles on task=618  (slabs=1)
67108864 particles on task=619  (slabs=1)
67108864 particles on task=620  (slabs=1)
67108864 particles on task=621  (slabs=1)
67108864 particles on task=622  (slabs=1)
67108864 particles on task=623  (slabs=1)
67108864 particles on task=624  (slabs=1)
67108864 particles on task=625  (slabs=1)
67108864 particles on task=626  (slabs=1)
67108864 particles on task=627  (slabs=1)
67108864 particles on task=628  (slabs=1)
67108864 particles on task=629  (slabs=1)
67108864 particles on task=630  (slabs=1)
67108864 particles on task=631  (slabs=1)
67108864 particles on task=632  (slabs=1)
67108864 particles on task=633  (slabs=1)
67108864 particles on task=634  (slabs=1)
67108864 particles on task=635  (slabs=1)
67108864 particles on task=636  (slabs=1)
67108864 particles on task=637  (slabs=1)
67108864 particles on task=638  (slabs=1)
67108864 particles on task=639  (slabs=1)
67108864 particles on task=640  (slabs=1)
67108864 particles on task=641  (slabs=1)
67108864 particles on task=642  (slabs=1)
67108864 particles on task=643  (slabs=1)
67108864 particles on task=644  (slabs=1)
67108864 particles on task=645  (slabs=1)
67108864 particles on task=646  (slabs=1)
67108864 particles on task=647  (slabs=1)
67108864 particles on task=648  (slabs=1)
67108864 particles on task=649  (slabs=1)
67108864 particles on task=650  (slabs=1)
67108864 particles on task=651  (slabs=1)
67108864 particles on task=652  (slabs=1)
67108864 particles on task=653  (slabs=1)
67108864 particles on task=654  (slabs=1)
67108864 particles on task=655  (slabs=1)
67108864 particles on task=656  (slabs=1)
67108864 particles on task=657  (slabs=1)
67108864 particles on task=658  (slabs=1)
67108864 particles on task=659  (slabs=1)
67108864 particles on task=660  (slabs=1)
67108864 particles on task=661  (slabs=1)
67108864 particles on task=662  (slabs=1)
67108864 particles on task=663  (slabs=1)
67108864 particles on task=664  (slabs=1)
67108864 particles on task=665  (slabs=1)
67108864 particles on task=666  (slabs=1)
67108864 particles on task=667  (slabs=1)
67108864 particles on task=668  (slabs=1)
67108864 particles on task=669  (slabs=1)
67108864 particles on task=670  (slabs=1)
67108864 particles on task=671  (slabs=1)
67108864 particles on task=672  (slabs=1)
67108864 particles on task=673  (slabs=1)
67108864 particles on task=674  (slabs=1)
67108864 particles on task=675  (slabs=1)
67108864 particles on task=676  (slabs=1)
67108864 particles on task=677  (slabs=1)
67108864 particles on task=678  (slabs=1)
67108864 particles on task=679  (slabs=1)
67108864 particles on task=680  (slabs=1)
67108864 particles on task=681  (slabs=1)
67108864 particles on task=682  (slabs=1)
67108864 particles on task=683  (slabs=1)
67108864 particles on task=684  (slabs=1)
67108864 particles on task=685  (slabs=1)
67108864 particles on task=686  (slabs=1)
67108864 particles on task=687  (slabs=1)
67108864 particles on task=688  (slabs=1)
67108864 particles on task=689  (slabs=1)
67108864 particles on task=690  (slabs=1)
67108864 particles on task=691  (slabs=1)
67108864 particles on task=692  (slabs=1)
67108864 particles on task=693  (slabs=1)
67108864 particles on task=694  (slabs=1)
67108864 particles on task=695  (slabs=1)
67108864 particles on task=696  (slabs=1)
67108864 particles on task=697  (slabs=1)
67108864 particles on task=698  (slabs=1)
67108864 particles on task=699  (slabs=1)
67108864 particles on task=700  (slabs=1)
67108864 particles on task=701  (slabs=1)
67108864 particles on task=702  (slabs=1)
67108864 particles on task=703  (slabs=1)
67108864 particles on task=704  (slabs=1)
67108864 particles on task=705  (slabs=1)
67108864 particles on task=706  (slabs=1)
67108864 particles on task=707  (slabs=1)
67108864 particles on task=708  (slabs=1)
67108864 particles on task=709  (slabs=1)
67108864 particles on task=710  (slabs=1)
67108864 particles on task=711  (slabs=1)
67108864 particles on task=712  (slabs=1)
67108864 particles on task=713  (slabs=1)
67108864 particles on task=714  (slabs=1)
67108864 particles on task=715  (slabs=1)
67108864 particles on task=716  (slabs=1)
67108864 particles on task=717  (slabs=1)
67108864 particles on task=718  (slabs=1)
67108864 particles on task=719  (slabs=1)
67108864 particles on task=720  (slabs=1)
67108864 particles on task=721  (slabs=1)
67108864 particles on task=722  (slabs=1)
67108864 particles on task=723  (slabs=1)
67108864 particles on task=724  (slabs=1)
67108864 particles on task=725  (slabs=1)
67108864 particles on task=726  (slabs=1)
67108864 particles on task=727  (slabs=1)
67108864 particles on task=728  (slabs=1)
67108864 particles on task=729  (slabs=1)
67108864 particles on task=730  (slabs=1)
67108864 particles on task=731  (slabs=1)
67108864 particles on task=732  (slabs=1)
67108864 particles on task=733  (slabs=1)
67108864 particles on task=734  (slabs=1)
67108864 particles on task=735  (slabs=1)
67108864 particles on task=736  (slabs=1)
67108864 particles on task=737  (slabs=1)
67108864 particles on task=738  (slabs=1)
67108864 particles on task=739  (slabs=1)
67108864 particles on task=740  (slabs=1)
67108864 particles on task=741  (slabs=1)
67108864 particles on task=742  (slabs=1)
67108864 particles on task=743  (slabs=1)
67108864 particles on task=744  (slabs=1)
67108864 particles on task=745  (slabs=1)
67108864 particles on task=746  (slabs=1)
67108864 particles on task=747  (slabs=1)
67108864 particles on task=748  (slabs=1)
67108864 particles on task=749  (slabs=1)
67108864 particles on task=750  (slabs=1)
67108864 particles on task=751  (slabs=1)
67108864 particles on task=752  (slabs=1)
67108864 particles on task=753  (slabs=1)
67108864 particles on task=754  (slabs=1)
67108864 particles on task=755  (slabs=1)
67108864 particles on task=756  (slabs=1)
67108864 particles on task=757  (slabs=1)
67108864 particles on task=758  (slabs=1)
67108864 particles on task=759  (slabs=1)
67108864 particles on task=760  (slabs=1)
67108864 particles on task=761  (slabs=1)
67108864 particles on task=762  (slabs=1)
67108864 particles on task=763  (slabs=1)
67108864 particles on task=764  (slabs=1)
67108864 particles on task=765  (slabs=1)
67108864 particles on task=766  (slabs=1)
67108864 particles on task=767  (slabs=1)
67108864 particles on task=768  (slabs=1)
67108864 particles on task=769  (slabs=1)
67108864 particles on task=770  (slabs=1)
67108864 particles on task=771  (slabs=1)
67108864 particles on task=772  (slabs=1)
67108864 particles on task=773  (slabs=1)
67108864 particles on task=774  (slabs=1)
67108864 particles on task=775  (slabs=1)
67108864 particles on task=776  (slabs=1)
67108864 particles on task=777  (slabs=1)
67108864 particles on task=778  (slabs=1)
67108864 particles on task=779  (slabs=1)
67108864 particles on task=780  (slabs=1)
67108864 particles on task=781  (slabs=1)
67108864 particles on task=782  (slabs=1)
67108864 particles on task=783  (slabs=1)
67108864 particles on task=784  (slabs=1)
67108864 particles on task=785  (slabs=1)
67108864 particles on task=786  (slabs=1)
67108864 particles on task=787  (slabs=1)
67108864 particles on task=788  (slabs=1)
67108864 particles on task=789  (slabs=1)
67108864 particles on task=790  (slabs=1)
67108864 particles on task=791  (slabs=1)
67108864 particles on task=792  (slabs=1)
67108864 particles on task=793  (slabs=1)
67108864 particles on task=794  (slabs=1)
67108864 particles on task=795  (slabs=1)
67108864 particles on task=796  (slabs=1)
67108864 particles on task=797  (slabs=1)
67108864 particles on task=798  (slabs=1)
67108864 particles on task=799  (slabs=1)
67108864 particles on task=800  (slabs=1)
67108864 particles on task=801  (slabs=1)
67108864 particles on task=802  (slabs=1)
67108864 particles on task=803  (slabs=1)
67108864 particles on task=804  (slabs=1)
67108864 particles on task=805  (slabs=1)
67108864 particles on task=806  (slabs=1)
67108864 particles on task=807  (slabs=1)
67108864 particles on task=808  (slabs=1)
67108864 particles on task=809  (slabs=1)
67108864 particles on task=810  (slabs=1)
67108864 particles on task=811  (slabs=1)
67108864 particles on task=812  (slabs=1)
67108864 particles on task=813  (slabs=1)
67108864 particles on task=814  (slabs=1)
67108864 particles on task=815  (slabs=1)
67108864 particles on task=816  (slabs=1)
67108864 particles on task=817  (slabs=1)
67108864 particles on task=818  (slabs=1)
67108864 particles on task=819  (slabs=1)
67108864 particles on task=820  (slabs=1)
67108864 particles on task=821  (slabs=1)
67108864 particles on task=822  (slabs=1)
67108864 particles on task=823  (slabs=1)
67108864 particles on task=824  (slabs=1)
67108864 particles on task=825  (slabs=1)
67108864 particles on task=826  (slabs=1)
67108864 particles on task=827  (slabs=1)
67108864 particles on task=828  (slabs=1)
67108864 particles on task=829  (slabs=1)
67108864 particles on task=830  (slabs=1)
67108864 particles on task=831  (slabs=1)
67108864 particles on task=832  (slabs=1)
67108864 particles on task=833  (slabs=1)
67108864 particles on task=834  (slabs=1)
67108864 particles on task=835  (slabs=1)
67108864 particles on task=836  (slabs=1)
67108864 particles on task=837  (slabs=1)
67108864 particles on task=838  (slabs=1)
67108864 particles on task=839  (slabs=1)
67108864 particles on task=840  (slabs=1)
67108864 particles on task=841  (slabs=1)
67108864 particles on task=842  (slabs=1)
67108864 particles on task=843  (slabs=1)
67108864 particles on task=844  (slabs=1)
67108864 particles on task=845  (slabs=1)
67108864 particles on task=846  (slabs=1)
67108864 particles on task=847  (slabs=1)
67108864 particles on task=848  (slabs=1)
67108864 particles on task=849  (slabs=1)
67108864 particles on task=850  (slabs=1)
67108864 particles on task=851  (slabs=1)
67108864 particles on task=852  (slabs=1)
67108864 particles on task=853  (slabs=1)
67108864 particles on task=854  (slabs=1)
67108864 particles on task=855  (slabs=1)
67108864 particles on task=856  (slabs=1)
67108864 particles on task=857  (slabs=1)
67108864 particles on task=858  (slabs=1)
67108864 particles on task=859  (slabs=1)
67108864 particles on task=860  (slabs=1)
67108864 particles on task=861  (slabs=1)
67108864 particles on task=862  (slabs=1)
67108864 particles on task=863  (slabs=1)
67108864 particles on task=864  (slabs=1)
67108864 particles on task=865  (slabs=1)
67108864 particles on task=866  (slabs=1)
67108864 particles on task=867  (slabs=1)
67108864 particles on task=868  (slabs=1)
67108864 particles on task=869  (slabs=1)
67108864 particles on task=870  (slabs=1)
67108864 particles on task=871  (slabs=1)
67108864 particles on task=872  (slabs=1)
67108864 particles on task=873  (slabs=1)
67108864 particles on task=874  (slabs=1)
67108864 particles on task=875  (slabs=1)
67108864 particles on task=876  (slabs=1)
67108864 particles on task=877  (slabs=1)
67108864 particles on task=878  (slabs=1)
67108864 particles on task=879  (slabs=1)
67108864 particles on task=880  (slabs=1)
67108864 particles on task=881  (slabs=1)
67108864 particles on task=882  (slabs=1)
67108864 particles on task=883  (slabs=1)
67108864 particles on task=884  (slabs=1)
67108864 particles on task=885  (slabs=1)
67108864 particles on task=886  (slabs=1)
67108864 particles on task=887  (slabs=1)
67108864 particles on task=888  (slabs=1)
67108864 particles on task=889  (slabs=1)
67108864 particles on task=890  (slabs=1)
67108864 particles on task=891  (slabs=1)
67108864 particles on task=892  (slabs=1)
67108864 particles on task=893  (slabs=1)
67108864 particles on task=894  (slabs=1)
67108864 particles on task=895  (slabs=1)
67108864 particles on task=896  (slabs=1)
67108864 particles on task=897  (slabs=1)
67108864 particles on task=898  (slabs=1)
67108864 particles on task=899  (slabs=1)
67108864 particles on task=900  (slabs=1)
67108864 particles on task=901  (slabs=1)
67108864 particles on task=902  (slabs=1)
67108864 particles on task=903  (slabs=1)
67108864 particles on task=904  (slabs=1)
67108864 particles on task=905  (slabs=1)
67108864 particles on task=906  (slabs=1)
67108864 particles on task=907  (slabs=1)
67108864 particles on task=908  (slabs=1)
67108864 particles on task=909  (slabs=1)
67108864 particles on task=910  (slabs=1)
67108864 particles on task=911  (slabs=1)
67108864 particles on task=912  (slabs=1)
67108864 particles on task=913  (slabs=1)
67108864 particles on task=914  (slabs=1)
67108864 particles on task=915  (slabs=1)
67108864 particles on task=916  (slabs=1)
67108864 particles on task=917  (slabs=1)
67108864 particles on task=918  (slabs=1)
67108864 particles on task=919  (slabs=1)
67108864 particles on task=920  (slabs=1)
67108864 particles on task=921  (slabs=1)
67108864 particles on task=922  (slabs=1)
67108864 particles on task=923  (slabs=1)
67108864 particles on task=924  (slabs=1)
67108864 particles on task=925  (slabs=1)
67108864 particles on task=926  (slabs=1)
67108864 particles on task=927  (slabs=1)
67108864 particles on task=928  (slabs=1)
67108864 particles on task=929  (slabs=1)
67108864 particles on task=930  (slabs=1)
67108864 particles on task=931  (slabs=1)
67108864 particles on task=932  (slabs=1)
67108864 particles on task=933  (slabs=1)
67108864 particles on task=934  (slabs=1)
67108864 particles on task=935  (slabs=1)
67108864 particles on task=936  (slabs=1)
67108864 particles on task=937  (slabs=1)
67108864 particles on task=938  (slabs=1)
67108864 particles on task=939  (slabs=1)
67108864 particles on task=940  (slabs=1)
67108864 particles on task=941  (slabs=1)
67108864 particles on task=942  (slabs=1)
67108864 particles on task=943  (slabs=1)
67108864 particles on task=944  (slabs=1)
67108864 particles on task=945  (slabs=1)
67108864 particles on task=946  (slabs=1)
67108864 particles on task=947  (slabs=1)
67108864 particles on task=948  (slabs=1)
67108864 particles on task=949  (slabs=1)
67108864 particles on task=950  (slabs=1)
67108864 particles on task=951  (slabs=1)
67108864 particles on task=952  (slabs=1)
67108864 particles on task=953  (slabs=1)
67108864 particles on task=954  (slabs=1)
67108864 particles on task=955  (slabs=1)
67108864 particles on task=956  (slabs=1)
67108864 particles on task=957  (slabs=1)
67108864 particles on task=958  (slabs=1)
67108864 particles on task=959  (slabs=1)
67108864 particles on task=960  (slabs=1)
67108864 particles on task=961  (slabs=1)
67108864 particles on task=962  (slabs=1)
67108864 particles on task=963  (slabs=1)
67108864 particles on task=964  (slabs=1)
67108864 particles on task=965  (slabs=1)
67108864 particles on task=966  (slabs=1)
67108864 particles on task=967  (slabs=1)
67108864 particles on task=968  (slabs=1)
67108864 particles on task=969  (slabs=1)
67108864 particles on task=970  (slabs=1)
67108864 particles on task=971  (slabs=1)
67108864 particles on task=972  (slabs=1)
67108864 particles on task=973  (slabs=1)
67108864 particles on task=974  (slabs=1)
67108864 particles on task=975  (slabs=1)
67108864 particles on task=976  (slabs=1)
67108864 particles on task=977  (slabs=1)
67108864 particles on task=978  (slabs=1)
67108864 particles on task=979  (slabs=1)
67108864 particles on task=980  (slabs=1)
67108864 particles on task=981  (slabs=1)
67108864 particles on task=982  (slabs=1)
67108864 particles on task=983  (slabs=1)
67108864 particles on task=984  (slabs=1)
67108864 particles on task=985  (slabs=1)
67108864 particles on task=986  (slabs=1)
67108864 particles on task=987  (slabs=1)
67108864 particles on task=988  (slabs=1)
67108864 particles on task=989  (slabs=1)
67108864 particles on task=990  (slabs=1)
67108864 particles on task=991  (slabs=1)
67108864 particles on task=992  (slabs=1)
67108864 particles on task=993  (slabs=1)
67108864 particles on task=994  (slabs=1)
67108864 particles on task=995  (slabs=1)
67108864 particles on task=996  (slabs=1)
67108864 particles on task=997  (slabs=1)
67108864 particles on task=998  (slabs=1)
67108864 particles on task=999  (slabs=1)
67108864 particles on task=1000  (slabs=1)
67108864 particles on task=1001  (slabs=1)
67108864 particles on task=1002  (slabs=1)
67108864 particles on task=1003  (slabs=1)
67108864 particles on task=1004  (slabs=1)
67108864 particles on task=1005  (slabs=1)
67108864 particles on task=1006  (slabs=1)
67108864 particles on task=1007  (slabs=1)
67108864 particles on task=1008  (slabs=1)
67108864 particles on task=1009  (slabs=1)
67108864 particles on task=1010  (slabs=1)
67108864 particles on task=1011  (slabs=1)
67108864 particles on task=1012  (slabs=1)
67108864 particles on task=1013  (slabs=1)
67108864 particles on task=1014  (slabs=1)
67108864 particles on task=1015  (slabs=1)
67108864 particles on task=1016  (slabs=1)
67108864 particles on task=1017  (slabs=1)
67108864 particles on task=1018  (slabs=1)
67108864 particles on task=1019  (slabs=1)
67108864 particles on task=1020  (slabs=1)
67108864 particles on task=1021  (slabs=1)
67108864 particles on task=1022  (slabs=1)
67108864 particles on task=1023  (slabs=1)
67108864 particles on task=1024  (slabs=1)
67108864 particles on task=1025  (slabs=1)
67108864 particles on task=1026  (slabs=1)
67108864 particles on task=1027  (slabs=1)
67108864 particles on task=1028  (slabs=1)
67108864 particles on task=1029  (slabs=1)
67108864 particles on task=1030  (slabs=1)
67108864 particles on task=1031  (slabs=1)
67108864 particles on task=1032  (slabs=1)
67108864 particles on task=1033  (slabs=1)
67108864 particles on task=1034  (slabs=1)
67108864 particles on task=1035  (slabs=1)
67108864 particles on task=1036  (slabs=1)
67108864 particles on task=1037  (slabs=1)
67108864 particles on task=1038  (slabs=1)
67108864 particles on task=1039  (slabs=1)
67108864 particles on task=1040  (slabs=1)
67108864 particles on task=1041  (slabs=1)
67108864 particles on task=1042  (slabs=1)
67108864 particles on task=1043  (slabs=1)
67108864 particles on task=1044  (slabs=1)
67108864 particles on task=1045  (slabs=1)
67108864 particles on task=1046  (slabs=1)
67108864 particles on task=1047  (slabs=1)
67108864 particles on task=1048  (slabs=1)
67108864 particles on task=1049  (slabs=1)
67108864 particles on task=1050  (slabs=1)
67108864 particles on task=1051  (slabs=1)
67108864 particles on task=1052  (slabs=1)
67108864 particles on task=1053  (slabs=1)
67108864 particles on task=1054  (slabs=1)
67108864 particles on task=1055  (slabs=1)
67108864 particles on task=1056  (slabs=1)
67108864 particles on task=1057  (slabs=1)
67108864 particles on task=1058  (slabs=1)
67108864 particles on task=1059  (slabs=1)
67108864 particles on task=1060  (slabs=1)
67108864 particles on task=1061  (slabs=1)
67108864 particles on task=1062  (slabs=1)
67108864 particles on task=1063  (slabs=1)
67108864 particles on task=1064  (slabs=1)
67108864 particles on task=1065  (slabs=1)
67108864 particles on task=1066  (slabs=1)
67108864 particles on task=1067  (slabs=1)
67108864 particles on task=1068  (slabs=1)
67108864 particles on task=1069  (slabs=1)
67108864 particles on task=1070  (slabs=1)
67108864 particles on task=1071  (slabs=1)
67108864 particles on task=1072  (slabs=1)
67108864 particles on task=1073  (slabs=1)
67108864 particles on task=1074  (slabs=1)
67108864 particles on task=1075  (slabs=1)
67108864 particles on task=1076  (slabs=1)
67108864 particles on task=1077  (slabs=1)
67108864 particles on task=1078  (slabs=1)
67108864 particles on task=1079  (slabs=1)
67108864 particles on task=1080  (slabs=1)
67108864 particles on task=1081  (slabs=1)
67108864 particles on task=1082  (slabs=1)
67108864 particles on task=1083  (slabs=1)
67108864 particles on task=1084  (slabs=1)
67108864 particles on task=1085  (slabs=1)
67108864 particles on task=1086  (slabs=1)
67108864 particles on task=1087  (slabs=1)
67108864 particles on task=1088  (slabs=1)
67108864 particles on task=1089  (slabs=1)
67108864 particles on task=1090  (slabs=1)
67108864 particles on task=1091  (slabs=1)
67108864 particles on task=1092  (slabs=1)
67108864 particles on task=1093  (slabs=1)
67108864 particles on task=1094  (slabs=1)
67108864 particles on task=1095  (slabs=1)
67108864 particles on task=1096  (slabs=1)
67108864 particles on task=1097  (slabs=1)
67108864 particles on task=1098  (slabs=1)
67108864 particles on task=1099  (slabs=1)
67108864 particles on task=1100  (slabs=1)
67108864 particles on task=1101  (slabs=1)
67108864 particles on task=1102  (slabs=1)
67108864 particles on task=1103  (slabs=1)
67108864 particles on task=1104  (slabs=1)
67108864 particles on task=1105  (slabs=1)
67108864 particles on task=1106  (slabs=1)
67108864 particles on task=1107  (slabs=1)
67108864 particles on task=1108  (slabs=1)
67108864 particles on task=1109  (slabs=1)
67108864 particles on task=1110  (slabs=1)
67108864 particles on task=1111  (slabs=1)
67108864 particles on task=1112  (slabs=1)
67108864 particles on task=1113  (slabs=1)
67108864 particles on task=1114  (slabs=1)
67108864 particles on task=1115  (slabs=1)
67108864 particles on task=1116  (slabs=1)
67108864 particles on task=1117  (slabs=1)
67108864 particles on task=1118  (slabs=1)
67108864 particles on task=1119  (slabs=1)
67108864 particles on task=1120  (slabs=1)
67108864 particles on task=1121  (slabs=1)
67108864 particles on task=1122  (slabs=1)
67108864 particles on task=1123  (slabs=1)
67108864 particles on task=1124  (slabs=1)
67108864 particles on task=1125  (slabs=1)
67108864 particles on task=1126  (slabs=1)
67108864 particles on task=1127  (slabs=1)
67108864 particles on task=1128  (slabs=1)
67108864 particles on task=1129  (slabs=1)
67108864 particles on task=1130  (slabs=1)
67108864 particles on task=1131  (slabs=1)
67108864 particles on task=1132  (slabs=1)
67108864 particles on task=1133  (slabs=1)
67108864 particles on task=1134  (slabs=1)
67108864 particles on task=1135  (slabs=1)
67108864 particles on task=1136  (slabs=1)
67108864 particles on task=1137  (slabs=1)
67108864 particles on task=1138  (slabs=1)
67108864 particles on task=1139  (slabs=1)
67108864 particles on task=1140  (slabs=1)
67108864 particles on task=1141  (slabs=1)
67108864 particles on task=1142  (slabs=1)
67108864 particles on task=1143  (slabs=1)
67108864 particles on task=1144  (slabs=1)
67108864 particles on task=1145  (slabs=1)
67108864 particles on task=1146  (slabs=1)
67108864 particles on task=1147  (slabs=1)
67108864 particles on task=1148  (slabs=1)
67108864 particles on task=1149  (slabs=1)
67108864 particles on task=1150  (slabs=1)
67108864 particles on task=1151  (slabs=1)
67108864 particles on task=1152  (slabs=1)
67108864 particles on task=1153  (slabs=1)
67108864 particles on task=1154  (slabs=1)
67108864 particles on task=1155  (slabs=1)
67108864 particles on task=1156  (slabs=1)
67108864 particles on task=1157  (slabs=1)
67108864 particles on task=1158  (slabs=1)
67108864 particles on task=1159  (slabs=1)
67108864 particles on task=1160  (slabs=1)
67108864 particles on task=1161  (slabs=1)
67108864 particles on task=1162  (slabs=1)
67108864 particles on task=1163  (slabs=1)
67108864 particles on task=1164  (slabs=1)
67108864 particles on task=1165  (slabs=1)
67108864 particles on task=1166  (slabs=1)
67108864 particles on task=1167  (slabs=1)
67108864 particles on task=1168  (slabs=1)
67108864 particles on task=1169  (slabs=1)
67108864 particles on task=1170  (slabs=1)
67108864 particles on task=1171  (slabs=1)
67108864 particles on task=1172  (slabs=1)
67108864 particles on task=1173  (slabs=1)
67108864 particles on task=1174  (slabs=1)
67108864 particles on task=1175  (slabs=1)
67108864 particles on task=1176  (slabs=1)
67108864 particles on task=1177  (slabs=1)
67108864 particles on task=1178  (slabs=1)
67108864 particles on task=1179  (slabs=1)
67108864 particles on task=1180  (slabs=1)
67108864 particles on task=1181  (slabs=1)
67108864 particles on task=1182  (slabs=1)
67108864 particles on task=1183  (slabs=1)
67108864 particles on task=1184  (slabs=1)
67108864 particles on task=1185  (slabs=1)
67108864 particles on task=1186  (slabs=1)
67108864 particles on task=1187  (slabs=1)
67108864 particles on task=1188  (slabs=1)
67108864 particles on task=1189  (slabs=1)
67108864 particles on task=1190  (slabs=1)
67108864 particles on task=1191  (slabs=1)
67108864 particles on task=1192  (slabs=1)
67108864 particles on task=1193  (slabs=1)
67108864 particles on task=1194  (slabs=1)
67108864 particles on task=1195  (slabs=1)
67108864 particles on task=1196  (slabs=1)
67108864 particles on task=1197  (slabs=1)
67108864 particles on task=1198  (slabs=1)
67108864 particles on task=1199  (slabs=1)
67108864 particles on task=1200  (slabs=1)
67108864 particles on task=1201  (slabs=1)
67108864 particles on task=1202  (slabs=1)
67108864 particles on task=1203  (slabs=1)
67108864 particles on task=1204  (slabs=1)
67108864 particles on task=1205  (slabs=1)
67108864 particles on task=1206  (slabs=1)
67108864 particles on task=1207  (slabs=1)
67108864 particles on task=1208  (slabs=1)
67108864 particles on task=1209  (slabs=1)
67108864 particles on task=1210  (slabs=1)
67108864 particles on task=1211  (slabs=1)
67108864 particles on task=1212  (slabs=1)
67108864 particles on task=1213  (slabs=1)
67108864 particles on task=1214  (slabs=1)
67108864 particles on task=1215  (slabs=1)
67108864 particles on task=1216  (slabs=1)
67108864 particles on task=1217  (slabs=1)
67108864 particles on task=1218  (slabs=1)
67108864 particles on task=1219  (slabs=1)
67108864 particles on task=1220  (slabs=1)
67108864 particles on task=1221  (slabs=1)
67108864 particles on task=1222  (slabs=1)
67108864 particles on task=1223  (slabs=1)
67108864 particles on task=1224  (slabs=1)
67108864 particles on task=1225  (slabs=1)
67108864 particles on task=1226  (slabs=1)
67108864 particles on task=1227  (slabs=1)
67108864 particles on task=1228  (slabs=1)
67108864 particles on task=1229  (slabs=1)
67108864 particles on task=1230  (slabs=1)
67108864 particles on task=1231  (slabs=1)
67108864 particles on task=1232  (slabs=1)
67108864 particles on task=1233  (slabs=1)
67108864 particles on task=1234  (slabs=1)
67108864 particles on task=1235  (slabs=1)
67108864 particles on task=1236  (slabs=1)
67108864 particles on task=1237  (slabs=1)
67108864 particles on task=1238  (slabs=1)
67108864 particles on task=1239  (slabs=1)
67108864 particles on task=1240  (slabs=1)
67108864 particles on task=1241  (slabs=1)
67108864 particles on task=1242  (slabs=1)
67108864 particles on task=1243  (slabs=1)
67108864 particles on task=1244  (slabs=1)
67108864 particles on task=1245  (slabs=1)
67108864 particles on task=1246  (slabs=1)
67108864 particles on task=1247  (slabs=1)
67108864 particles on task=1248  (slabs=1)
67108864 particles on task=1249  (slabs=1)
67108864 particles on task=1250  (slabs=1)
67108864 particles on task=1251  (slabs=1)
67108864 particles on task=1252  (slabs=1)
67108864 particles on task=1253  (slabs=1)
67108864 particles on task=1254  (slabs=1)
67108864 particles on task=1255  (slabs=1)
67108864 particles on task=1256  (slabs=1)
67108864 particles on task=1257  (slabs=1)
67108864 particles on task=1258  (slabs=1)
67108864 particles on task=1259  (slabs=1)
67108864 particles on task=1260  (slabs=1)
67108864 particles on task=1261  (slabs=1)
67108864 particles on task=1262  (slabs=1)
67108864 particles on task=1263  (slabs=1)
67108864 particles on task=1264  (slabs=1)
67108864 particles on task=1265  (slabs=1)
67108864 particles on task=1266  (slabs=1)
67108864 particles on task=1267  (slabs=1)
67108864 particles on task=1268  (slabs=1)
67108864 particles on task=1269  (slabs=1)
67108864 particles on task=1270  (slabs=1)
67108864 particles on task=1271  (slabs=1)
67108864 particles on task=1272  (slabs=1)
67108864 particles on task=1273  (slabs=1)
67108864 particles on task=1274  (slabs=1)
67108864 particles on task=1275  (slabs=1)
67108864 particles on task=1276  (slabs=1)
67108864 particles on task=1277  (slabs=1)
67108864 particles on task=1278  (slabs=1)
67108864 particles on task=1279  (slabs=1)
67108864 particles on task=1280  (slabs=1)
67108864 particles on task=1281  (slabs=1)
67108864 particles on task=1282  (slabs=1)
67108864 particles on task=1283  (slabs=1)
67108864 particles on task=1284  (slabs=1)
67108864 particles on task=1285  (slabs=1)
67108864 particles on task=1286  (slabs=1)
67108864 particles on task=1287  (slabs=1)
67108864 particles on task=1288  (slabs=1)
67108864 particles on task=1289  (slabs=1)
67108864 particles on task=1290  (slabs=1)
67108864 particles on task=1291  (slabs=1)
67108864 particles on task=1292  (slabs=1)
67108864 particles on task=1293  (slabs=1)
67108864 particles on task=1294  (slabs=1)
67108864 particles on task=1295  (slabs=1)
67108864 particles on task=1296  (slabs=1)
67108864 particles on task=1297  (slabs=1)
67108864 particles on task=1298  (slabs=1)
67108864 particles on task=1299  (slabs=1)
67108864 particles on task=1300  (slabs=1)
67108864 particles on task=1301  (slabs=1)
67108864 particles on task=1302  (slabs=1)
67108864 particles on task=1303  (slabs=1)
67108864 particles on task=1304  (slabs=1)
67108864 particles on task=1305  (slabs=1)
67108864 particles on task=1306  (slabs=1)
67108864 particles on task=1307  (slabs=1)
67108864 particles on task=1308  (slabs=1)
67108864 particles on task=1309  (slabs=1)
67108864 particles on task=1310  (slabs=1)
67108864 particles on task=1311  (slabs=1)
67108864 particles on task=1312  (slabs=1)
67108864 particles on task=1313  (slabs=1)
67108864 particles on task=1314  (slabs=1)
67108864 particles on task=1315  (slabs=1)
67108864 particles on task=1316  (slabs=1)
67108864 particles on task=1317  (slabs=1)
67108864 particles on task=1318  (slabs=1)
67108864 particles on task=1319  (slabs=1)
67108864 particles on task=1320  (slabs=1)
67108864 particles on task=1321  (slabs=1)
67108864 particles on task=1322  (slabs=1)
67108864 particles on task=1323  (slabs=1)
67108864 particles on task=1324  (slabs=1)
67108864 particles on task=1325  (slabs=1)
67108864 particles on task=1326  (slabs=1)
67108864 particles on task=1327  (slabs=1)
67108864 particles on task=1328  (slabs=1)
67108864 particles on task=1329  (slabs=1)
67108864 particles on task=1330  (slabs=1)
67108864 particles on task=1331  (slabs=1)
67108864 particles on task=1332  (slabs=1)
67108864 particles on task=1333  (slabs=1)
67108864 particles on task=1334  (slabs=1)
67108864 particles on task=1335  (slabs=1)
67108864 particles on task=1336  (slabs=1)
67108864 particles on task=1337  (slabs=1)
67108864 particles on task=1338  (slabs=1)
67108864 particles on task=1339  (slabs=1)
67108864 particles on task=1340  (slabs=1)
67108864 particles on task=1341  (slabs=1)
67108864 particles on task=1342  (slabs=1)
67108864 particles on task=1343  (slabs=1)
67108864 particles on task=1344  (slabs=1)
67108864 particles on task=1345  (slabs=1)
67108864 particles on task=1346  (slabs=1)
67108864 particles on task=1347  (slabs=1)
67108864 particles on task=1348  (slabs=1)
67108864 particles on task=1349  (slabs=1)
67108864 particles on task=1350  (slabs=1)
67108864 particles on task=1351  (slabs=1)
67108864 particles on task=1352  (slabs=1)
67108864 particles on task=1353  (slabs=1)
67108864 particles on task=1354  (slabs=1)
67108864 particles on task=1355  (slabs=1)
67108864 particles on task=1356  (slabs=1)
67108864 particles on task=1357  (slabs=1)
67108864 particles on task=1358  (slabs=1)
67108864 particles on task=1359  (slabs=1)
67108864 particles on task=1360  (slabs=1)
67108864 particles on task=1361  (slabs=1)
67108864 particles on task=1362  (slabs=1)
67108864 particles on task=1363  (slabs=1)
67108864 particles on task=1364  (slabs=1)
67108864 particles on task=1365  (slabs=1)
67108864 particles on task=1366  (slabs=1)
67108864 particles on task=1367  (slabs=1)
67108864 particles on task=1368  (slabs=1)
67108864 particles on task=1369  (slabs=1)
67108864 particles on task=1370  (slabs=1)
67108864 particles on task=1371  (slabs=1)
67108864 particles on task=1372  (slabs=1)
67108864 particles on task=1373  (slabs=1)
67108864 particles on task=1374  (slabs=1)
67108864 particles on task=1375  (slabs=1)
67108864 particles on task=1376  (slabs=1)
67108864 particles on task=1377  (slabs=1)
67108864 particles on task=1378  (slabs=1)
67108864 particles on task=1379  (slabs=1)
67108864 particles on task=1380  (slabs=1)
67108864 particles on task=1381  (slabs=1)
67108864 particles on task=1382  (slabs=1)
67108864 particles on task=1383  (slabs=1)
67108864 particles on task=1384  (slabs=1)
67108864 particles on task=1385  (slabs=1)
67108864 particles on task=1386  (slabs=1)
67108864 particles on task=1387  (slabs=1)
67108864 particles on task=1388  (slabs=1)
67108864 particles on task=1389  (slabs=1)
67108864 particles on task=1390  (slabs=1)
67108864 particles on task=1391  (slabs=1)
67108864 particles on task=1392  (slabs=1)
67108864 particles on task=1393  (slabs=1)
67108864 particles on task=1394  (slabs=1)
67108864 particles on task=1395  (slabs=1)
67108864 particles on task=1396  (slabs=1)
67108864 particles on task=1397  (slabs=1)
67108864 particles on task=1398  (slabs=1)
67108864 particles on task=1399  (slabs=1)
67108864 particles on task=1400  (slabs=1)
67108864 particles on task=1401  (slabs=1)
67108864 particles on task=1402  (slabs=1)
67108864 particles on task=1403  (slabs=1)
67108864 particles on task=1404  (slabs=1)
67108864 particles on task=1405  (slabs=1)
67108864 particles on task=1406  (slabs=1)
67108864 particles on task=1407  (slabs=1)
67108864 particles on task=1408  (slabs=1)
67108864 particles on task=1409  (slabs=1)
67108864 particles on task=1410  (slabs=1)
67108864 particles on task=1411  (slabs=1)
67108864 particles on task=1412  (slabs=1)
67108864 particles on task=1413  (slabs=1)
67108864 particles on task=1414  (slabs=1)
67108864 particles on task=1415  (slabs=1)
67108864 particles on task=1416  (slabs=1)
67108864 particles on task=1417  (slabs=1)
67108864 particles on task=1418  (slabs=1)
67108864 particles on task=1419  (slabs=1)
67108864 particles on task=1420  (slabs=1)
67108864 particles on task=1421  (slabs=1)
67108864 particles on task=1422  (slabs=1)
67108864 particles on task=1423  (slabs=1)
67108864 particles on task=1424  (slabs=1)
67108864 particles on task=1425  (slabs=1)
67108864 particles on task=1426  (slabs=1)
67108864 particles on task=1427  (slabs=1)
67108864 particles on task=1428  (slabs=1)
67108864 particles on task=1429  (slabs=1)
67108864 particles on task=1430  (slabs=1)
67108864 particles on task=1431  (slabs=1)
67108864 particles on task=1432  (slabs=1)
67108864 particles on task=1433  (slabs=1)
67108864 particles on task=1434  (slabs=1)
67108864 particles on task=1435  (slabs=1)
67108864 particles on task=1436  (slabs=1)
67108864 particles on task=1437  (slabs=1)
67108864 particles on task=1438  (slabs=1)
67108864 particles on task=1439  (slabs=1)
67108864 particles on task=1440  (slabs=1)
67108864 particles on task=1441  (slabs=1)
67108864 particles on task=1442  (slabs=1)
67108864 particles on task=1443  (slabs=1)
67108864 particles on task=1444  (slabs=1)
67108864 particles on task=1445  (slabs=1)
67108864 particles on task=1446  (slabs=1)
67108864 particles on task=1447  (slabs=1)
67108864 particles on task=1448  (slabs=1)
67108864 particles on task=1449  (slabs=1)
67108864 particles on task=1450  (slabs=1)
67108864 particles on task=1451  (slabs=1)
67108864 particles on task=1452  (slabs=1)
67108864 particles on task=1453  (slabs=1)
67108864 particles on task=1454  (slabs=1)
67108864 particles on task=1455  (slabs=1)
67108864 particles on task=1456  (slabs=1)
67108864 particles on task=1457  (slabs=1)
67108864 particles on task=1458  (slabs=1)
67108864 particles on task=1459  (slabs=1)
67108864 particles on task=1460  (slabs=1)
67108864 particles on task=1461  (slabs=1)
67108864 particles on task=1462  (slabs=1)
67108864 particles on task=1463  (slabs=1)
67108864 particles on task=1464  (slabs=1)
67108864 particles on task=1465  (slabs=1)
67108864 particles on task=1466  (slabs=1)
67108864 particles on task=1467  (slabs=1)
67108864 particles on task=1468  (slabs=1)
67108864 particles on task=1469  (slabs=1)
67108864 particles on task=1470  (slabs=1)
67108864 particles on task=1471  (slabs=1)
67108864 particles on task=1472  (slabs=1)
67108864 particles on task=1473  (slabs=1)
67108864 particles on task=1474  (slabs=1)
67108864 particles on task=1475  (slabs=1)
67108864 particles on task=1476  (slabs=1)
67108864 particles on task=1477  (slabs=1)
67108864 particles on task=1478  (slabs=1)
67108864 particles on task=1479  (slabs=1)
67108864 particles on task=1480  (slabs=1)
67108864 particles on task=1481  (slabs=1)
67108864 particles on task=1482  (slabs=1)
67108864 particles on task=1483  (slabs=1)
67108864 particles on task=1484  (slabs=1)
67108864 particles on task=1485  (slabs=1)
67108864 particles on task=1486  (slabs=1)
67108864 particles on task=1487  (slabs=1)
67108864 particles on task=1488  (slabs=1)
67108864 particles on task=1489  (slabs=1)
67108864 particles on task=1490  (slabs=1)
67108864 particles on task=1491  (slabs=1)
67108864 particles on task=1492  (slabs=1)
67108864 particles on task=1493  (slabs=1)
67108864 particles on task=1494  (slabs=1)
67108864 particles on task=1495  (slabs=1)
67108864 particles on task=1496  (slabs=1)
67108864 particles on task=1497  (slabs=1)
67108864 particles on task=1498  (slabs=1)
67108864 particles on task=1499  (slabs=1)
67108864 particles on task=1500  (slabs=1)
67108864 particles on task=1501  (slabs=1)
67108864 particles on task=1502  (slabs=1)
67108864 particles on task=1503  (slabs=1)
67108864 particles on task=1504  (slabs=1)
67108864 particles on task=1505  (slabs=1)
67108864 particles on task=1506  (slabs=1)
67108864 particles on task=1507  (slabs=1)
67108864 particles on task=1508  (slabs=1)
67108864 particles on task=1509  (slabs=1)
67108864 particles on task=1510  (slabs=1)
67108864 particles on task=1511  (slabs=1)
67108864 particles on task=1512  (slabs=1)
67108864 particles on task=1513  (slabs=1)
67108864 particles on task=1514  (slabs=1)
67108864 particles on task=1515  (slabs=1)
67108864 particles on task=1516  (slabs=1)
67108864 particles on task=1517  (slabs=1)
67108864 particles on task=1518  (slabs=1)
67108864 particles on task=1519  (slabs=1)
67108864 particles on task=1520  (slabs=1)
67108864 particles on task=1521  (slabs=1)
67108864 particles on task=1522  (slabs=1)
67108864 particles on task=1523  (slabs=1)
67108864 particles on task=1524  (slabs=1)
67108864 particles on task=1525  (slabs=1)
67108864 particles on task=1526  (slabs=1)
67108864 particles on task=1527  (slabs=1)
67108864 particles on task=1528  (slabs=1)
67108864 particles on task=1529  (slabs=1)
67108864 particles on task=1530  (slabs=1)
67108864 particles on task=1531  (slabs=1)
67108864 particles on task=1532  (slabs=1)
67108864 particles on task=1533  (slabs=1)
67108864 particles on task=1534  (slabs=1)
67108864 particles on task=1535  (slabs=1)
67108864 particles on task=1536  (slabs=1)
67108864 particles on task=1537  (slabs=1)
67108864 particles on task=1538  (slabs=1)
67108864 particles on task=1539  (slabs=1)
67108864 particles on task=1540  (slabs=1)
67108864 particles on task=1541  (slabs=1)
67108864 particles on task=1542  (slabs=1)
67108864 particles on task=1543  (slabs=1)
67108864 particles on task=1544  (slabs=1)
67108864 particles on task=1545  (slabs=1)
67108864 particles on task=1546  (slabs=1)
67108864 particles on task=1547  (slabs=1)
67108864 particles on task=1548  (slabs=1)
67108864 particles on task=1549  (slabs=1)
67108864 particles on task=1550  (slabs=1)
67108864 particles on task=1551  (slabs=1)
67108864 particles on task=1552  (slabs=1)
67108864 particles on task=1553  (slabs=1)
67108864 particles on task=1554  (slabs=1)
67108864 particles on task=1555  (slabs=1)
67108864 particles on task=1556  (slabs=1)
67108864 particles on task=1557  (slabs=1)
67108864 particles on task=1558  (slabs=1)
67108864 particles on task=1559  (slabs=1)
67108864 particles on task=1560  (slabs=1)
67108864 particles on task=1561  (slabs=1)
67108864 particles on task=1562  (slabs=1)
67108864 particles on task=1563  (slabs=1)
67108864 particles on task=1564  (slabs=1)
67108864 particles on task=1565  (slabs=1)
67108864 particles on task=1566  (slabs=1)
67108864 particles on task=1567  (slabs=1)
67108864 particles on task=1568  (slabs=1)
67108864 particles on task=1569  (slabs=1)
67108864 particles on task=1570  (slabs=1)
67108864 particles on task=1571  (slabs=1)
67108864 particles on task=1572  (slabs=1)
67108864 particles on task=1573  (slabs=1)
67108864 particles on task=1574  (slabs=1)
67108864 particles on task=1575  (slabs=1)
67108864 particles on task=1576  (slabs=1)
67108864 particles on task=1577  (slabs=1)
67108864 particles on task=1578  (slabs=1)
67108864 particles on task=1579  (slabs=1)
67108864 particles on task=1580  (slabs=1)
67108864 particles on task=1581  (slabs=1)
67108864 particles on task=1582  (slabs=1)
67108864 particles on task=1583  (slabs=1)
67108864 particles on task=1584  (slabs=1)
67108864 particles on task=1585  (slabs=1)
67108864 particles on task=1586  (slabs=1)
67108864 particles on task=1587  (slabs=1)
67108864 particles on task=1588  (slabs=1)
67108864 particles on task=1589  (slabs=1)
67108864 particles on task=1590  (slabs=1)
67108864 particles on task=1591  (slabs=1)
67108864 particles on task=1592  (slabs=1)
67108864 particles on task=1593  (slabs=1)
67108864 particles on task=1594  (slabs=1)
67108864 particles on task=1595  (slabs=1)
67108864 particles on task=1596  (slabs=1)
67108864 particles on task=1597  (slabs=1)
67108864 particles on task=1598  (slabs=1)
67108864 particles on task=1599  (slabs=1)
67108864 particles on task=1600  (slabs=1)
67108864 particles on task=1601  (slabs=1)
67108864 particles on task=1602  (slabs=1)
67108864 particles on task=1603  (slabs=1)
67108864 particles on task=1604  (slabs=1)
67108864 particles on task=1605  (slabs=1)
67108864 particles on task=1606  (slabs=1)
67108864 particles on task=1607  (slabs=1)
67108864 particles on task=1608  (slabs=1)
67108864 particles on task=1609  (slabs=1)
67108864 particles on task=1610  (slabs=1)
67108864 particles on task=1611  (slabs=1)
67108864 particles on task=1612  (slabs=1)
67108864 particles on task=1613  (slabs=1)
67108864 particles on task=1614  (slabs=1)
67108864 particles on task=1615  (slabs=1)
67108864 particles on task=1616  (slabs=1)
67108864 particles on task=1617  (slabs=1)
67108864 particles on task=1618  (slabs=1)
67108864 particles on task=1619  (slabs=1)
67108864 particles on task=1620  (slabs=1)
67108864 particles on task=1621  (slabs=1)
67108864 particles on task=1622  (slabs=1)
67108864 particles on task=1623  (slabs=1)
67108864 particles on task=1624  (slabs=1)
67108864 particles on task=1625  (slabs=1)
67108864 particles on task=1626  (slabs=1)
67108864 particles on task=1627  (slabs=1)
67108864 particles on task=1628  (slabs=1)
67108864 particles on task=1629  (slabs=1)
67108864 particles on task=1630  (slabs=1)
67108864 particles on task=1631  (slabs=1)
67108864 particles on task=1632  (slabs=1)
67108864 particles on task=1633  (slabs=1)
67108864 particles on task=1634  (slabs=1)
67108864 particles on task=1635  (slabs=1)
67108864 particles on task=1636  (slabs=1)
67108864 particles on task=1637  (slabs=1)
67108864 particles on task=1638  (slabs=1)
67108864 particles on task=1639  (slabs=1)
67108864 particles on task=1640  (slabs=1)
67108864 particles on task=1641  (slabs=1)
67108864 particles on task=1642  (slabs=1)
67108864 particles on task=1643  (slabs=1)
67108864 particles on task=1644  (slabs=1)
67108864 particles on task=1645  (slabs=1)
67108864 particles on task=1646  (slabs=1)
67108864 particles on task=1647  (slabs=1)
67108864 particles on task=1648  (slabs=1)
67108864 particles on task=1649  (slabs=1)
67108864 particles on task=1650  (slabs=1)
67108864 particles on task=1651  (slabs=1)
67108864 particles on task=1652  (slabs=1)
67108864 particles on task=1653  (slabs=1)
67108864 particles on task=1654  (slabs=1)
67108864 particles on task=1655  (slabs=1)
67108864 particles on task=1656  (slabs=1)
67108864 particles on task=1657  (slabs=1)
67108864 particles on task=1658  (slabs=1)
67108864 particles on task=1659  (slabs=1)
67108864 particles on task=1660  (slabs=1)
67108864 particles on task=1661  (slabs=1)
67108864 particles on task=1662  (slabs=1)
67108864 particles on task=1663  (slabs=1)
67108864 particles on task=1664  (slabs=1)
67108864 particles on task=1665  (slabs=1)
67108864 particles on task=1666  (slabs=1)
67108864 particles on task=1667  (slabs=1)
67108864 particles on task=1668  (slabs=1)
67108864 particles on task=1669  (slabs=1)
67108864 particles on task=1670  (slabs=1)
67108864 particles on task=1671  (slabs=1)
67108864 particles on task=1672  (slabs=1)
67108864 particles on task=1673  (slabs=1)
67108864 particles on task=1674  (slabs=1)
67108864 particles on task=1675  (slabs=1)
67108864 particles on task=1676  (slabs=1)
67108864 particles on task=1677  (slabs=1)
67108864 particles on task=1678  (slabs=1)
67108864 particles on task=1679  (slabs=1)
67108864 particles on task=1680  (slabs=1)
67108864 particles on task=1681  (slabs=1)
67108864 particles on task=1682  (slabs=1)
67108864 particles on task=1683  (slabs=1)
67108864 particles on task=1684  (slabs=1)
67108864 particles on task=1685  (slabs=1)
67108864 particles on task=1686  (slabs=1)
67108864 particles on task=1687  (slabs=1)
67108864 particles on task=1688  (slabs=1)
67108864 particles on task=1689  (slabs=1)
67108864 particles on task=1690  (slabs=1)
67108864 particles on task=1691  (slabs=1)
67108864 particles on task=1692  (slabs=1)
67108864 particles on task=1693  (slabs=1)
67108864 particles on task=1694  (slabs=1)
67108864 particles on task=1695  (slabs=1)
67108864 particles on task=1696  (slabs=1)
67108864 particles on task=1697  (slabs=1)
67108864 particles on task=1698  (slabs=1)
67108864 particles on task=1699  (slabs=1)
67108864 particles on task=1700  (slabs=1)
67108864 particles on task=1701  (slabs=1)
67108864 particles on task=1702  (slabs=1)
67108864 particles on task=1703  (slabs=1)
67108864 particles on task=1704  (slabs=1)
67108864 particles on task=1705  (slabs=1)
67108864 particles on task=1706  (slabs=1)
67108864 particles on task=1707  (slabs=1)
67108864 particles on task=1708  (slabs=1)
67108864 particles on task=1709  (slabs=1)
67108864 particles on task=1710  (slabs=1)
67108864 particles on task=1711  (slabs=1)
67108864 particles on task=1712  (slabs=1)
67108864 particles on task=1713  (slabs=1)
67108864 particles on task=1714  (slabs=1)
67108864 particles on task=1715  (slabs=1)
67108864 particles on task=1716  (slabs=1)
67108864 particles on task=1717  (slabs=1)
67108864 particles on task=1718  (slabs=1)
67108864 particles on task=1719  (slabs=1)
67108864 particles on task=1720  (slabs=1)
67108864 particles on task=1721  (slabs=1)
67108864 particles on task=1722  (slabs=1)
67108864 particles on task=1723  (slabs=1)
67108864 particles on task=1724  (slabs=1)
67108864 particles on task=1725  (slabs=1)
67108864 particles on task=1726  (slabs=1)
67108864 particles on task=1727  (slabs=1)
67108864 particles on task=1728  (slabs=1)
67108864 particles on task=1729  (slabs=1)
67108864 particles on task=1730  (slabs=1)
67108864 particles on task=1731  (slabs=1)
67108864 particles on task=1732  (slabs=1)
67108864 particles on task=1733  (slabs=1)
67108864 particles on task=1734  (slabs=1)
67108864 particles on task=1735  (slabs=1)
67108864 particles on task=1736  (slabs=1)
67108864 particles on task=1737  (slabs=1)
67108864 particles on task=1738  (slabs=1)
67108864 particles on task=1739  (slabs=1)
67108864 particles on task=1740  (slabs=1)
67108864 particles on task=1741  (slabs=1)
67108864 particles on task=1742  (slabs=1)
67108864 particles on task=1743  (slabs=1)
67108864 particles on task=1744  (slabs=1)
67108864 particles on task=1745  (slabs=1)
67108864 particles on task=1746  (slabs=1)
67108864 particles on task=1747  (slabs=1)
67108864 particles on task=1748  (slabs=1)
67108864 particles on task=1749  (slabs=1)
67108864 particles on task=1750  (slabs=1)
67108864 particles on task=1751  (slabs=1)
67108864 particles on task=1752  (slabs=1)
67108864 particles on task=1753  (slabs=1)
67108864 particles on task=1754  (slabs=1)
67108864 particles on task=1755  (slabs=1)
67108864 particles on task=1756  (slabs=1)
67108864 particles on task=1757  (slabs=1)
67108864 particles on task=1758  (slabs=1)
67108864 particles on task=1759  (slabs=1)
67108864 particles on task=1760  (slabs=1)
67108864 particles on task=1761  (slabs=1)
67108864 particles on task=1762  (slabs=1)
67108864 particles on task=1763  (slabs=1)
67108864 particles on task=1764  (slabs=1)
67108864 particles on task=1765  (slabs=1)
67108864 particles on task=1766  (slabs=1)
67108864 particles on task=1767  (slabs=1)
67108864 particles on task=1768  (slabs=1)
67108864 particles on task=1769  (slabs=1)
67108864 particles on task=1770  (slabs=1)
67108864 particles on task=1771  (slabs=1)
67108864 particles on task=1772  (slabs=1)
67108864 particles on task=1773  (slabs=1)
67108864 particles on task=1774  (slabs=1)
67108864 particles on task=1775  (slabs=1)
67108864 particles on task=1776  (slabs=1)
67108864 particles on task=1777  (slabs=1)
67108864 particles on task=1778  (slabs=1)
67108864 particles on task=1779  (slabs=1)
67108864 particles on task=1780  (slabs=1)
67108864 particles on task=1781  (slabs=1)
67108864 particles on task=1782  (slabs=1)
67108864 particles on task=1783  (slabs=1)
67108864 particles on task=1784  (slabs=1)
67108864 particles on task=1785  (slabs=1)
67108864 particles on task=1786  (slabs=1)
67108864 particles on task=1787  (slabs=1)
67108864 particles on task=1788  (slabs=1)
67108864 particles on task=1789  (slabs=1)
67108864 particles on task=1790  (slabs=1)
67108864 particles on task=1791  (slabs=1)
67108864 particles on task=1792  (slabs=1)
67108864 particles on task=1793  (slabs=1)
67108864 particles on task=1794  (slabs=1)
67108864 particles on task=1795  (slabs=1)
67108864 particles on task=1796  (slabs=1)
67108864 particles on task=1797  (slabs=1)
67108864 particles on task=1798  (slabs=1)
67108864 particles on task=1799  (slabs=1)
67108864 particles on task=1800  (slabs=1)
67108864 particles on task=1801  (slabs=1)
67108864 particles on task=1802  (slabs=1)
67108864 particles on task=1803  (slabs=1)
67108864 particles on task=1804  (slabs=1)
67108864 particles on task=1805  (slabs=1)
67108864 particles on task=1806  (slabs=1)
67108864 particles on task=1807  (slabs=1)
67108864 particles on task=1808  (slabs=1)
67108864 particles on task=1809  (slabs=1)
67108864 particles on task=1810  (slabs=1)
67108864 particles on task=1811  (slabs=1)
67108864 particles on task=1812  (slabs=1)
67108864 particles on task=1813  (slabs=1)
67108864 particles on task=1814  (slabs=1)
67108864 particles on task=1815  (slabs=1)
67108864 particles on task=1816  (slabs=1)
67108864 particles on task=1817  (slabs=1)
67108864 particles on task=1818  (slabs=1)
67108864 particles on task=1819  (slabs=1)
67108864 particles on task=1820  (slabs=1)
67108864 particles on task=1821  (slabs=1)
67108864 particles on task=1822  (slabs=1)
67108864 particles on task=1823  (slabs=1)
67108864 particles on task=1824  (slabs=1)
67108864 particles on task=1825  (slabs=1)
67108864 particles on task=1826  (slabs=1)
67108864 particles on task=1827  (slabs=1)
67108864 particles on task=1828  (slabs=1)
67108864 particles on task=1829  (slabs=1)
67108864 particles on task=1830  (slabs=1)
67108864 particles on task=1831  (slabs=1)
67108864 particles on task=1832  (slabs=1)
67108864 particles on task=1833  (slabs=1)
67108864 particles on task=1834  (slabs=1)
67108864 particles on task=1835  (slabs=1)
67108864 particles on task=1836  (slabs=1)
67108864 particles on task=1837  (slabs=1)
67108864 particles on task=1838  (slabs=1)
67108864 particles on task=1839  (slabs=1)
67108864 particles on task=1840  (slabs=1)
67108864 particles on task=1841  (slabs=1)
67108864 particles on task=1842  (slabs=1)
67108864 particles on task=1843  (slabs=1)
67108864 particles on task=1844  (slabs=1)
67108864 particles on task=1845  (slabs=1)
67108864 particles on task=1846  (slabs=1)
67108864 particles on task=1847  (slabs=1)
67108864 particles on task=1848  (slabs=1)
67108864 particles on task=1849  (slabs=1)
67108864 particles on task=1850  (slabs=1)
67108864 particles on task=1851  (slabs=1)
67108864 particles on task=1852  (slabs=1)
67108864 particles on task=1853  (slabs=1)
67108864 particles on task=1854  (slabs=1)
67108864 particles on task=1855  (slabs=1)
67108864 particles on task=1856  (slabs=1)
67108864 particles on task=1857  (slabs=1)
67108864 particles on task=1858  (slabs=1)
67108864 particles on task=1859  (slabs=1)
67108864 particles on task=1860  (slabs=1)
67108864 particles on task=1861  (slabs=1)
67108864 particles on task=1862  (slabs=1)
67108864 particles on task=1863  (slabs=1)
67108864 particles on task=1864  (slabs=1)
67108864 particles on task=1865  (slabs=1)
67108864 particles on task=1866  (slabs=1)
67108864 particles on task=1867  (slabs=1)
67108864 particles on task=1868  (slabs=1)
67108864 particles on task=1869  (slabs=1)
67108864 particles on task=1870  (slabs=1)
67108864 particles on task=1871  (slabs=1)
67108864 particles on task=1872  (slabs=1)
67108864 particles on task=1873  (slabs=1)
67108864 particles on task=1874  (slabs=1)
67108864 particles on task=1875  (slabs=1)
67108864 particles on task=1876  (slabs=1)
67108864 particles on task=1877  (slabs=1)
67108864 particles on task=1878  (slabs=1)
67108864 particles on task=1879  (slabs=1)
67108864 particles on task=1880  (slabs=1)
67108864 particles on task=1881  (slabs=1)
67108864 particles on task=1882  (slabs=1)
67108864 particles on task=1883  (slabs=1)
67108864 particles on task=1884  (slabs=1)
67108864 particles on task=1885  (slabs=1)
67108864 particles on task=1886  (slabs=1)
67108864 particles on task=1887  (slabs=1)
67108864 particles on task=1888  (slabs=1)
67108864 particles on task=1889  (slabs=1)
67108864 particles on task=1890  (slabs=1)
67108864 particles on task=1891  (slabs=1)
67108864 particles on task=1892  (slabs=1)
67108864 particles on task=1893  (slabs=1)
67108864 particles on task=1894  (slabs=1)
67108864 particles on task=1895  (slabs=1)
67108864 particles on task=1896  (slabs=1)
67108864 particles on task=1897  (slabs=1)
67108864 particles on task=1898  (slabs=1)
67108864 particles on task=1899  (slabs=1)
67108864 particles on task=1900  (slabs=1)
67108864 particles on task=1901  (slabs=1)
67108864 particles on task=1902  (slabs=1)
67108864 particles on task=1903  (slabs=1)
67108864 particles on task=1904  (slabs=1)
67108864 particles on task=1905  (slabs=1)
67108864 particles on task=1906  (slabs=1)
67108864 particles on task=1907  (slabs=1)
67108864 particles on task=1908  (slabs=1)
67108864 particles on task=1909  (slabs=1)
67108864 particles on task=1910  (slabs=1)
67108864 particles on task=1911  (slabs=1)
67108864 particles on task=1912  (slabs=1)
67108864 particles on task=1913  (slabs=1)
67108864 particles on task=1914  (slabs=1)
67108864 particles on task=1915  (slabs=1)
67108864 particles on task=1916  (slabs=1)
67108864 particles on task=1917  (slabs=1)
67108864 particles on task=1918  (slabs=1)
67108864 particles on task=1919  (slabs=1)
67108864 particles on task=1920  (slabs=1)
67108864 particles on task=1921  (slabs=1)
67108864 particles on task=1922  (slabs=1)
67108864 particles on task=1923  (slabs=1)
67108864 particles on task=1924  (slabs=1)
67108864 particles on task=1925  (slabs=1)
67108864 particles on task=1926  (slabs=1)
67108864 particles on task=1927  (slabs=1)
67108864 particles on task=1928  (slabs=1)
67108864 particles on task=1929  (slabs=1)
67108864 particles on task=1930  (slabs=1)
67108864 particles on task=1931  (slabs=1)
67108864 particles on task=1932  (slabs=1)
67108864 particles on task=1933  (slabs=1)
67108864 particles on task=1934  (slabs=1)
67108864 particles on task=1935  (slabs=1)
67108864 particles on task=1936  (slabs=1)
67108864 particles on task=1937  (slabs=1)
67108864 particles on task=1938  (slabs=1)
67108864 particles on task=1939  (slabs=1)
67108864 particles on task=1940  (slabs=1)
67108864 particles on task=1941  (slabs=1)
67108864 particles on task=1942  (slabs=1)
67108864 particles on task=1943  (slabs=1)
67108864 particles on task=1944  (slabs=1)
67108864 particles on task=1945  (slabs=1)
67108864 particles on task=1946  (slabs=1)
67108864 particles on task=1947  (slabs=1)
67108864 particles on task=1948  (slabs=1)
67108864 particles on task=1949  (slabs=1)
67108864 particles on task=1950  (slabs=1)
67108864 particles on task=1951  (slabs=1)
67108864 particles on task=1952  (slabs=1)
67108864 particles on task=1953  (slabs=1)
67108864 particles on task=1954  (slabs=1)
67108864 particles on task=1955  (slabs=1)
67108864 particles on task=1956  (slabs=1)
67108864 particles on task=1957  (slabs=1)
67108864 particles on task=1958  (slabs=1)
67108864 particles on task=1959  (slabs=1)
67108864 particles on task=1960  (slabs=1)
67108864 particles on task=1961  (slabs=1)
67108864 particles on task=1962  (slabs=1)
67108864 particles on task=1963  (slabs=1)
67108864 particles on task=1964  (slabs=1)
67108864 particles on task=1965  (slabs=1)
67108864 particles on task=1966  (slabs=1)
67108864 particles on task=1967  (slabs=1)
67108864 particles on task=1968  (slabs=1)
67108864 particles on task=1969  (slabs=1)
67108864 particles on task=1970  (slabs=1)
67108864 particles on task=1971  (slabs=1)
67108864 particles on task=1972  (slabs=1)
67108864 particles on task=1973  (slabs=1)
67108864 particles on task=1974  (slabs=1)
67108864 particles on task=1975  (slabs=1)
67108864 particles on task=1976  (slabs=1)
67108864 particles on task=1977  (slabs=1)
67108864 particles on task=1978  (slabs=1)
67108864 particles on task=1979  (slabs=1)
67108864 particles on task=1980  (slabs=1)
67108864 particles on task=1981  (slabs=1)
67108864 particles on task=1982  (slabs=1)
67108864 particles on task=1983  (slabs=1)
67108864 particles on task=1984  (slabs=1)
67108864 particles on task=1985  (slabs=1)
67108864 particles on task=1986  (slabs=1)
67108864 particles on task=1987  (slabs=1)
67108864 particles on task=1988  (slabs=1)
67108864 particles on task=1989  (slabs=1)
67108864 particles on task=1990  (slabs=1)
67108864 particles on task=1991  (slabs=1)
67108864 particles on task=1992  (slabs=1)
67108864 particles on task=1993  (slabs=1)
67108864 particles on task=1994  (slabs=1)
67108864 particles on task=1995  (slabs=1)
67108864 particles on task=1996  (slabs=1)
67108864 particles on task=1997  (slabs=1)
67108864 particles on task=1998  (slabs=1)
67108864 particles on task=1999  (slabs=1)
67108864 particles on task=2000  (slabs=1)
67108864 particles on task=2001  (slabs=1)
67108864 particles on task=2002  (slabs=1)
67108864 particles on task=2003  (slabs=1)
67108864 particles on task=2004  (slabs=1)
67108864 particles on task=2005  (slabs=1)
67108864 particles on task=2006  (slabs=1)
67108864 particles on task=2007  (slabs=1)
67108864 particles on task=2008  (slabs=1)
67108864 particles on task=2009  (slabs=1)
67108864 particles on task=2010  (slabs=1)
67108864 particles on task=2011  (slabs=1)
67108864 particles on task=2012  (slabs=1)
67108864 particles on task=2013  (slabs=1)
67108864 particles on task=2014  (slabs=1)
67108864 particles on task=2015  (slabs=1)
67108864 particles on task=2016  (slabs=1)
67108864 particles on task=2017  (slabs=1)
67108864 particles on task=2018  (slabs=1)
67108864 particles on task=2019  (slabs=1)
67108864 particles on task=2020  (slabs=1)
67108864 particles on task=2021  (slabs=1)
67108864 particles on task=2022  (slabs=1)
67108864 particles on task=2023  (slabs=1)
67108864 particles on task=2024  (slabs=1)
67108864 particles on task=2025  (slabs=1)
67108864 particles on task=2026  (slabs=1)
67108864 particles on task=2027  (slabs=1)
67108864 particles on task=2028  (slabs=1)
67108864 particles on task=2029  (slabs=1)
67108864 particles on task=2030  (slabs=1)
67108864 particles on task=2031  (slabs=1)
67108864 particles on task=2032  (slabs=1)
67108864 particles on task=2033  (slabs=1)
67108864 particles on task=2034  (slabs=1)
67108864 particles on task=2035  (slabs=1)
67108864 particles on task=2036  (slabs=1)
67108864 particles on task=2037  (slabs=1)
67108864 particles on task=2038  (slabs=1)
67108864 particles on task=2039  (slabs=1)
67108864 particles on task=2040  (slabs=1)
67108864 particles on task=2041  (slabs=1)
67108864 particles on task=2042  (slabs=1)
67108864 particles on task=2043  (slabs=1)
67108864 particles on task=2044  (slabs=1)
67108864 particles on task=2045  (slabs=1)
67108864 particles on task=2046  (slabs=1)
67108864 particles on task=2047  (slabs=1)
67108864 particles on task=2048  (slabs=1)
67108864 particles on task=2049  (slabs=1)
67108864 particles on task=2050  (slabs=1)
67108864 particles on task=2051  (slabs=1)
67108864 particles on task=2052  (slabs=1)
67108864 particles on task=2053  (slabs=1)
67108864 particles on task=2054  (slabs=1)
67108864 particles on task=2055  (slabs=1)
67108864 particles on task=2056  (slabs=1)
67108864 particles on task=2057  (slabs=1)
67108864 particles on task=2058  (slabs=1)
67108864 particles on task=2059  (slabs=1)
67108864 particles on task=2060  (slabs=1)
67108864 particles on task=2061  (slabs=1)
67108864 particles on task=2062  (slabs=1)
67108864 particles on task=2063  (slabs=1)
67108864 particles on task=2064  (slabs=1)
67108864 particles on task=2065  (slabs=1)
67108864 particles on task=2066  (slabs=1)
67108864 particles on task=2067  (slabs=1)
67108864 particles on task=2068  (slabs=1)
67108864 particles on task=2069  (slabs=1)
67108864 particles on task=2070  (slabs=1)
67108864 particles on task=2071  (slabs=1)
67108864 particles on task=2072  (slabs=1)
67108864 particles on task=2073  (slabs=1)
67108864 particles on task=2074  (slabs=1)
67108864 particles on task=2075  (slabs=1)
67108864 particles on task=2076  (slabs=1)
67108864 particles on task=2077  (slabs=1)
67108864 particles on task=2078  (slabs=1)
67108864 particles on task=2079  (slabs=1)
67108864 particles on task=2080  (slabs=1)
67108864 particles on task=2081  (slabs=1)
67108864 particles on task=2082  (slabs=1)
67108864 particles on task=2083  (slabs=1)
67108864 particles on task=2084  (slabs=1)
67108864 particles on task=2085  (slabs=1)
67108864 particles on task=2086  (slabs=1)
67108864 particles on task=2087  (slabs=1)
67108864 particles on task=2088  (slabs=1)
67108864 particles on task=2089  (slabs=1)
67108864 particles on task=2090  (slabs=1)
67108864 particles on task=2091  (slabs=1)
67108864 particles on task=2092  (slabs=1)
67108864 particles on task=2093  (slabs=1)
67108864 particles on task=2094  (slabs=1)
67108864 particles on task=2095  (slabs=1)
67108864 particles on task=2096  (slabs=1)
67108864 particles on task=2097  (slabs=1)
67108864 particles on task=2098  (slabs=1)
67108864 particles on task=2099  (slabs=1)
67108864 particles on task=2100  (slabs=1)
67108864 particles on task=2101  (slabs=1)
67108864 particles on task=2102  (slabs=1)
67108864 particles on task=2103  (slabs=1)
67108864 particles on task=2104  (slabs=1)
67108864 particles on task=2105  (slabs=1)
67108864 particles on task=2106  (slabs=1)
67108864 particles on task=2107  (slabs=1)
67108864 particles on task=2108  (slabs=1)
67108864 particles on task=2109  (slabs=1)
67108864 particles on task=2110  (slabs=1)
67108864 particles on task=2111  (slabs=1)
67108864 particles on task=2112  (slabs=1)
67108864 particles on task=2113  (slabs=1)
67108864 particles on task=2114  (slabs=1)
67108864 particles on task=2115  (slabs=1)
67108864 particles on task=2116  (slabs=1)
67108864 particles on task=2117  (slabs=1)
67108864 particles on task=2118  (slabs=1)
67108864 particles on task=2119  (slabs=1)
67108864 particles on task=2120  (slabs=1)
67108864 particles on task=2121  (slabs=1)
67108864 particles on task=2122  (slabs=1)
67108864 particles on task=2123  (slabs=1)
67108864 particles on task=2124  (slabs=1)
67108864 particles on task=2125  (slabs=1)
67108864 particles on task=2126  (slabs=1)
67108864 particles on task=2127  (slabs=1)
67108864 particles on task=2128  (slabs=1)
67108864 particles on task=2129  (slabs=1)
67108864 particles on task=2130  (slabs=1)
67108864 particles on task=2131  (slabs=1)
67108864 particles on task=2132  (slabs=1)
67108864 particles on task=2133  (slabs=1)
67108864 particles on task=2134  (slabs=1)
67108864 particles on task=2135  (slabs=1)
67108864 particles on task=2136  (slabs=1)
67108864 particles on task=2137  (slabs=1)
67108864 particles on task=2138  (slabs=1)
67108864 particles on task=2139  (slabs=1)
67108864 particles on task=2140  (slabs=1)
67108864 particles on task=2141  (slabs=1)
67108864 particles on task=2142  (slabs=1)
67108864 particles on task=2143  (slabs=1)
67108864 particles on task=2144  (slabs=1)
67108864 particles on task=2145  (slabs=1)
67108864 particles on task=2146  (slabs=1)
67108864 particles on task=2147  (slabs=1)
67108864 particles on task=2148  (slabs=1)
67108864 particles on task=2149  (slabs=1)
67108864 particles on task=2150  (slabs=1)
67108864 particles on task=2151  (slabs=1)
67108864 particles on task=2152  (slabs=1)
67108864 particles on task=2153  (slabs=1)
67108864 particles on task=2154  (slabs=1)
67108864 particles on task=2155  (slabs=1)
67108864 particles on task=2156  (slabs=1)
67108864 particles on task=2157  (slabs=1)
67108864 particles on task=2158  (slabs=1)
67108864 particles on task=2159  (slabs=1)
67108864 particles on task=2160  (slabs=1)
67108864 particles on task=2161  (slabs=1)
67108864 particles on task=2162  (slabs=1)
67108864 particles on task=2163  (slabs=1)
67108864 particles on task=2164  (slabs=1)
67108864 particles on task=2165  (slabs=1)
67108864 particles on task=2166  (slabs=1)
67108864 particles on task=2167  (slabs=1)
67108864 particles on task=2168  (slabs=1)
67108864 particles on task=2169  (slabs=1)
67108864 particles on task=2170  (slabs=1)
67108864 particles on task=2171  (slabs=1)
67108864 particles on task=2172  (slabs=1)
67108864 particles on task=2173  (slabs=1)
67108864 particles on task=2174  (slabs=1)
67108864 particles on task=2175  (slabs=1)
67108864 particles on task=2176  (slabs=1)
67108864 particles on task=2177  (slabs=1)
67108864 particles on task=2178  (slabs=1)
67108864 particles on task=2179  (slabs=1)
67108864 particles on task=2180  (slabs=1)
67108864 particles on task=2181  (slabs=1)
67108864 particles on task=2182  (slabs=1)
67108864 particles on task=2183  (slabs=1)
67108864 particles on task=2184  (slabs=1)
67108864 particles on task=2185  (slabs=1)
67108864 particles on task=2186  (slabs=1)
67108864 particles on task=2187  (slabs=1)
67108864 particles on task=2188  (slabs=1)
67108864 particles on task=2189  (slabs=1)
67108864 particles on task=2190  (slabs=1)
67108864 particles on task=2191  (slabs=1)
67108864 particles on task=2192  (slabs=1)
67108864 particles on task=2193  (slabs=1)
67108864 particles on task=2194  (slabs=1)
67108864 particles on task=2195  (slabs=1)
67108864 particles on task=2196  (slabs=1)
67108864 particles on task=2197  (slabs=1)
67108864 particles on task=2198  (slabs=1)
67108864 particles on task=2199  (slabs=1)
67108864 particles on task=2200  (slabs=1)
67108864 particles on task=2201  (slabs=1)
67108864 particles on task=2202  (slabs=1)
67108864 particles on task=2203  (slabs=1)
67108864 particles on task=2204  (slabs=1)
67108864 particles on task=2205  (slabs=1)
67108864 particles on task=2206  (slabs=1)
67108864 particles on task=2207  (slabs=1)
67108864 particles on task=2208  (slabs=1)
67108864 particles on task=2209  (slabs=1)
67108864 particles on task=2210  (slabs=1)
67108864 particles on task=2211  (slabs=1)
67108864 particles on task=2212  (slabs=1)
67108864 particles on task=2213  (slabs=1)
67108864 particles on task=2214  (slabs=1)
67108864 particles on task=2215  (slabs=1)
67108864 particles on task=2216  (slabs=1)
67108864 particles on task=2217  (slabs=1)
67108864 particles on task=2218  (slabs=1)
67108864 particles on task=2219  (slabs=1)
67108864 particles on task=2220  (slabs=1)
67108864 particles on task=2221  (slabs=1)
67108864 particles on task=2222  (slabs=1)
67108864 particles on task=2223  (slabs=1)
67108864 particles on task=2224  (slabs=1)
67108864 particles on task=2225  (slabs=1)
67108864 particles on task=2226  (slabs=1)
67108864 particles on task=2227  (slabs=1)
67108864 particles on task=2228  (slabs=1)
67108864 particles on task=2229  (slabs=1)
67108864 particles on task=2230  (slabs=1)
67108864 particles on task=2231  (slabs=1)
67108864 particles on task=2232  (slabs=1)
67108864 particles on task=2233  (slabs=1)
67108864 particles on task=2234  (slabs=1)
67108864 particles on task=2235  (slabs=1)
67108864 particles on task=2236  (slabs=1)
67108864 particles on task=2237  (slabs=1)
67108864 particles on task=2238  (slabs=1)
67108864 particles on task=2239  (slabs=1)
67108864 particles on task=2240  (slabs=1)
67108864 particles on task=2241  (slabs=1)
67108864 particles on task=2242  (slabs=1)
67108864 particles on task=2243  (slabs=1)
67108864 particles on task=2244  (slabs=1)
67108864 particles on task=2245  (slabs=1)
67108864 particles on task=2246  (slabs=1)
67108864 particles on task=2247  (slabs=1)
67108864 particles on task=2248  (slabs=1)
67108864 particles on task=2249  (slabs=1)
67108864 particles on task=2250  (slabs=1)
67108864 particles on task=2251  (slabs=1)
67108864 particles on task=2252  (slabs=1)
67108864 particles on task=2253  (slabs=1)
67108864 particles on task=2254  (slabs=1)
67108864 particles on task=2255  (slabs=1)
67108864 particles on task=2256  (slabs=1)
67108864 particles on task=2257  (slabs=1)
67108864 particles on task=2258  (slabs=1)
67108864 particles on task=2259  (slabs=1)
67108864 particles on task=2260  (slabs=1)
67108864 particles on task=2261  (slabs=1)
67108864 particles on task=2262  (slabs=1)
67108864 particles on task=2263  (slabs=1)
67108864 particles on task=2264  (slabs=1)
67108864 particles on task=2265  (slabs=1)
67108864 particles on task=2266  (slabs=1)
67108864 particles on task=2267  (slabs=1)
67108864 particles on task=2268  (slabs=1)
67108864 particles on task=2269  (slabs=1)
67108864 particles on task=2270  (slabs=1)
67108864 particles on task=2271  (slabs=1)
67108864 particles on task=2272  (slabs=1)
67108864 particles on task=2273  (slabs=1)
67108864 particles on task=2274  (slabs=1)
67108864 particles on task=2275  (slabs=1)
67108864 particles on task=2276  (slabs=1)
67108864 particles on task=2277  (slabs=1)
67108864 particles on task=2278  (slabs=1)
67108864 particles on task=2279  (slabs=1)
67108864 particles on task=2280  (slabs=1)
67108864 particles on task=2281  (slabs=1)
67108864 particles on task=2282  (slabs=1)
67108864 particles on task=2283  (slabs=1)
67108864 particles on task=2284  (slabs=1)
67108864 particles on task=2285  (slabs=1)
67108864 particles on task=2286  (slabs=1)
67108864 particles on task=2287  (slabs=1)
67108864 particles on task=2288  (slabs=1)
67108864 particles on task=2289  (slabs=1)
67108864 particles on task=2290  (slabs=1)
67108864 particles on task=2291  (slabs=1)
67108864 particles on task=2292  (slabs=1)
67108864 particles on task=2293  (slabs=1)
67108864 particles on task=2294  (slabs=1)
67108864 particles on task=2295  (slabs=1)
67108864 particles on task=2296  (slabs=1)
67108864 particles on task=2297  (slabs=1)
67108864 particles on task=2298  (slabs=1)
67108864 particles on task=2299  (slabs=1)
67108864 particles on task=2300  (slabs=1)
67108864 particles on task=2301  (slabs=1)
67108864 particles on task=2302  (slabs=1)
67108864 particles on task=2303  (slabs=1)
67108864 particles on task=2304  (slabs=1)
67108864 particles on task=2305  (slabs=1)
67108864 particles on task=2306  (slabs=1)
67108864 particles on task=2307  (slabs=1)
67108864 particles on task=2308  (slabs=1)
67108864 particles on task=2309  (slabs=1)
67108864 particles on task=2310  (slabs=1)
67108864 particles on task=2311  (slabs=1)
67108864 particles on task=2312  (slabs=1)
67108864 particles on task=2313  (slabs=1)
67108864 particles on task=2314  (slabs=1)
67108864 particles on task=2315  (slabs=1)
67108864 particles on task=2316  (slabs=1)
67108864 particles on task=2317  (slabs=1)
67108864 particles on task=2318  (slabs=1)
67108864 particles on task=2319  (slabs=1)
67108864 particles on task=2320  (slabs=1)
67108864 particles on task=2321  (slabs=1)
67108864 particles on task=2322  (slabs=1)
67108864 particles on task=2323  (slabs=1)
67108864 particles on task=2324  (slabs=1)
67108864 particles on task=2325  (slabs=1)
67108864 particles on task=2326  (slabs=1)
67108864 particles on task=2327  (slabs=1)
67108864 particles on task=2328  (slabs=1)
67108864 particles on task=2329  (slabs=1)
67108864 particles on task=2330  (slabs=1)
67108864 particles on task=2331  (slabs=1)
67108864 particles on task=2332  (slabs=1)
67108864 particles on task=2333  (slabs=1)
67108864 particles on task=2334  (slabs=1)
67108864 particles on task=2335  (slabs=1)
67108864 particles on task=2336  (slabs=1)
67108864 particles on task=2337  (slabs=1)
67108864 particles on task=2338  (slabs=1)
67108864 particles on task=2339  (slabs=1)
67108864 particles on task=2340  (slabs=1)
67108864 particles on task=2341  (slabs=1)
67108864 particles on task=2342  (slabs=1)
67108864 particles on task=2343  (slabs=1)
67108864 particles on task=2344  (slabs=1)
67108864 particles on task=2345  (slabs=1)
67108864 particles on task=2346  (slabs=1)
67108864 particles on task=2347  (slabs=1)
67108864 particles on task=2348  (slabs=1)
67108864 particles on task=2349  (slabs=1)
67108864 particles on task=2350  (slabs=1)
67108864 particles on task=2351  (slabs=1)
67108864 particles on task=2352  (slabs=1)
67108864 particles on task=2353  (slabs=1)
67108864 particles on task=2354  (slabs=1)
67108864 particles on task=2355  (slabs=1)
67108864 particles on task=2356  (slabs=1)
67108864 particles on task=2357  (slabs=1)
67108864 particles on task=2358  (slabs=1)
67108864 particles on task=2359  (slabs=1)
67108864 particles on task=2360  (slabs=1)
67108864 particles on task=2361  (slabs=1)
67108864 particles on task=2362  (slabs=1)
67108864 particles on task=2363  (slabs=1)
67108864 particles on task=2364  (slabs=1)
67108864 particles on task=2365  (slabs=1)
67108864 particles on task=2366  (slabs=1)
67108864 particles on task=2367  (slabs=1)
67108864 particles on task=2368  (slabs=1)
67108864 particles on task=2369  (slabs=1)
67108864 particles on task=2370  (slabs=1)
67108864 particles on task=2371  (slabs=1)
67108864 particles on task=2372  (slabs=1)
67108864 particles on task=2373  (slabs=1)
67108864 particles on task=2374  (slabs=1)
67108864 particles on task=2375  (slabs=1)
67108864 particles on task=2376  (slabs=1)
67108864 particles on task=2377  (slabs=1)
67108864 particles on task=2378  (slabs=1)
67108864 particles on task=2379  (slabs=1)
67108864 particles on task=2380  (slabs=1)
67108864 particles on task=2381  (slabs=1)
67108864 particles on task=2382  (slabs=1)
67108864 particles on task=2383  (slabs=1)
67108864 particles on task=2384  (slabs=1)
67108864 particles on task=2385  (slabs=1)
67108864 particles on task=2386  (slabs=1)
67108864 particles on task=2387  (slabs=1)
67108864 particles on task=2388  (slabs=1)
67108864 particles on task=2389  (slabs=1)
67108864 particles on task=2390  (slabs=1)
67108864 particles on task=2391  (slabs=1)
67108864 particles on task=2392  (slabs=1)
67108864 particles on task=2393  (slabs=1)
67108864 particles on task=2394  (slabs=1)
67108864 particles on task=2395  (slabs=1)
67108864 particles on task=2396  (slabs=1)
67108864 particles on task=2397  (slabs=1)
67108864 particles on task=2398  (slabs=1)
67108864 particles on task=2399  (slabs=1)
67108864 particles on task=2400  (slabs=1)
67108864 particles on task=2401  (slabs=1)
67108864 particles on task=2402  (slabs=1)
67108864 particles on task=2403  (slabs=1)
67108864 particles on task=2404  (slabs=1)
67108864 particles on task=2405  (slabs=1)
67108864 particles on task=2406  (slabs=1)
67108864 particles on task=2407  (slabs=1)
67108864 particles on task=2408  (slabs=1)
67108864 particles on task=2409  (slabs=1)
67108864 particles on task=2410  (slabs=1)
67108864 particles on task=2411  (slabs=1)
67108864 particles on task=2412  (slabs=1)
67108864 particles on task=2413  (slabs=1)
67108864 particles on task=2414  (slabs=1)
67108864 particles on task=2415  (slabs=1)
67108864 particles on task=2416  (slabs=1)
67108864 particles on task=2417  (slabs=1)
67108864 particles on task=2418  (slabs=1)
67108864 particles on task=2419  (slabs=1)
67108864 particles on task=2420  (slabs=1)
67108864 particles on task=2421  (slabs=1)
67108864 particles on task=2422  (slabs=1)
67108864 particles on task=2423  (slabs=1)
67108864 particles on task=2424  (slabs=1)
67108864 particles on task=2425  (slabs=1)
67108864 particles on task=2426  (slabs=1)
67108864 particles on task=2427  (slabs=1)
67108864 particles on task=2428  (slabs=1)
67108864 particles on task=2429  (slabs=1)
67108864 particles on task=2430  (slabs=1)
67108864 particles on task=2431  (slabs=1)
67108864 particles on task=2432  (slabs=1)
67108864 particles on task=2433  (slabs=1)
67108864 particles on task=2434  (slabs=1)
67108864 particles on task=2435  (slabs=1)
67108864 particles on task=2436  (slabs=1)
67108864 particles on task=2437  (slabs=1)
67108864 particles on task=2438  (slabs=1)
67108864 particles on task=2439  (slabs=1)
67108864 particles on task=2440  (slabs=1)
67108864 particles on task=2441  (slabs=1)
67108864 particles on task=2442  (slabs=1)
67108864 particles on task=2443  (slabs=1)
67108864 particles on task=2444  (slabs=1)
67108864 particles on task=2445  (slabs=1)
67108864 particles on task=2446  (slabs=1)
67108864 particles on task=2447  (slabs=1)
67108864 particles on task=2448  (slabs=1)
67108864 particles on task=2449  (slabs=1)
67108864 particles on task=2450  (slabs=1)
67108864 particles on task=2451  (slabs=1)
67108864 particles on task=2452  (slabs=1)
67108864 particles on task=2453  (slabs=1)
67108864 particles on task=2454  (slabs=1)
67108864 particles on task=2455  (slabs=1)
67108864 particles on task=2456  (slabs=1)
67108864 particles on task=2457  (slabs=1)
67108864 particles on task=2458  (slabs=1)
67108864 particles on task=2459  (slabs=1)
67108864 particles on task=2460  (slabs=1)
67108864 particles on task=2461  (slabs=1)
67108864 particles on task=2462  (slabs=1)
67108864 particles on task=2463  (slabs=1)
67108864 particles on task=2464  (slabs=1)
67108864 particles on task=2465  (slabs=1)
67108864 particles on task=2466  (slabs=1)
67108864 particles on task=2467  (slabs=1)
67108864 particles on task=2468  (slabs=1)
67108864 particles on task=2469  (slabs=1)
67108864 particles on task=2470  (slabs=1)
67108864 particles on task=2471  (slabs=1)
67108864 particles on task=2472  (slabs=1)
67108864 particles on task=2473  (slabs=1)
67108864 particles on task=2474  (slabs=1)
67108864 particles on task=2475  (slabs=1)
67108864 particles on task=2476  (slabs=1)
67108864 particles on task=2477  (slabs=1)
67108864 particles on task=2478  (slabs=1)
67108864 particles on task=2479  (slabs=1)
67108864 particles on task=2480  (slabs=1)
67108864 particles on task=2481  (slabs=1)
67108864 particles on task=2482  (slabs=1)
67108864 particles on task=2483  (slabs=1)
67108864 particles on task=2484  (slabs=1)
67108864 particles on task=2485  (slabs=1)
67108864 particles on task=2486  (slabs=1)
67108864 particles on task=2487  (slabs=1)
67108864 particles on task=2488  (slabs=1)
67108864 particles on task=2489  (slabs=1)
67108864 particles on task=2490  (slabs=1)
67108864 particles on task=2491  (slabs=1)
67108864 particles on task=2492  (slabs=1)
67108864 particles on task=2493  (slabs=1)
67108864 particles on task=2494  (slabs=1)
67108864 particles on task=2495  (slabs=1)
67108864 particles on task=2496  (slabs=1)
67108864 particles on task=2497  (slabs=1)
67108864 particles on task=2498  (slabs=1)
67108864 particles on task=2499  (slabs=1)
67108864 particles on task=2500  (slabs=1)
67108864 particles on task=2501  (slabs=1)
67108864 particles on task=2502  (slabs=1)
67108864 particles on task=2503  (slabs=1)
67108864 particles on task=2504  (slabs=1)
67108864 particles on task=2505  (slabs=1)
67108864 particles on task=2506  (slabs=1)
67108864 particles on task=2507  (slabs=1)
67108864 particles on task=2508  (slabs=1)
67108864 particles on task=2509  (slabs=1)
67108864 particles on task=2510  (slabs=1)
67108864 particles on task=2511  (slabs=1)
67108864 particles on task=2512  (slabs=1)
67108864 particles on task=2513  (slabs=1)
67108864 particles on task=2514  (slabs=1)
67108864 particles on task=2515  (slabs=1)
67108864 particles on task=2516  (slabs=1)
67108864 particles on task=2517  (slabs=1)
67108864 particles on task=2518  (slabs=1)
67108864 particles on task=2519  (slabs=1)
67108864 particles on task=2520  (slabs=1)
67108864 particles on task=2521  (slabs=1)
67108864 particles on task=2522  (slabs=1)
67108864 particles on task=2523  (slabs=1)
67108864 particles on task=2524  (slabs=1)
67108864 particles on task=2525  (slabs=1)
67108864 particles on task=2526  (slabs=1)
67108864 particles on task=2527  (slabs=1)
67108864 particles on task=2528  (slabs=1)
67108864 particles on task=2529  (slabs=1)
67108864 particles on task=2530  (slabs=1)
67108864 particles on task=2531  (slabs=1)
67108864 particles on task=2532  (slabs=1)
67108864 particles on task=2533  (slabs=1)
67108864 particles on task=2534  (slabs=1)
67108864 particles on task=2535  (slabs=1)
67108864 particles on task=2536  (slabs=1)
67108864 particles on task=2537  (slabs=1)
67108864 particles on task=2538  (slabs=1)
67108864 particles on task=2539  (slabs=1)
67108864 particles on task=2540  (slabs=1)
67108864 particles on task=2541  (slabs=1)
67108864 particles on task=2542  (slabs=1)
67108864 particles on task=2543  (slabs=1)
67108864 particles on task=2544  (slabs=1)
67108864 particles on task=2545  (slabs=1)
67108864 particles on task=2546  (slabs=1)
67108864 particles on task=2547  (slabs=1)
67108864 particles on task=2548  (slabs=1)
67108864 particles on task=2549  (slabs=1)
67108864 particles on task=2550  (slabs=1)
67108864 particles on task=2551  (slabs=1)
67108864 particles on task=2552  (slabs=1)
67108864 particles on task=2553  (slabs=1)
67108864 particles on task=2554  (slabs=1)
67108864 particles on task=2555  (slabs=1)
67108864 particles on task=2556  (slabs=1)
67108864 particles on task=2557  (slabs=1)
67108864 particles on task=2558  (slabs=1)
67108864 particles on task=2559  (slabs=1)
67108864 particles on task=2560  (slabs=1)
67108864 particles on task=2561  (slabs=1)
67108864 particles on task=2562  (slabs=1)
67108864 particles on task=2563  (slabs=1)
67108864 particles on task=2564  (slabs=1)
67108864 particles on task=2565  (slabs=1)
67108864 particles on task=2566  (slabs=1)
67108864 particles on task=2567  (slabs=1)
67108864 particles on task=2568  (slabs=1)
67108864 particles on task=2569  (slabs=1)
67108864 particles on task=2570  (slabs=1)
67108864 particles on task=2571  (slabs=1)
67108864 particles on task=2572  (slabs=1)
67108864 particles on task=2573  (slabs=1)
67108864 particles on task=2574  (slabs=1)
67108864 particles on task=2575  (slabs=1)
67108864 particles on task=2576  (slabs=1)
67108864 particles on task=2577  (slabs=1)
67108864 particles on task=2578  (slabs=1)
67108864 particles on task=2579  (slabs=1)
67108864 particles on task=2580  (slabs=1)
67108864 particles on task=2581  (slabs=1)
67108864 particles on task=2582  (slabs=1)
67108864 particles on task=2583  (slabs=1)
67108864 particles on task=2584  (slabs=1)
67108864 particles on task=2585  (slabs=1)
67108864 particles on task=2586  (slabs=1)
67108864 particles on task=2587  (slabs=1)
67108864 particles on task=2588  (slabs=1)
67108864 particles on task=2589  (slabs=1)
67108864 particles on task=2590  (slabs=1)
67108864 particles on task=2591  (slabs=1)
67108864 particles on task=2592  (slabs=1)
67108864 particles on task=2593  (slabs=1)
67108864 particles on task=2594  (slabs=1)
67108864 particles on task=2595  (slabs=1)
67108864 particles on task=2596  (slabs=1)
67108864 particles on task=2597  (slabs=1)
67108864 particles on task=2598  (slabs=1)
67108864 particles on task=2599  (slabs=1)
67108864 particles on task=2600  (slabs=1)
67108864 particles on task=2601  (slabs=1)
67108864 particles on task=2602  (slabs=1)
67108864 particles on task=2603  (slabs=1)
67108864 particles on task=2604  (slabs=1)
67108864 particles on task=2605  (slabs=1)
67108864 particles on task=2606  (slabs=1)
67108864 particles on task=2607  (slabs=1)
67108864 particles on task=2608  (slabs=1)
67108864 particles on task=2609  (slabs=1)
67108864 particles on task=2610  (slabs=1)
67108864 particles on task=2611  (slabs=1)
67108864 particles on task=2612  (slabs=1)
67108864 particles on task=2613  (slabs=1)
67108864 particles on task=2614  (slabs=1)
67108864 particles on task=2615  (slabs=1)
67108864 particles on task=2616  (slabs=1)
67108864 particles on task=2617  (slabs=1)
67108864 particles on task=2618  (slabs=1)
67108864 particles on task=2619  (slabs=1)
67108864 particles on task=2620  (slabs=1)
67108864 particles on task=2621  (slabs=1)
67108864 particles on task=2622  (slabs=1)
67108864 particles on task=2623  (slabs=1)
67108864 particles on task=2624  (slabs=1)
67108864 particles on task=2625  (slabs=1)
67108864 particles on task=2626  (slabs=1)
67108864 particles on task=2627  (slabs=1)
67108864 particles on task=2628  (slabs=1)
67108864 particles on task=2629  (slabs=1)
67108864 particles on task=2630  (slabs=1)
67108864 particles on task=2631  (slabs=1)
67108864 particles on task=2632  (slabs=1)
67108864 particles on task=2633  (slabs=1)
67108864 particles on task=2634  (slabs=1)
67108864 particles on task=2635  (slabs=1)
67108864 particles on task=2636  (slabs=1)
67108864 particles on task=2637  (slabs=1)
67108864 particles on task=2638  (slabs=1)
67108864 particles on task=2639  (slabs=1)
67108864 particles on task=2640  (slabs=1)
67108864 particles on task=2641  (slabs=1)
67108864 particles on task=2642  (slabs=1)
67108864 particles on task=2643  (slabs=1)
67108864 particles on task=2644  (slabs=1)
67108864 particles on task=2645  (slabs=1)
67108864 particles on task=2646  (slabs=1)
67108864 particles on task=2647  (slabs=1)
67108864 particles on task=2648  (slabs=1)
67108864 particles on task=2649  (slabs=1)
67108864 particles on task=2650  (slabs=1)
67108864 particles on task=2651  (slabs=1)
67108864 particles on task=2652  (slabs=1)
67108864 particles on task=2653  (slabs=1)
67108864 particles on task=2654  (slabs=1)
67108864 particles on task=2655  (slabs=1)
67108864 particles on task=2656  (slabs=1)
67108864 particles on task=2657  (slabs=1)
67108864 particles on task=2658  (slabs=1)
67108864 particles on task=2659  (slabs=1)
67108864 particles on task=2660  (slabs=1)
67108864 particles on task=2661  (slabs=1)
67108864 particles on task=2662  (slabs=1)
67108864 particles on task=2663  (slabs=1)
67108864 particles on task=2664  (slabs=1)
67108864 particles on task=2665  (slabs=1)
67108864 particles on task=2666  (slabs=1)
67108864 particles on task=2667  (slabs=1)
67108864 particles on task=2668  (slabs=1)
67108864 particles on task=2669  (slabs=1)
67108864 particles on task=2670  (slabs=1)
67108864 particles on task=2671  (slabs=1)
67108864 particles on task=2672  (slabs=1)
67108864 particles on task=2673  (slabs=1)
67108864 particles on task=2674  (slabs=1)
67108864 particles on task=2675  (slabs=1)
67108864 particles on task=2676  (slabs=1)
67108864 particles on task=2677  (slabs=1)
67108864 particles on task=2678  (slabs=1)
67108864 particles on task=2679  (slabs=1)
67108864 particles on task=2680  (slabs=1)
67108864 particles on task=2681  (slabs=1)
67108864 particles on task=2682  (slabs=1)
67108864 particles on task=2683  (slabs=1)
67108864 particles on task=2684  (slabs=1)
67108864 particles on task=2685  (slabs=1)
67108864 particles on task=2686  (slabs=1)
67108864 particles on task=2687  (slabs=1)
67108864 particles on task=2688  (slabs=1)
67108864 particles on task=2689  (slabs=1)
67108864 particles on task=2690  (slabs=1)
67108864 particles on task=2691  (slabs=1)
67108864 particles on task=2692  (slabs=1)
67108864 particles on task=2693  (slabs=1)
67108864 particles on task=2694  (slabs=1)
67108864 particles on task=2695  (slabs=1)
67108864 particles on task=2696  (slabs=1)
67108864 particles on task=2697  (slabs=1)
67108864 particles on task=2698  (slabs=1)
67108864 particles on task=2699  (slabs=1)
67108864 particles on task=2700  (slabs=1)
67108864 particles on task=2701  (slabs=1)
67108864 particles on task=2702  (slabs=1)
67108864 particles on task=2703  (slabs=1)
67108864 particles on task=2704  (slabs=1)
67108864 particles on task=2705  (slabs=1)
67108864 particles on task=2706  (slabs=1)
67108864 particles on task=2707  (slabs=1)
67108864 particles on task=2708  (slabs=1)
67108864 particles on task=2709  (slabs=1)
67108864 particles on task=2710  (slabs=1)
67108864 particles on task=2711  (slabs=1)
67108864 particles on task=2712  (slabs=1)
67108864 particles on task=2713  (slabs=1)
67108864 particles on task=2714  (slabs=1)
67108864 particles on task=2715  (slabs=1)
67108864 particles on task=2716  (slabs=1)
67108864 particles on task=2717  (slabs=1)
67108864 particles on task=2718  (slabs=1)
67108864 particles on task=2719  (slabs=1)
67108864 particles on task=2720  (slabs=1)
67108864 particles on task=2721  (slabs=1)
67108864 particles on task=2722  (slabs=1)
67108864 particles on task=2723  (slabs=1)
67108864 particles on task=2724  (slabs=1)
67108864 particles on task=2725  (slabs=1)
67108864 particles on task=2726  (slabs=1)
67108864 particles on task=2727  (slabs=1)
67108864 particles on task=2728  (slabs=1)
67108864 particles on task=2729  (slabs=1)
67108864 particles on task=2730  (slabs=1)
67108864 particles on task=2731  (slabs=1)
67108864 particles on task=2732  (slabs=1)
67108864 particles on task=2733  (slabs=1)
67108864 particles on task=2734  (slabs=1)
67108864 particles on task=2735  (slabs=1)
67108864 particles on task=2736  (slabs=1)
67108864 particles on task=2737  (slabs=1)
67108864 particles on task=2738  (slabs=1)
67108864 particles on task=2739  (slabs=1)
67108864 particles on task=2740  (slabs=1)
67108864 particles on task=2741  (slabs=1)
67108864 particles on task=2742  (slabs=1)
67108864 particles on task=2743  (slabs=1)
67108864 particles on task=2744  (slabs=1)
67108864 particles on task=2745  (slabs=1)
67108864 particles on task=2746  (slabs=1)
67108864 particles on task=2747  (slabs=1)
67108864 particles on task=2748  (slabs=1)
67108864 particles on task=2749  (slabs=1)
67108864 particles on task=2750  (slabs=1)
67108864 particles on task=2751  (slabs=1)
67108864 particles on task=2752  (slabs=1)
67108864 particles on task=2753  (slabs=1)
67108864 particles on task=2754  (slabs=1)
67108864 particles on task=2755  (slabs=1)
67108864 particles on task=2756  (slabs=1)
67108864 particles on task=2757  (slabs=1)
67108864 particles on task=2758  (slabs=1)
67108864 particles on task=2759  (slabs=1)
67108864 particles on task=2760  (slabs=1)
67108864 particles on task=2761  (slabs=1)
67108864 particles on task=2762  (slabs=1)
67108864 particles on task=2763  (slabs=1)
67108864 particles on task=2764  (slabs=1)
67108864 particles on task=2765  (slabs=1)
67108864 particles on task=2766  (slabs=1)
67108864 particles on task=2767  (slabs=1)
67108864 particles on task=2768  (slabs=1)
67108864 particles on task=2769  (slabs=1)
67108864 particles on task=2770  (slabs=1)
67108864 particles on task=2771  (slabs=1)
67108864 particles on task=2772  (slabs=1)
67108864 particles on task=2773  (slabs=1)
67108864 particles on task=2774  (slabs=1)
67108864 particles on task=2775  (slabs=1)
67108864 particles on task=2776  (slabs=1)
67108864 particles on task=2777  (slabs=1)
67108864 particles on task=2778  (slabs=1)
67108864 particles on task=2779  (slabs=1)
67108864 particles on task=2780  (slabs=1)
67108864 particles on task=2781  (slabs=1)
67108864 particles on task=2782  (slabs=1)
67108864 particles on task=2783  (slabs=1)
67108864 particles on task=2784  (slabs=1)
67108864 particles on task=2785  (slabs=1)
67108864 particles on task=2786  (slabs=1)
67108864 particles on task=2787  (slabs=1)
67108864 particles on task=2788  (slabs=1)
67108864 particles on task=2789  (slabs=1)
67108864 particles on task=2790  (slabs=1)
67108864 particles on task=2791  (slabs=1)
67108864 particles on task=2792  (slabs=1)
67108864 particles on task=2793  (slabs=1)
67108864 particles on task=2794  (slabs=1)
67108864 particles on task=2795  (slabs=1)
67108864 particles on task=2796  (slabs=1)
67108864 particles on task=2797  (slabs=1)
67108864 particles on task=2798  (slabs=1)
67108864 particles on task=2799  (slabs=1)
67108864 particles on task=2800  (slabs=1)
67108864 particles on task=2801  (slabs=1)
67108864 particles on task=2802  (slabs=1)
67108864 particles on task=2803  (slabs=1)
67108864 particles on task=2804  (slabs=1)
67108864 particles on task=2805  (slabs=1)
67108864 particles on task=2806  (slabs=1)
67108864 particles on task=2807  (slabs=1)
67108864 particles on task=2808  (slabs=1)
67108864 particles on task=2809  (slabs=1)
67108864 particles on task=2810  (slabs=1)
67108864 particles on task=2811  (slabs=1)
67108864 particles on task=2812  (slabs=1)
67108864 particles on task=2813  (slabs=1)
67108864 particles on task=2814  (slabs=1)
67108864 particles on task=2815  (slabs=1)
67108864 particles on task=2816  (slabs=1)
67108864 particles on task=2817  (slabs=1)
67108864 particles on task=2818  (slabs=1)
67108864 particles on task=2819  (slabs=1)
67108864 particles on task=2820  (slabs=1)
67108864 particles on task=2821  (slabs=1)
67108864 particles on task=2822  (slabs=1)
67108864 particles on task=2823  (slabs=1)
67108864 particles on task=2824  (slabs=1)
67108864 particles on task=2825  (slabs=1)
67108864 particles on task=2826  (slabs=1)
67108864 particles on task=2827  (slabs=1)
67108864 particles on task=2828  (slabs=1)
67108864 particles on task=2829  (slabs=1)
67108864 particles on task=2830  (slabs=1)
67108864 particles on task=2831  (slabs=1)
67108864 particles on task=2832  (slabs=1)
67108864 particles on task=2833  (slabs=1)
67108864 particles on task=2834  (slabs=1)
67108864 particles on task=2835  (slabs=1)
67108864 particles on task=2836  (slabs=1)
67108864 particles on task=2837  (slabs=1)
67108864 particles on task=2838  (slabs=1)
67108864 particles on task=2839  (slabs=1)
67108864 particles on task=2840  (slabs=1)
67108864 particles on task=2841  (slabs=1)
67108864 particles on task=2842  (slabs=1)
67108864 particles on task=2843  (slabs=1)
67108864 particles on task=2844  (slabs=1)
67108864 particles on task=2845  (slabs=1)
67108864 particles on task=2846  (slabs=1)
67108864 particles on task=2847  (slabs=1)
67108864 particles on task=2848  (slabs=1)
67108864 particles on task=2849  (slabs=1)
67108864 particles on task=2850  (slabs=1)
67108864 particles on task=2851  (slabs=1)
67108864 particles on task=2852  (slabs=1)
67108864 particles on task=2853  (slabs=1)
67108864 particles on task=2854  (slabs=1)
67108864 particles on task=2855  (slabs=1)
67108864 particles on task=2856  (slabs=1)
67108864 particles on task=2857  (slabs=1)
67108864 particles on task=2858  (slabs=1)
67108864 particles on task=2859  (slabs=1)
67108864 particles on task=2860  (slabs=1)
67108864 particles on task=2861  (slabs=1)
67108864 particles on task=2862  (slabs=1)
67108864 particles on task=2863  (slabs=1)
67108864 particles on task=2864  (slabs=1)
67108864 particles on task=2865  (slabs=1)
67108864 particles on task=2866  (slabs=1)
67108864 particles on task=2867  (slabs=1)
67108864 particles on task=2868  (slabs=1)
67108864 particles on task=2869  (slabs=1)
67108864 particles on task=2870  (slabs=1)
67108864 particles on task=2871  (slabs=1)
67108864 particles on task=2872  (slabs=1)
67108864 particles on task=2873  (slabs=1)
67108864 particles on task=2874  (slabs=1)
67108864 particles on task=2875  (slabs=1)
67108864 particles on task=2876  (slabs=1)
67108864 particles on task=2877  (slabs=1)
67108864 particles on task=2878  (slabs=1)
67108864 particles on task=2879  (slabs=1)
67108864 particles on task=2880  (slabs=1)
67108864 particles on task=2881  (slabs=1)
67108864 particles on task=2882  (slabs=1)
67108864 particles on task=2883  (slabs=1)
67108864 particles on task=2884  (slabs=1)
67108864 particles on task=2885  (slabs=1)
67108864 particles on task=2886  (slabs=1)
67108864 particles on task=2887  (slabs=1)
67108864 particles on task=2888  (slabs=1)
67108864 particles on task=2889  (slabs=1)
67108864 particles on task=2890  (slabs=1)
67108864 particles on task=2891  (slabs=1)
67108864 particles on task=2892  (slabs=1)
67108864 particles on task=2893  (slabs=1)
67108864 particles on task=2894  (slabs=1)
67108864 particles on task=2895  (slabs=1)
67108864 particles on task=2896  (slabs=1)
67108864 particles on task=2897  (slabs=1)
67108864 particles on task=2898  (slabs=1)
67108864 particles on task=2899  (slabs=1)
67108864 particles on task=2900  (slabs=1)
67108864 particles on task=2901  (slabs=1)
67108864 particles on task=2902  (slabs=1)
67108864 particles on task=2903  (slabs=1)
67108864 particles on task=2904  (slabs=1)
67108864 particles on task=2905  (slabs=1)
67108864 particles on task=2906  (slabs=1)
67108864 particles on task=2907  (slabs=1)
67108864 particles on task=2908  (slabs=1)
67108864 particles on task=2909  (slabs=1)
67108864 particles on task=2910  (slabs=1)
67108864 particles on task=2911  (slabs=1)
67108864 particles on task=2912  (slabs=1)
67108864 particles on task=2913  (slabs=1)
67108864 particles on task=2914  (slabs=1)
67108864 particles on task=2915  (slabs=1)
67108864 particles on task=2916  (slabs=1)
67108864 particles on task=2917  (slabs=1)
67108864 particles on task=2918  (slabs=1)
67108864 particles on task=2919  (slabs=1)
67108864 particles on task=2920  (slabs=1)
67108864 particles on task=2921  (slabs=1)
67108864 particles on task=2922  (slabs=1)
67108864 particles on task=2923  (slabs=1)
67108864 particles on task=2924  (slabs=1)
67108864 particles on task=2925  (slabs=1)
67108864 particles on task=2926  (slabs=1)
67108864 particles on task=2927  (slabs=1)
67108864 particles on task=2928  (slabs=1)
67108864 particles on task=2929  (slabs=1)
67108864 particles on task=2930  (slabs=1)
67108864 particles on task=2931  (slabs=1)
67108864 particles on task=2932  (slabs=1)
67108864 particles on task=2933  (slabs=1)
67108864 particles on task=2934  (slabs=1)
67108864 particles on task=2935  (slabs=1)
67108864 particles on task=2936  (slabs=1)
67108864 particles on task=2937  (slabs=1)
67108864 particles on task=2938  (slabs=1)
67108864 particles on task=2939  (slabs=1)
67108864 particles on task=2940  (slabs=1)
67108864 particles on task=2941  (slabs=1)
67108864 particles on task=2942  (slabs=1)
67108864 particles on task=2943  (slabs=1)
67108864 particles on task=2944  (slabs=1)
67108864 particles on task=2945  (slabs=1)
67108864 particles on task=2946  (slabs=1)
67108864 particles on task=2947  (slabs=1)
67108864 particles on task=2948  (slabs=1)
67108864 particles on task=2949  (slabs=1)
67108864 particles on task=2950  (slabs=1)
67108864 particles on task=2951  (slabs=1)
67108864 particles on task=2952  (slabs=1)
67108864 particles on task=2953  (slabs=1)
67108864 particles on task=2954  (slabs=1)
67108864 particles on task=2955  (slabs=1)
67108864 particles on task=2956  (slabs=1)
67108864 particles on task=2957  (slabs=1)
67108864 particles on task=2958  (slabs=1)
67108864 particles on task=2959  (slabs=1)
67108864 particles on task=2960  (slabs=1)
67108864 particles on task=2961  (slabs=1)
67108864 particles on task=2962  (slabs=1)
67108864 particles on task=2963  (slabs=1)
67108864 particles on task=2964  (slabs=1)
67108864 particles on task=2965  (slabs=1)
67108864 particles on task=2966  (slabs=1)
67108864 particles on task=2967  (slabs=1)
67108864 particles on task=2968  (slabs=1)
67108864 particles on task=2969  (slabs=1)
67108864 particles on task=2970  (slabs=1)
67108864 particles on task=2971  (slabs=1)
67108864 particles on task=2972  (slabs=1)
67108864 particles on task=2973  (slabs=1)
67108864 particles on task=2974  (slabs=1)
67108864 particles on task=2975  (slabs=1)
67108864 particles on task=2976  (slabs=1)
67108864 particles on task=2977  (slabs=1)
67108864 particles on task=2978  (slabs=1)
67108864 particles on task=2979  (slabs=1)
67108864 particles on task=2980  (slabs=1)
67108864 particles on task=2981  (slabs=1)
67108864 particles on task=2982  (slabs=1)
67108864 particles on task=2983  (slabs=1)
67108864 particles on task=2984  (slabs=1)
67108864 particles on task=2985  (slabs=1)
67108864 particles on task=2986  (slabs=1)
67108864 particles on task=2987  (slabs=1)
67108864 particles on task=2988  (slabs=1)
67108864 particles on task=2989  (slabs=1)
67108864 particles on task=2990  (slabs=1)
67108864 particles on task=2991  (slabs=1)
67108864 particles on task=2992  (slabs=1)
67108864 particles on task=2993  (slabs=1)
67108864 particles on task=2994  (slabs=1)
67108864 particles on task=2995  (slabs=1)
67108864 particles on task=2996  (slabs=1)
67108864 particles on task=2997  (slabs=1)
67108864 particles on task=2998  (slabs=1)
67108864 particles on task=2999  (slabs=1)
67108864 particles on task=3000  (slabs=1)
67108864 particles on task=3001  (slabs=1)
67108864 particles on task=3002  (slabs=1)
67108864 particles on task=3003  (slabs=1)
67108864 particles on task=3004  (slabs=1)
67108864 particles on task=3005  (slabs=1)
67108864 particles on task=3006  (slabs=1)
67108864 particles on task=3007  (slabs=1)
67108864 particles on task=3008  (slabs=1)
67108864 particles on task=3009  (slabs=1)
67108864 particles on task=3010  (slabs=1)
67108864 particles on task=3011  (slabs=1)
67108864 particles on task=3012  (slabs=1)
67108864 particles on task=3013  (slabs=1)
67108864 particles on task=3014  (slabs=1)
67108864 particles on task=3015  (slabs=1)
67108864 particles on task=3016  (slabs=1)
67108864 particles on task=3017  (slabs=1)
67108864 particles on task=3018  (slabs=1)
67108864 particles on task=3019  (slabs=1)
67108864 particles on task=3020  (slabs=1)
67108864 particles on task=3021  (slabs=1)
67108864 particles on task=3022  (slabs=1)
67108864 particles on task=3023  (slabs=1)
67108864 particles on task=3024  (slabs=1)
67108864 particles on task=3025  (slabs=1)
67108864 particles on task=3026  (slabs=1)
67108864 particles on task=3027  (slabs=1)
67108864 particles on task=3028  (slabs=1)
67108864 particles on task=3029  (slabs=1)
67108864 particles on task=3030  (slabs=1)
67108864 particles on task=3031  (slabs=1)
67108864 particles on task=3032  (slabs=1)
67108864 particles on task=3033  (slabs=1)
67108864 particles on task=3034  (slabs=1)
67108864 particles on task=3035  (slabs=1)
67108864 particles on task=3036  (slabs=1)
67108864 particles on task=3037  (slabs=1)
67108864 particles on task=3038  (slabs=1)
67108864 particles on task=3039  (slabs=1)
67108864 particles on task=3040  (slabs=1)
67108864 particles on task=3041  (slabs=1)
67108864 particles on task=3042  (slabs=1)
67108864 particles on task=3043  (slabs=1)
67108864 particles on task=3044  (slabs=1)
67108864 particles on task=3045  (slabs=1)
67108864 particles on task=3046  (slabs=1)
67108864 particles on task=3047  (slabs=1)
67108864 particles on task=3048  (slabs=1)
67108864 particles on task=3049  (slabs=1)
67108864 particles on task=3050  (slabs=1)
67108864 particles on task=3051  (slabs=1)
67108864 particles on task=3052  (slabs=1)
67108864 particles on task=3053  (slabs=1)
67108864 particles on task=3054  (slabs=1)
67108864 particles on task=3055  (slabs=1)
67108864 particles on task=3056  (slabs=1)
67108864 particles on task=3057  (slabs=1)
67108864 particles on task=3058  (slabs=1)
67108864 particles on task=3059  (slabs=1)
67108864 particles on task=3060  (slabs=1)
67108864 particles on task=3061  (slabs=1)
67108864 particles on task=3062  (slabs=1)
67108864 particles on task=3063  (slabs=1)
67108864 particles on task=3064  (slabs=1)
67108864 particles on task=3065  (slabs=1)
67108864 particles on task=3066  (slabs=1)
67108864 particles on task=3067  (slabs=1)
67108864 particles on task=3068  (slabs=1)
67108864 particles on task=3069  (slabs=1)
67108864 particles on task=3070  (slabs=1)
67108864 particles on task=3071  (slabs=1)
67108864 particles on task=3072  (slabs=1)
67108864 particles on task=3073  (slabs=1)
67108864 particles on task=3074  (slabs=1)
67108864 particles on task=3075  (slabs=1)
67108864 particles on task=3076  (slabs=1)
67108864 particles on task=3077  (slabs=1)
67108864 particles on task=3078  (slabs=1)
67108864 particles on task=3079  (slabs=1)
67108864 particles on task=3080  (slabs=1)
67108864 particles on task=3081  (slabs=1)
67108864 particles on task=3082  (slabs=1)
67108864 particles on task=3083  (slabs=1)
67108864 particles on task=3084  (slabs=1)
67108864 particles on task=3085  (slabs=1)
67108864 particles on task=3086  (slabs=1)
67108864 particles on task=3087  (slabs=1)
67108864 particles on task=3088  (slabs=1)
67108864 particles on task=3089  (slabs=1)
67108864 particles on task=3090  (slabs=1)
67108864 particles on task=3091  (slabs=1)
67108864 particles on task=3092  (slabs=1)
67108864 particles on task=3093  (slabs=1)
67108864 particles on task=3094  (slabs=1)
67108864 particles on task=3095  (slabs=1)
67108864 particles on task=3096  (slabs=1)
67108864 particles on task=3097  (slabs=1)
67108864 particles on task=3098  (slabs=1)
67108864 particles on task=3099  (slabs=1)
67108864 particles on task=3100  (slabs=1)
67108864 particles on task=3101  (slabs=1)
67108864 particles on task=3102  (slabs=1)
67108864 particles on task=3103  (slabs=1)
67108864 particles on task=3104  (slabs=1)
67108864 particles on task=3105  (slabs=1)
67108864 particles on task=3106  (slabs=1)
67108864 particles on task=3107  (slabs=1)
67108864 particles on task=3108  (slabs=1)
67108864 particles on task=3109  (slabs=1)
67108864 particles on task=3110  (slabs=1)
67108864 particles on task=3111  (slabs=1)
67108864 particles on task=3112  (slabs=1)
67108864 particles on task=3113  (slabs=1)
67108864 particles on task=3114  (slabs=1)
67108864 particles on task=3115  (slabs=1)
67108864 particles on task=3116  (slabs=1)
67108864 particles on task=3117  (slabs=1)
67108864 particles on task=3118  (slabs=1)
67108864 particles on task=3119  (slabs=1)
67108864 particles on task=3120  (slabs=1)
67108864 particles on task=3121  (slabs=1)
67108864 particles on task=3122  (slabs=1)
67108864 particles on task=3123  (slabs=1)
67108864 particles on task=3124  (slabs=1)
67108864 particles on task=3125  (slabs=1)
67108864 particles on task=3126  (slabs=1)
67108864 particles on task=3127  (slabs=1)
67108864 particles on task=3128  (slabs=1)
67108864 particles on task=3129  (slabs=1)
67108864 particles on task=3130  (slabs=1)
67108864 particles on task=3131  (slabs=1)
67108864 particles on task=3132  (slabs=1)
67108864 particles on task=3133  (slabs=1)
67108864 particles on task=3134  (slabs=1)
67108864 particles on task=3135  (slabs=1)
67108864 particles on task=3136  (slabs=1)
67108864 particles on task=3137  (slabs=1)
67108864 particles on task=3138  (slabs=1)
67108864 particles on task=3139  (slabs=1)
67108864 particles on task=3140  (slabs=1)
67108864 particles on task=3141  (slabs=1)
67108864 particles on task=3142  (slabs=1)
67108864 particles on task=3143  (slabs=1)
67108864 particles on task=3144  (slabs=1)
67108864 particles on task=3145  (slabs=1)
67108864 particles on task=3146  (slabs=1)
67108864 particles on task=3147  (slabs=1)
67108864 particles on task=3148  (slabs=1)
67108864 particles on task=3149  (slabs=1)
67108864 particles on task=3150  (slabs=1)
67108864 particles on task=3151  (slabs=1)
67108864 particles on task=3152  (slabs=1)
67108864 particles on task=3153  (slabs=1)
67108864 particles on task=3154  (slabs=1)
67108864 particles on task=3155  (slabs=1)
67108864 particles on task=3156  (slabs=1)
67108864 particles on task=3157  (slabs=1)
67108864 particles on task=3158  (slabs=1)
67108864 particles on task=3159  (slabs=1)
67108864 particles on task=3160  (slabs=1)
67108864 particles on task=3161  (slabs=1)
67108864 particles on task=3162  (slabs=1)
67108864 particles on task=3163  (slabs=1)
67108864 particles on task=3164  (slabs=1)
67108864 particles on task=3165  (slabs=1)
67108864 particles on task=3166  (slabs=1)
67108864 particles on task=3167  (slabs=1)
67108864 particles on task=3168  (slabs=1)
67108864 particles on task=3169  (slabs=1)
67108864 particles on task=3170  (slabs=1)
67108864 particles on task=3171  (slabs=1)
67108864 particles on task=3172  (slabs=1)
67108864 particles on task=3173  (slabs=1)
67108864 particles on task=3174  (slabs=1)
67108864 particles on task=3175  (slabs=1)
67108864 particles on task=3176  (slabs=1)
67108864 particles on task=3177  (slabs=1)
67108864 particles on task=3178  (slabs=1)
67108864 particles on task=3179  (slabs=1)
67108864 particles on task=3180  (slabs=1)
67108864 particles on task=3181  (slabs=1)
67108864 particles on task=3182  (slabs=1)
67108864 particles on task=3183  (slabs=1)
67108864 particles on task=3184  (slabs=1)
67108864 particles on task=3185  (slabs=1)
67108864 particles on task=3186  (slabs=1)
67108864 particles on task=3187  (slabs=1)
67108864 particles on task=3188  (slabs=1)
67108864 particles on task=3189  (slabs=1)
67108864 particles on task=3190  (slabs=1)
67108864 particles on task=3191  (slabs=1)
67108864 particles on task=3192  (slabs=1)
67108864 particles on task=3193  (slabs=1)
67108864 particles on task=3194  (slabs=1)
67108864 particles on task=3195  (slabs=1)
67108864 particles on task=3196  (slabs=1)
67108864 particles on task=3197  (slabs=1)
67108864 particles on task=3198  (slabs=1)
67108864 particles on task=3199  (slabs=1)
67108864 particles on task=3200  (slabs=1)
67108864 particles on task=3201  (slabs=1)
67108864 particles on task=3202  (slabs=1)
67108864 particles on task=3203  (slabs=1)
67108864 particles on task=3204  (slabs=1)
67108864 particles on task=3205  (slabs=1)
67108864 particles on task=3206  (slabs=1)
67108864 particles on task=3207  (slabs=1)
67108864 particles on task=3208  (slabs=1)
67108864 particles on task=3209  (slabs=1)
67108864 particles on task=3210  (slabs=1)
67108864 particles on task=3211  (slabs=1)
67108864 particles on task=3212  (slabs=1)
67108864 particles on task=3213  (slabs=1)
67108864 particles on task=3214  (slabs=1)
67108864 particles on task=3215  (slabs=1)
67108864 particles on task=3216  (slabs=1)
67108864 particles on task=3217  (slabs=1)
67108864 particles on task=3218  (slabs=1)
67108864 particles on task=3219  (slabs=1)
67108864 particles on task=3220  (slabs=1)
67108864 particles on task=3221  (slabs=1)
67108864 particles on task=3222  (slabs=1)
67108864 particles on task=3223  (slabs=1)
67108864 particles on task=3224  (slabs=1)
67108864 particles on task=3225  (slabs=1)
67108864 particles on task=3226  (slabs=1)
67108864 particles on task=3227  (slabs=1)
67108864 particles on task=3228  (slabs=1)
67108864 particles on task=3229  (slabs=1)
67108864 particles on task=3230  (slabs=1)
67108864 particles on task=3231  (slabs=1)
67108864 particles on task=3232  (slabs=1)
67108864 particles on task=3233  (slabs=1)
67108864 particles on task=3234  (slabs=1)
67108864 particles on task=3235  (slabs=1)
67108864 particles on task=3236  (slabs=1)
67108864 particles on task=3237  (slabs=1)
67108864 particles on task=3238  (slabs=1)
67108864 particles on task=3239  (slabs=1)
67108864 particles on task=3240  (slabs=1)
67108864 particles on task=3241  (slabs=1)
67108864 particles on task=3242  (slabs=1)
67108864 particles on task=3243  (slabs=1)
67108864 particles on task=3244  (slabs=1)
67108864 particles on task=3245  (slabs=1)
67108864 particles on task=3246  (slabs=1)
67108864 particles on task=3247  (slabs=1)
67108864 particles on task=3248  (slabs=1)
67108864 particles on task=3249  (slabs=1)
67108864 particles on task=3250  (slabs=1)
67108864 particles on task=3251  (slabs=1)
67108864 particles on task=3252  (slabs=1)
67108864 particles on task=3253  (slabs=1)
67108864 particles on task=3254  (slabs=1)
67108864 particles on task=3255  (slabs=1)
67108864 particles on task=3256  (slabs=1)
67108864 particles on task=3257  (slabs=1)
67108864 particles on task=3258  (slabs=1)
67108864 particles on task=3259  (slabs=1)
67108864 particles on task=3260  (slabs=1)
67108864 particles on task=3261  (slabs=1)
67108864 particles on task=3262  (slabs=1)
67108864 particles on task=3263  (slabs=1)
67108864 particles on task=3264  (slabs=1)
67108864 particles on task=3265  (slabs=1)
67108864 particles on task=3266  (slabs=1)
67108864 particles on task=3267  (slabs=1)
67108864 particles on task=3268  (slabs=1)
67108864 particles on task=3269  (slabs=1)
67108864 particles on task=3270  (slabs=1)
67108864 particles on task=3271  (slabs=1)
67108864 particles on task=3272  (slabs=1)
67108864 particles on task=3273  (slabs=1)
67108864 particles on task=3274  (slabs=1)
67108864 particles on task=3275  (slabs=1)
67108864 particles on task=3276  (slabs=1)
67108864 particles on task=3277  (slabs=1)
67108864 particles on task=3278  (slabs=1)
67108864 particles on task=3279  (slabs=1)
67108864 particles on task=3280  (slabs=1)
67108864 particles on task=3281  (slabs=1)
67108864 particles on task=3282  (slabs=1)
67108864 particles on task=3283  (slabs=1)
67108864 particles on task=3284  (slabs=1)
67108864 particles on task=3285  (slabs=1)
67108864 particles on task=3286  (slabs=1)
67108864 particles on task=3287  (slabs=1)
67108864 particles on task=3288  (slabs=1)
67108864 particles on task=3289  (slabs=1)
67108864 particles on task=3290  (slabs=1)
67108864 particles on task=3291  (slabs=1)
67108864 particles on task=3292  (slabs=1)
67108864 particles on task=3293  (slabs=1)
67108864 particles on task=3294  (slabs=1)
67108864 particles on task=3295  (slabs=1)
67108864 particles on task=3296  (slabs=1)
67108864 particles on task=3297  (slabs=1)
67108864 particles on task=3298  (slabs=1)
67108864 particles on task=3299  (slabs=1)
67108864 particles on task=3300  (slabs=1)
67108864 particles on task=3301  (slabs=1)
67108864 particles on task=3302  (slabs=1)
67108864 particles on task=3303  (slabs=1)
67108864 particles on task=3304  (slabs=1)
67108864 particles on task=3305  (slabs=1)
67108864 particles on task=3306  (slabs=1)
67108864 particles on task=3307  (slabs=1)
67108864 particles on task=3308  (slabs=1)
67108864 particles on task=3309  (slabs=1)
67108864 particles on task=3310  (slabs=1)
67108864 particles on task=3311  (slabs=1)
67108864 particles on task=3312  (slabs=1)
67108864 particles on task=3313  (slabs=1)
67108864 particles on task=3314  (slabs=1)
67108864 particles on task=3315  (slabs=1)
67108864 particles on task=3316  (slabs=1)
67108864 particles on task=3317  (slabs=1)
67108864 particles on task=3318  (slabs=1)
67108864 particles on task=3319  (slabs=1)
67108864 particles on task=3320  (slabs=1)
67108864 particles on task=3321  (slabs=1)
67108864 particles on task=3322  (slabs=1)
67108864 particles on task=3323  (slabs=1)
67108864 particles on task=3324  (slabs=1)
67108864 particles on task=3325  (slabs=1)
67108864 particles on task=3326  (slabs=1)
67108864 particles on task=3327  (slabs=1)
67108864 particles on task=3328  (slabs=1)
67108864 particles on task=3329  (slabs=1)
67108864 particles on task=3330  (slabs=1)
67108864 particles on task=3331  (slabs=1)
67108864 particles on task=3332  (slabs=1)
67108864 particles on task=3333  (slabs=1)
67108864 particles on task=3334  (slabs=1)
67108864 particles on task=3335  (slabs=1)
67108864 particles on task=3336  (slabs=1)
67108864 particles on task=3337  (slabs=1)
67108864 particles on task=3338  (slabs=1)
67108864 particles on task=3339  (slabs=1)
67108864 particles on task=3340  (slabs=1)
67108864 particles on task=3341  (slabs=1)
67108864 particles on task=3342  (slabs=1)
67108864 particles on task=3343  (slabs=1)
67108864 particles on task=3344  (slabs=1)
67108864 particles on task=3345  (slabs=1)
67108864 particles on task=3346  (slabs=1)
67108864 particles on task=3347  (slabs=1)
67108864 particles on task=3348  (slabs=1)
67108864 particles on task=3349  (slabs=1)
67108864 particles on task=3350  (slabs=1)
67108864 particles on task=3351  (slabs=1)
67108864 particles on task=3352  (slabs=1)
67108864 particles on task=3353  (slabs=1)
67108864 particles on task=3354  (slabs=1)
67108864 particles on task=3355  (slabs=1)
67108864 particles on task=3356  (slabs=1)
67108864 particles on task=3357  (slabs=1)
67108864 particles on task=3358  (slabs=1)
67108864 particles on task=3359  (slabs=1)
67108864 particles on task=3360  (slabs=1)
67108864 particles on task=3361  (slabs=1)
67108864 particles on task=3362  (slabs=1)
67108864 particles on task=3363  (slabs=1)
67108864 particles on task=3364  (slabs=1)
67108864 particles on task=3365  (slabs=1)
67108864 particles on task=3366  (slabs=1)
67108864 particles on task=3367  (slabs=1)
67108864 particles on task=3368  (slabs=1)
67108864 particles on task=3369  (slabs=1)
67108864 particles on task=3370  (slabs=1)
67108864 particles on task=3371  (slabs=1)
67108864 particles on task=3372  (slabs=1)
67108864 particles on task=3373  (slabs=1)
67108864 particles on task=3374  (slabs=1)
67108864 particles on task=3375  (slabs=1)
67108864 particles on task=3376  (slabs=1)
67108864 particles on task=3377  (slabs=1)
67108864 particles on task=3378  (slabs=1)
67108864 particles on task=3379  (slabs=1)
67108864 particles on task=3380  (slabs=1)
67108864 particles on task=3381  (slabs=1)
67108864 particles on task=3382  (slabs=1)
67108864 particles on task=3383  (slabs=1)
67108864 particles on task=3384  (slabs=1)
67108864 particles on task=3385  (slabs=1)
67108864 particles on task=3386  (slabs=1)
67108864 particles on task=3387  (slabs=1)
67108864 particles on task=3388  (slabs=1)
67108864 particles on task=3389  (slabs=1)
67108864 particles on task=3390  (slabs=1)
67108864 particles on task=3391  (slabs=1)
67108864 particles on task=3392  (slabs=1)
67108864 particles on task=3393  (slabs=1)
67108864 particles on task=3394  (slabs=1)
67108864 particles on task=3395  (slabs=1)
67108864 particles on task=3396  (slabs=1)
67108864 particles on task=3397  (slabs=1)
67108864 particles on task=3398  (slabs=1)
67108864 particles on task=3399  (slabs=1)
67108864 particles on task=3400  (slabs=1)
67108864 particles on task=3401  (slabs=1)
67108864 particles on task=3402  (slabs=1)
67108864 particles on task=3403  (slabs=1)
67108864 particles on task=3404  (slabs=1)
67108864 particles on task=3405  (slabs=1)
67108864 particles on task=3406  (slabs=1)
67108864 particles on task=3407  (slabs=1)
67108864 particles on task=3408  (slabs=1)
67108864 particles on task=3409  (slabs=1)
67108864 particles on task=3410  (slabs=1)
67108864 particles on task=3411  (slabs=1)
67108864 particles on task=3412  (slabs=1)
67108864 particles on task=3413  (slabs=1)
67108864 particles on task=3414  (slabs=1)
67108864 particles on task=3415  (slabs=1)
67108864 particles on task=3416  (slabs=1)
67108864 particles on task=3417  (slabs=1)
67108864 particles on task=3418  (slabs=1)
67108864 particles on task=3419  (slabs=1)
67108864 particles on task=3420  (slabs=1)
67108864 particles on task=3421  (slabs=1)
67108864 particles on task=3422  (slabs=1)
67108864 particles on task=3423  (slabs=1)
67108864 particles on task=3424  (slabs=1)
67108864 particles on task=3425  (slabs=1)
67108864 particles on task=3426  (slabs=1)
67108864 particles on task=3427  (slabs=1)
67108864 particles on task=3428  (slabs=1)
67108864 particles on task=3429  (slabs=1)
67108864 particles on task=3430  (slabs=1)
67108864 particles on task=3431  (slabs=1)
67108864 particles on task=3432  (slabs=1)
67108864 particles on task=3433  (slabs=1)
67108864 particles on task=3434  (slabs=1)
67108864 particles on task=3435  (slabs=1)
67108864 particles on task=3436  (slabs=1)
67108864 particles on task=3437  (slabs=1)
67108864 particles on task=3438  (slabs=1)
67108864 particles on task=3439  (slabs=1)
67108864 particles on task=3440  (slabs=1)
67108864 particles on task=3441  (slabs=1)
67108864 particles on task=3442  (slabs=1)
67108864 particles on task=3443  (slabs=1)
67108864 particles on task=3444  (slabs=1)
67108864 particles on task=3445  (slabs=1)
67108864 particles on task=3446  (slabs=1)
67108864 particles on task=3447  (slabs=1)
67108864 particles on task=3448  (slabs=1)
67108864 particles on task=3449  (slabs=1)
67108864 particles on task=3450  (slabs=1)
67108864 particles on task=3451  (slabs=1)
67108864 particles on task=3452  (slabs=1)
67108864 particles on task=3453  (slabs=1)
67108864 particles on task=3454  (slabs=1)
67108864 particles on task=3455  (slabs=1)
67108864 particles on task=3456  (slabs=1)
67108864 particles on task=3457  (slabs=1)
67108864 particles on task=3458  (slabs=1)
67108864 particles on task=3459  (slabs=1)
67108864 particles on task=3460  (slabs=1)
67108864 particles on task=3461  (slabs=1)
67108864 particles on task=3462  (slabs=1)
67108864 particles on task=3463  (slabs=1)
67108864 particles on task=3464  (slabs=1)
67108864 particles on task=3465  (slabs=1)
67108864 particles on task=3466  (slabs=1)
67108864 particles on task=3467  (slabs=1)
67108864 particles on task=3468  (slabs=1)
67108864 particles on task=3469  (slabs=1)
67108864 particles on task=3470  (slabs=1)
67108864 particles on task=3471  (slabs=1)
67108864 particles on task=3472  (slabs=1)
67108864 particles on task=3473  (slabs=1)
67108864 particles on task=3474  (slabs=1)
67108864 particles on task=3475  (slabs=1)
67108864 particles on task=3476  (slabs=1)
67108864 particles on task=3477  (slabs=1)
67108864 particles on task=3478  (slabs=1)
67108864 particles on task=3479  (slabs=1)
67108864 particles on task=3480  (slabs=1)
67108864 particles on task=3481  (slabs=1)
67108864 particles on task=3482  (slabs=1)
67108864 particles on task=3483  (slabs=1)
67108864 particles on task=3484  (slabs=1)
67108864 particles on task=3485  (slabs=1)
67108864 particles on task=3486  (slabs=1)
67108864 particles on task=3487  (slabs=1)
67108864 particles on task=3488  (slabs=1)
67108864 particles on task=3489  (slabs=1)
67108864 particles on task=3490  (slabs=1)
67108864 particles on task=3491  (slabs=1)
67108864 particles on task=3492  (slabs=1)
67108864 particles on task=3493  (slabs=1)
67108864 particles on task=3494  (slabs=1)
67108864 particles on task=3495  (slabs=1)
67108864 particles on task=3496  (slabs=1)
67108864 particles on task=3497  (slabs=1)
67108864 particles on task=3498  (slabs=1)
67108864 particles on task=3499  (slabs=1)
67108864 particles on task=3500  (slabs=1)
67108864 particles on task=3501  (slabs=1)
67108864 particles on task=3502  (slabs=1)
67108864 particles on task=3503  (slabs=1)
67108864 particles on task=3504  (slabs=1)
67108864 particles on task=3505  (slabs=1)
67108864 particles on task=3506  (slabs=1)
67108864 particles on task=3507  (slabs=1)
67108864 particles on task=3508  (slabs=1)
67108864 particles on task=3509  (slabs=1)
67108864 particles on task=3510  (slabs=1)
67108864 particles on task=3511  (slabs=1)
67108864 particles on task=3512  (slabs=1)
67108864 particles on task=3513  (slabs=1)
67108864 particles on task=3514  (slabs=1)
67108864 particles on task=3515  (slabs=1)
67108864 particles on task=3516  (slabs=1)
67108864 particles on task=3517  (slabs=1)
67108864 particles on task=3518  (slabs=1)
67108864 particles on task=3519  (slabs=1)
67108864 particles on task=3520  (slabs=1)
67108864 particles on task=3521  (slabs=1)
67108864 particles on task=3522  (slabs=1)
67108864 particles on task=3523  (slabs=1)
67108864 particles on task=3524  (slabs=1)
67108864 particles on task=3525  (slabs=1)
67108864 particles on task=3526  (slabs=1)
67108864 particles on task=3527  (slabs=1)
67108864 particles on task=3528  (slabs=1)
67108864 particles on task=3529  (slabs=1)
67108864 particles on task=3530  (slabs=1)
67108864 particles on task=3531  (slabs=1)
67108864 particles on task=3532  (slabs=1)
67108864 particles on task=3533  (slabs=1)
67108864 particles on task=3534  (slabs=1)
67108864 particles on task=3535  (slabs=1)
67108864 particles on task=3536  (slabs=1)
67108864 particles on task=3537  (slabs=1)
67108864 particles on task=3538  (slabs=1)
67108864 particles on task=3539  (slabs=1)
67108864 particles on task=3540  (slabs=1)
67108864 particles on task=3541  (slabs=1)
67108864 particles on task=3542  (slabs=1)
67108864 particles on task=3543  (slabs=1)
67108864 particles on task=3544  (slabs=1)
67108864 particles on task=3545  (slabs=1)
67108864 particles on task=3546  (slabs=1)
67108864 particles on task=3547  (slabs=1)
67108864 particles on task=3548  (slabs=1)
67108864 particles on task=3549  (slabs=1)
67108864 particles on task=3550  (slabs=1)
67108864 particles on task=3551  (slabs=1)
67108864 particles on task=3552  (slabs=1)
67108864 particles on task=3553  (slabs=1)
67108864 particles on task=3554  (slabs=1)
67108864 particles on task=3555  (slabs=1)
67108864 particles on task=3556  (slabs=1)
67108864 particles on task=3557  (slabs=1)
67108864 particles on task=3558  (slabs=1)
67108864 particles on task=3559  (slabs=1)
67108864 particles on task=3560  (slabs=1)
67108864 particles on task=3561  (slabs=1)
67108864 particles on task=3562  (slabs=1)
67108864 particles on task=3563  (slabs=1)
67108864 particles on task=3564  (slabs=1)
67108864 particles on task=3565  (slabs=1)
67108864 particles on task=3566  (slabs=1)
67108864 particles on task=3567  (slabs=1)
67108864 particles on task=3568  (slabs=1)
67108864 particles on task=3569  (slabs=1)
67108864 particles on task=3570  (slabs=1)
67108864 particles on task=3571  (slabs=1)
67108864 particles on task=3572  (slabs=1)
67108864 particles on task=3573  (slabs=1)
67108864 particles on task=3574  (slabs=1)
67108864 particles on task=3575  (slabs=1)
67108864 particles on task=3576  (slabs=1)
67108864 particles on task=3577  (slabs=1)
67108864 particles on task=3578  (slabs=1)
67108864 particles on task=3579  (slabs=1)
67108864 particles on task=3580  (slabs=1)
67108864 particles on task=3581  (slabs=1)
67108864 particles on task=3582  (slabs=1)
67108864 particles on task=3583  (slabs=1)
67108864 particles on task=3584  (slabs=1)
67108864 particles on task=3585  (slabs=1)
67108864 particles on task=3586  (slabs=1)
67108864 particles on task=3587  (slabs=1)
67108864 particles on task=3588  (slabs=1)
67108864 particles on task=3589  (slabs=1)
67108864 particles on task=3590  (slabs=1)
67108864 particles on task=3591  (slabs=1)
67108864 particles on task=3592  (slabs=1)
67108864 particles on task=3593  (slabs=1)
67108864 particles on task=3594  (slabs=1)
67108864 particles on task=3595  (slabs=1)
67108864 particles on task=3596  (slabs=1)
67108864 particles on task=3597  (slabs=1)
67108864 particles on task=3598  (slabs=1)
67108864 particles on task=3599  (slabs=1)
67108864 particles on task=3600  (slabs=1)
67108864 particles on task=3601  (slabs=1)
67108864 particles on task=3602  (slabs=1)
67108864 particles on task=3603  (slabs=1)
67108864 particles on task=3604  (slabs=1)
67108864 particles on task=3605  (slabs=1)
67108864 particles on task=3606  (slabs=1)
67108864 particles on task=3607  (slabs=1)
67108864 particles on task=3608  (slabs=1)
67108864 particles on task=3609  (slabs=1)
67108864 particles on task=3610  (slabs=1)
67108864 particles on task=3611  (slabs=1)
67108864 particles on task=3612  (slabs=1)
67108864 particles on task=3613  (slabs=1)
67108864 particles on task=3614  (slabs=1)
67108864 particles on task=3615  (slabs=1)
67108864 particles on task=3616  (slabs=1)
67108864 particles on task=3617  (slabs=1)
67108864 particles on task=3618  (slabs=1)
67108864 particles on task=3619  (slabs=1)
67108864 particles on task=3620  (slabs=1)
67108864 particles on task=3621  (slabs=1)
67108864 particles on task=3622  (slabs=1)
67108864 particles on task=3623  (slabs=1)
67108864 particles on task=3624  (slabs=1)
67108864 particles on task=3625  (slabs=1)
67108864 particles on task=3626  (slabs=1)
67108864 particles on task=3627  (slabs=1)
67108864 particles on task=3628  (slabs=1)
67108864 particles on task=3629  (slabs=1)
67108864 particles on task=3630  (slabs=1)
67108864 particles on task=3631  (slabs=1)
67108864 particles on task=3632  (slabs=1)
67108864 particles on task=3633  (slabs=1)
67108864 particles on task=3634  (slabs=1)
67108864 particles on task=3635  (slabs=1)
67108864 particles on task=3636  (slabs=1)
67108864 particles on task=3637  (slabs=1)
67108864 particles on task=3638  (slabs=1)
67108864 particles on task=3639  (slabs=1)
67108864 particles on task=3640  (slabs=1)
67108864 particles on task=3641  (slabs=1)
67108864 particles on task=3642  (slabs=1)
67108864 particles on task=3643  (slabs=1)
67108864 particles on task=3644  (slabs=1)
67108864 particles on task=3645  (slabs=1)
67108864 particles on task=3646  (slabs=1)
67108864 particles on task=3647  (slabs=1)
67108864 particles on task=3648  (slabs=1)
67108864 particles on task=3649  (slabs=1)
67108864 particles on task=3650  (slabs=1)
67108864 particles on task=3651  (slabs=1)
67108864 particles on task=3652  (slabs=1)
67108864 particles on task=3653  (slabs=1)
67108864 particles on task=3654  (slabs=1)
67108864 particles on task=3655  (slabs=1)
67108864 particles on task=3656  (slabs=1)
67108864 particles on task=3657  (slabs=1)
67108864 particles on task=3658  (slabs=1)
67108864 particles on task=3659  (slabs=1)
67108864 particles on task=3660  (slabs=1)
67108864 particles on task=3661  (slabs=1)
67108864 particles on task=3662  (slabs=1)
67108864 particles on task=3663  (slabs=1)
67108864 particles on task=3664  (slabs=1)
67108864 particles on task=3665  (slabs=1)
67108864 particles on task=3666  (slabs=1)
67108864 particles on task=3667  (slabs=1)
67108864 particles on task=3668  (slabs=1)
67108864 particles on task=3669  (slabs=1)
67108864 particles on task=3670  (slabs=1)
67108864 particles on task=3671  (slabs=1)
67108864 particles on task=3672  (slabs=1)
67108864 particles on task=3673  (slabs=1)
67108864 particles on task=3674  (slabs=1)
67108864 particles on task=3675  (slabs=1)
67108864 particles on task=3676  (slabs=1)
67108864 particles on task=3677  (slabs=1)
67108864 particles on task=3678  (slabs=1)
67108864 particles on task=3679  (slabs=1)
67108864 particles on task=3680  (slabs=1)
67108864 particles on task=3681  (slabs=1)
67108864 particles on task=3682  (slabs=1)
67108864 particles on task=3683  (slabs=1)
67108864 particles on task=3684  (slabs=1)
67108864 particles on task=3685  (slabs=1)
67108864 particles on task=3686  (slabs=1)
67108864 particles on task=3687  (slabs=1)
67108864 particles on task=3688  (slabs=1)
67108864 particles on task=3689  (slabs=1)
67108864 particles on task=3690  (slabs=1)
67108864 particles on task=3691  (slabs=1)
67108864 particles on task=3692  (slabs=1)
67108864 particles on task=3693  (slabs=1)
67108864 particles on task=3694  (slabs=1)
67108864 particles on task=3695  (slabs=1)
67108864 particles on task=3696  (slabs=1)
67108864 particles on task=3697  (slabs=1)
67108864 particles on task=3698  (slabs=1)
67108864 particles on task=3699  (slabs=1)
67108864 particles on task=3700  (slabs=1)
67108864 particles on task=3701  (slabs=1)
67108864 particles on task=3702  (slabs=1)
67108864 particles on task=3703  (slabs=1)
67108864 particles on task=3704  (slabs=1)
67108864 particles on task=3705  (slabs=1)
67108864 particles on task=3706  (slabs=1)
67108864 particles on task=3707  (slabs=1)
67108864 particles on task=3708  (slabs=1)
67108864 particles on task=3709  (slabs=1)
67108864 particles on task=3710  (slabs=1)
67108864 particles on task=3711  (slabs=1)
67108864 particles on task=3712  (slabs=1)
67108864 particles on task=3713  (slabs=1)
67108864 particles on task=3714  (slabs=1)
67108864 particles on task=3715  (slabs=1)
67108864 particles on task=3716  (slabs=1)
67108864 particles on task=3717  (slabs=1)
67108864 particles on task=3718  (slabs=1)
67108864 particles on task=3719  (slabs=1)
67108864 particles on task=3720  (slabs=1)
67108864 particles on task=3721  (slabs=1)
67108864 particles on task=3722  (slabs=1)
67108864 particles on task=3723  (slabs=1)
67108864 particles on task=3724  (slabs=1)
67108864 particles on task=3725  (slabs=1)
67108864 particles on task=3726  (slabs=1)
67108864 particles on task=3727  (slabs=1)
67108864 particles on task=3728  (slabs=1)
67108864 particles on task=3729  (slabs=1)
67108864 particles on task=3730  (slabs=1)
67108864 particles on task=3731  (slabs=1)
67108864 particles on task=3732  (slabs=1)
67108864 particles on task=3733  (slabs=1)
67108864 particles on task=3734  (slabs=1)
67108864 particles on task=3735  (slabs=1)
67108864 particles on task=3736  (slabs=1)
67108864 particles on task=3737  (slabs=1)
67108864 particles on task=3738  (slabs=1)
67108864 particles on task=3739  (slabs=1)
67108864 particles on task=3740  (slabs=1)
67108864 particles on task=3741  (slabs=1)
67108864 particles on task=3742  (slabs=1)
67108864 particles on task=3743  (slabs=1)
67108864 particles on task=3744  (slabs=1)
67108864 particles on task=3745  (slabs=1)
67108864 particles on task=3746  (slabs=1)
67108864 particles on task=3747  (slabs=1)
67108864 particles on task=3748  (slabs=1)
67108864 particles on task=3749  (slabs=1)
67108864 particles on task=3750  (slabs=1)
67108864 particles on task=3751  (slabs=1)
67108864 particles on task=3752  (slabs=1)
67108864 particles on task=3753  (slabs=1)
67108864 particles on task=3754  (slabs=1)
67108864 particles on task=3755  (slabs=1)
67108864 particles on task=3756  (slabs=1)
67108864 particles on task=3757  (slabs=1)
67108864 particles on task=3758  (slabs=1)
67108864 particles on task=3759  (slabs=1)
67108864 particles on task=3760  (slabs=1)
67108864 particles on task=3761  (slabs=1)
67108864 particles on task=3762  (slabs=1)
67108864 particles on task=3763  (slabs=1)
67108864 particles on task=3764  (slabs=1)
67108864 particles on task=3765  (slabs=1)
67108864 particles on task=3766  (slabs=1)
67108864 particles on task=3767  (slabs=1)
67108864 particles on task=3768  (slabs=1)
67108864 particles on task=3769  (slabs=1)
67108864 particles on task=3770  (slabs=1)
67108864 particles on task=3771  (slabs=1)
67108864 particles on task=3772  (slabs=1)
67108864 particles on task=3773  (slabs=1)
67108864 particles on task=3774  (slabs=1)
67108864 particles on task=3775  (slabs=1)
67108864 particles on task=3776  (slabs=1)
67108864 particles on task=3777  (slabs=1)
67108864 particles on task=3778  (slabs=1)
67108864 particles on task=3779  (slabs=1)
67108864 particles on task=3780  (slabs=1)
67108864 particles on task=3781  (slabs=1)
67108864 particles on task=3782  (slabs=1)
67108864 particles on task=3783  (slabs=1)
67108864 particles on task=3784  (slabs=1)
67108864 particles on task=3785  (slabs=1)
67108864 particles on task=3786  (slabs=1)
67108864 particles on task=3787  (slabs=1)
67108864 particles on task=3788  (slabs=1)
67108864 particles on task=3789  (slabs=1)
67108864 particles on task=3790  (slabs=1)
67108864 particles on task=3791  (slabs=1)
67108864 particles on task=3792  (slabs=1)
67108864 particles on task=3793  (slabs=1)
67108864 particles on task=3794  (slabs=1)
67108864 particles on task=3795  (slabs=1)
67108864 particles on task=3796  (slabs=1)
67108864 particles on task=3797  (slabs=1)
67108864 particles on task=3798  (slabs=1)
67108864 particles on task=3799  (slabs=1)
67108864 particles on task=3800  (slabs=1)
67108864 particles on task=3801  (slabs=1)
67108864 particles on task=3802  (slabs=1)
67108864 particles on task=3803  (slabs=1)
67108864 particles on task=3804  (slabs=1)
67108864 particles on task=3805  (slabs=1)
67108864 particles on task=3806  (slabs=1)
67108864 particles on task=3807  (slabs=1)
67108864 particles on task=3808  (slabs=1)
67108864 particles on task=3809  (slabs=1)
67108864 particles on task=3810  (slabs=1)
67108864 particles on task=3811  (slabs=1)
67108864 particles on task=3812  (slabs=1)
67108864 particles on task=3813  (slabs=1)
67108864 particles on task=3814  (slabs=1)
67108864 particles on task=3815  (slabs=1)
67108864 particles on task=3816  (slabs=1)
67108864 particles on task=3817  (slabs=1)
67108864 particles on task=3818  (slabs=1)
67108864 particles on task=3819  (slabs=1)
67108864 particles on task=3820  (slabs=1)
67108864 particles on task=3821  (slabs=1)
67108864 particles on task=3822  (slabs=1)
67108864 particles on task=3823  (slabs=1)
67108864 particles on task=3824  (slabs=1)
67108864 particles on task=3825  (slabs=1)
67108864 particles on task=3826  (slabs=1)
67108864 particles on task=3827  (slabs=1)
67108864 particles on task=3828  (slabs=1)
67108864 particles on task=3829  (slabs=1)
67108864 particles on task=3830  (slabs=1)
67108864 particles on task=3831  (slabs=1)
67108864 particles on task=3832  (slabs=1)
67108864 particles on task=3833  (slabs=1)
67108864 particles on task=3834  (slabs=1)
67108864 particles on task=3835  (slabs=1)
67108864 particles on task=3836  (slabs=1)
67108864 particles on task=3837  (slabs=1)
67108864 particles on task=3838  (slabs=1)
67108864 particles on task=3839  (slabs=1)
67108864 particles on task=3840  (slabs=1)
67108864 particles on task=3841  (slabs=1)
67108864 particles on task=3842  (slabs=1)
67108864 particles on task=3843  (slabs=1)
67108864 particles on task=3844  (slabs=1)
67108864 particles on task=3845  (slabs=1)
67108864 particles on task=3846  (slabs=1)
67108864 particles on task=3847  (slabs=1)
67108864 particles on task=3848  (slabs=1)
67108864 particles on task=3849  (slabs=1)
67108864 particles on task=3850  (slabs=1)
67108864 particles on task=3851  (slabs=1)
67108864 particles on task=3852  (slabs=1)
67108864 particles on task=3853  (slabs=1)
67108864 particles on task=3854  (slabs=1)
67108864 particles on task=3855  (slabs=1)
67108864 particles on task=3856  (slabs=1)
67108864 particles on task=3857  (slabs=1)
67108864 particles on task=3858  (slabs=1)
67108864 particles on task=3859  (slabs=1)
67108864 particles on task=3860  (slabs=1)
67108864 particles on task=3861  (slabs=1)
67108864 particles on task=3862  (slabs=1)
67108864 particles on task=3863  (slabs=1)
67108864 particles on task=3864  (slabs=1)
67108864 particles on task=3865  (slabs=1)
67108864 particles on task=3866  (slabs=1)
67108864 particles on task=3867  (slabs=1)
67108864 particles on task=3868  (slabs=1)
67108864 particles on task=3869  (slabs=1)
67108864 particles on task=3870  (slabs=1)
67108864 particles on task=3871  (slabs=1)
67108864 particles on task=3872  (slabs=1)
67108864 particles on task=3873  (slabs=1)
67108864 particles on task=3874  (slabs=1)
67108864 particles on task=3875  (slabs=1)
67108864 particles on task=3876  (slabs=1)
67108864 particles on task=3877  (slabs=1)
67108864 particles on task=3878  (slabs=1)
67108864 particles on task=3879  (slabs=1)
67108864 particles on task=3880  (slabs=1)
67108864 particles on task=3881  (slabs=1)
67108864 particles on task=3882  (slabs=1)
67108864 particles on task=3883  (slabs=1)
67108864 particles on task=3884  (slabs=1)
67108864 particles on task=3885  (slabs=1)
67108864 particles on task=3886  (slabs=1)
67108864 particles on task=3887  (slabs=1)
67108864 particles on task=3888  (slabs=1)
67108864 particles on task=3889  (slabs=1)
67108864 particles on task=3890  (slabs=1)
67108864 particles on task=3891  (slabs=1)
67108864 particles on task=3892  (slabs=1)
67108864 particles on task=3893  (slabs=1)
67108864 particles on task=3894  (slabs=1)
67108864 particles on task=3895  (slabs=1)
67108864 particles on task=3896  (slabs=1)
67108864 particles on task=3897  (slabs=1)
67108864 particles on task=3898  (slabs=1)
67108864 particles on task=3899  (slabs=1)
67108864 particles on task=3900  (slabs=1)
67108864 particles on task=3901  (slabs=1)
67108864 particles on task=3902  (slabs=1)
67108864 particles on task=3903  (slabs=1)
67108864 particles on task=3904  (slabs=1)
67108864 particles on task=3905  (slabs=1)
67108864 particles on task=3906  (slabs=1)
67108864 particles on task=3907  (slabs=1)
67108864 particles on task=3908  (slabs=1)
67108864 particles on task=3909  (slabs=1)
67108864 particles on task=3910  (slabs=1)
67108864 particles on task=3911  (slabs=1)
67108864 particles on task=3912  (slabs=1)
67108864 particles on task=3913  (slabs=1)
67108864 particles on task=3914  (slabs=1)
67108864 particles on task=3915  (slabs=1)
67108864 particles on task=3916  (slabs=1)
67108864 particles on task=3917  (slabs=1)
67108864 particles on task=3918  (slabs=1)
67108864 particles on task=3919  (slabs=1)
67108864 particles on task=3920  (slabs=1)
67108864 particles on task=3921  (slabs=1)
67108864 particles on task=3922  (slabs=1)
67108864 particles on task=3923  (slabs=1)
67108864 particles on task=3924  (slabs=1)
67108864 particles on task=3925  (slabs=1)
67108864 particles on task=3926  (slabs=1)
67108864 particles on task=3927  (slabs=1)
67108864 particles on task=3928  (slabs=1)
67108864 particles on task=3929  (slabs=1)
67108864 particles on task=3930  (slabs=1)
67108864 particles on task=3931  (slabs=1)
67108864 particles on task=3932  (slabs=1)
67108864 particles on task=3933  (slabs=1)
67108864 particles on task=3934  (slabs=1)
67108864 particles on task=3935  (slabs=1)
67108864 particles on task=3936  (slabs=1)
67108864 particles on task=3937  (slabs=1)
67108864 particles on task=3938  (slabs=1)
67108864 particles on task=3939  (slabs=1)
67108864 particles on task=3940  (slabs=1)
67108864 particles on task=3941  (slabs=1)
67108864 particles on task=3942  (slabs=1)
67108864 particles on task=3943  (slabs=1)
67108864 particles on task=3944  (slabs=1)
67108864 particles on task=3945  (slabs=1)
67108864 particles on task=3946  (slabs=1)
67108864 particles on task=3947  (slabs=1)
67108864 particles on task=3948  (slabs=1)
67108864 particles on task=3949  (slabs=1)
67108864 particles on task=3950  (slabs=1)
67108864 particles on task=3951  (slabs=1)
67108864 particles on task=3952  (slabs=1)
67108864 particles on task=3953  (slabs=1)
67108864 particles on task=3954  (slabs=1)
67108864 particles on task=3955  (slabs=1)
67108864 particles on task=3956  (slabs=1)
67108864 particles on task=3957  (slabs=1)
67108864 particles on task=3958  (slabs=1)
67108864 particles on task=3959  (slabs=1)
67108864 particles on task=3960  (slabs=1)
67108864 particles on task=3961  (slabs=1)
67108864 particles on task=3962  (slabs=1)
67108864 particles on task=3963  (slabs=1)
67108864 particles on task=3964  (slabs=1)
67108864 particles on task=3965  (slabs=1)
67108864 particles on task=3966  (slabs=1)
67108864 particles on task=3967  (slabs=1)
67108864 particles on task=3968  (slabs=1)
67108864 particles on task=3969  (slabs=1)
67108864 particles on task=3970  (slabs=1)
67108864 particles on task=3971  (slabs=1)
67108864 particles on task=3972  (slabs=1)
67108864 particles on task=3973  (slabs=1)
67108864 particles on task=3974  (slabs=1)
67108864 particles on task=3975  (slabs=1)
67108864 particles on task=3976  (slabs=1)
67108864 particles on task=3977  (slabs=1)
67108864 particles on task=3978  (slabs=1)
67108864 particles on task=3979  (slabs=1)
67108864 particles on task=3980  (slabs=1)
67108864 particles on task=3981  (slabs=1)
67108864 particles on task=3982  (slabs=1)
67108864 particles on task=3983  (slabs=1)
67108864 particles on task=3984  (slabs=1)
67108864 particles on task=3985  (slabs=1)
67108864 particles on task=3986  (slabs=1)
67108864 particles on task=3987  (slabs=1)
67108864 particles on task=3988  (slabs=1)
67108864 particles on task=3989  (slabs=1)
67108864 particles on task=3990  (slabs=1)
67108864 particles on task=3991  (slabs=1)
67108864 particles on task=3992  (slabs=1)
67108864 particles on task=3993  (slabs=1)
67108864 particles on task=3994  (slabs=1)
67108864 particles on task=3995  (slabs=1)
67108864 particles on task=3996  (slabs=1)
67108864 particles on task=3997  (slabs=1)
67108864 particles on task=3998  (slabs=1)
67108864 particles on task=3999  (slabs=1)
67108864 particles on task=4000  (slabs=1)
67108864 particles on task=4001  (slabs=1)
67108864 particles on task=4002  (slabs=1)
67108864 particles on task=4003  (slabs=1)
67108864 particles on task=4004  (slabs=1)
67108864 particles on task=4005  (slabs=1)
67108864 particles on task=4006  (slabs=1)
67108864 particles on task=4007  (slabs=1)
67108864 particles on task=4008  (slabs=1)
67108864 particles on task=4009  (slabs=1)
67108864 particles on task=4010  (slabs=1)
67108864 particles on task=4011  (slabs=1)
67108864 particles on task=4012  (slabs=1)
67108864 particles on task=4013  (slabs=1)
67108864 particles on task=4014  (slabs=1)
67108864 particles on task=4015  (slabs=1)
67108864 particles on task=4016  (slabs=1)
67108864 particles on task=4017  (slabs=1)
67108864 particles on task=4018  (slabs=1)
67108864 particles on task=4019  (slabs=1)
67108864 particles on task=4020  (slabs=1)
67108864 particles on task=4021  (slabs=1)
67108864 particles on task=4022  (slabs=1)
67108864 particles on task=4023  (slabs=1)
67108864 particles on task=4024  (slabs=1)
67108864 particles on task=4025  (slabs=1)
67108864 particles on task=4026  (slabs=1)
67108864 particles on task=4027  (slabs=1)
67108864 particles on task=4028  (slabs=1)
67108864 particles on task=4029  (slabs=1)
67108864 particles on task=4030  (slabs=1)
67108864 particles on task=4031  (slabs=1)
67108864 particles on task=4032  (slabs=1)
67108864 particles on task=4033  (slabs=1)
67108864 particles on task=4034  (slabs=1)
67108864 particles on task=4035  (slabs=1)
67108864 particles on task=4036  (slabs=1)
67108864 particles on task=4037  (slabs=1)
67108864 particles on task=4038  (slabs=1)
67108864 particles on task=4039  (slabs=1)
67108864 particles on task=4040  (slabs=1)
67108864 particles on task=4041  (slabs=1)
67108864 particles on task=4042  (slabs=1)
67108864 particles on task=4043  (slabs=1)
67108864 particles on task=4044  (slabs=1)
67108864 particles on task=4045  (slabs=1)
67108864 particles on task=4046  (slabs=1)
67108864 particles on task=4047  (slabs=1)
67108864 particles on task=4048  (slabs=1)
67108864 particles on task=4049  (slabs=1)
67108864 particles on task=4050  (slabs=1)
67108864 particles on task=4051  (slabs=1)
67108864 particles on task=4052  (slabs=1)
67108864 particles on task=4053  (slabs=1)
67108864 particles on task=4054  (slabs=1)
67108864 particles on task=4055  (slabs=1)
67108864 particles on task=4056  (slabs=1)
67108864 particles on task=4057  (slabs=1)
67108864 particles on task=4058  (slabs=1)
67108864 particles on task=4059  (slabs=1)
67108864 particles on task=4060  (slabs=1)
67108864 particles on task=4061  (slabs=1)
67108864 particles on task=4062  (slabs=1)
67108864 particles on task=4063  (slabs=1)
67108864 particles on task=4064  (slabs=1)
67108864 particles on task=4065  (slabs=1)
67108864 particles on task=4066  (slabs=1)
67108864 particles on task=4067  (slabs=1)
67108864 particles on task=4068  (slabs=1)
67108864 particles on task=4069  (slabs=1)
67108864 particles on task=4070  (slabs=1)
67108864 particles on task=4071  (slabs=1)
67108864 particles on task=4072  (slabs=1)
67108864 particles on task=4073  (slabs=1)
67108864 particles on task=4074  (slabs=1)
67108864 particles on task=4075  (slabs=1)
67108864 particles on task=4076  (slabs=1)
67108864 particles on task=4077  (slabs=1)
67108864 particles on task=4078  (slabs=1)
67108864 particles on task=4079  (slabs=1)
67108864 particles on task=4080  (slabs=1)
67108864 particles on task=4081  (slabs=1)
67108864 particles on task=4082  (slabs=1)
67108864 particles on task=4083  (slabs=1)
67108864 particles on task=4084  (slabs=1)
67108864 particles on task=4085  (slabs=1)
67108864 particles on task=4086  (slabs=1)
67108864 particles on task=4087  (slabs=1)
67108864 particles on task=4088  (slabs=1)
67108864 particles on task=4089  (slabs=1)
67108864 particles on task=4090  (slabs=1)
67108864 particles on task=4091  (slabs=1)
67108864 particles on task=4092  (slabs=1)
67108864 particles on task=4093  (slabs=1)
67108864 particles on task=4094  (slabs=1)
67108864 particles on task=4095  (slabs=1)
67108864 particles on task=4096  (slabs=1)
67108864 particles on task=4097  (slabs=1)
67108864 particles on task=4098  (slabs=1)
67108864 particles on task=4099  (slabs=1)
67108864 particles on task=4100  (slabs=1)
67108864 particles on task=4101  (slabs=1)
67108864 particles on task=4102  (slabs=1)
67108864 particles on task=4103  (slabs=1)
67108864 particles on task=4104  (slabs=1)
67108864 particles on task=4105  (slabs=1)
67108864 particles on task=4106  (slabs=1)
67108864 particles on task=4107  (slabs=1)
67108864 particles on task=4108  (slabs=1)
67108864 particles on task=4109  (slabs=1)
67108864 particles on task=4110  (slabs=1)
67108864 particles on task=4111  (slabs=1)
67108864 particles on task=4112  (slabs=1)
67108864 particles on task=4113  (slabs=1)
67108864 particles on task=4114  (slabs=1)
67108864 particles on task=4115  (slabs=1)
67108864 particles on task=4116  (slabs=1)
67108864 particles on task=4117  (slabs=1)
67108864 particles on task=4118  (slabs=1)
67108864 particles on task=4119  (slabs=1)
67108864 particles on task=4120  (slabs=1)
67108864 particles on task=4121  (slabs=1)
67108864 particles on task=4122  (slabs=1)
67108864 particles on task=4123  (slabs=1)
67108864 particles on task=4124  (slabs=1)
67108864 particles on task=4125  (slabs=1)
67108864 particles on task=4126  (slabs=1)
67108864 particles on task=4127  (slabs=1)
67108864 particles on task=4128  (slabs=1)
67108864 particles on task=4129  (slabs=1)
67108864 particles on task=4130  (slabs=1)
67108864 particles on task=4131  (slabs=1)
67108864 particles on task=4132  (slabs=1)
67108864 particles on task=4133  (slabs=1)
67108864 particles on task=4134  (slabs=1)
67108864 particles on task=4135  (slabs=1)
67108864 particles on task=4136  (slabs=1)
67108864 particles on task=4137  (slabs=1)
67108864 particles on task=4138  (slabs=1)
67108864 particles on task=4139  (slabs=1)
67108864 particles on task=4140  (slabs=1)
67108864 particles on task=4141  (slabs=1)
67108864 particles on task=4142  (slabs=1)
67108864 particles on task=4143  (slabs=1)
67108864 particles on task=4144  (slabs=1)
67108864 particles on task=4145  (slabs=1)
67108864 particles on task=4146  (slabs=1)
67108864 particles on task=4147  (slabs=1)
67108864 particles on task=4148  (slabs=1)
67108864 particles on task=4149  (slabs=1)
67108864 particles on task=4150  (slabs=1)
67108864 particles on task=4151  (slabs=1)
67108864 particles on task=4152  (slabs=1)
67108864 particles on task=4153  (slabs=1)
67108864 particles on task=4154  (slabs=1)
67108864 particles on task=4155  (slabs=1)
67108864 particles on task=4156  (slabs=1)
67108864 particles on task=4157  (slabs=1)
67108864 particles on task=4158  (slabs=1)
67108864 particles on task=4159  (slabs=1)
67108864 particles on task=4160  (slabs=1)
67108864 particles on task=4161  (slabs=1)
67108864 particles on task=4162  (slabs=1)
67108864 particles on task=4163  (slabs=1)
67108864 particles on task=4164  (slabs=1)
67108864 particles on task=4165  (slabs=1)
67108864 particles on task=4166  (slabs=1)
67108864 particles on task=4167  (slabs=1)
67108864 particles on task=4168  (slabs=1)
67108864 particles on task=4169  (slabs=1)
67108864 particles on task=4170  (slabs=1)
67108864 particles on task=4171  (slabs=1)
67108864 particles on task=4172  (slabs=1)
67108864 particles on task=4173  (slabs=1)
67108864 particles on task=4174  (slabs=1)
67108864 particles on task=4175  (slabs=1)
67108864 particles on task=4176  (slabs=1)
67108864 particles on task=4177  (slabs=1)
67108864 particles on task=4178  (slabs=1)
67108864 particles on task=4179  (slabs=1)
67108864 particles on task=4180  (slabs=1)
67108864 particles on task=4181  (slabs=1)
67108864 particles on task=4182  (slabs=1)
67108864 particles on task=4183  (slabs=1)
67108864 particles on task=4184  (slabs=1)
67108864 particles on task=4185  (slabs=1)
67108864 particles on task=4186  (slabs=1)
67108864 particles on task=4187  (slabs=1)
67108864 particles on task=4188  (slabs=1)
67108864 particles on task=4189  (slabs=1)
67108864 particles on task=4190  (slabs=1)
67108864 particles on task=4191  (slabs=1)
67108864 particles on task=4192  (slabs=1)
67108864 particles on task=4193  (slabs=1)
67108864 particles on task=4194  (slabs=1)
67108864 particles on task=4195  (slabs=1)
67108864 particles on task=4196  (slabs=1)
67108864 particles on task=4197  (slabs=1)
67108864 particles on task=4198  (slabs=1)
67108864 particles on task=4199  (slabs=1)
67108864 particles on task=4200  (slabs=1)
67108864 particles on task=4201  (slabs=1)
67108864 particles on task=4202  (slabs=1)
67108864 particles on task=4203  (slabs=1)
67108864 particles on task=4204  (slabs=1)
67108864 particles on task=4205  (slabs=1)
67108864 particles on task=4206  (slabs=1)
67108864 particles on task=4207  (slabs=1)
67108864 particles on task=4208  (slabs=1)
67108864 particles on task=4209  (slabs=1)
67108864 particles on task=4210  (slabs=1)
67108864 particles on task=4211  (slabs=1)
67108864 particles on task=4212  (slabs=1)
67108864 particles on task=4213  (slabs=1)
67108864 particles on task=4214  (slabs=1)
67108864 particles on task=4215  (slabs=1)
67108864 particles on task=4216  (slabs=1)
67108864 particles on task=4217  (slabs=1)
67108864 particles on task=4218  (slabs=1)
67108864 particles on task=4219  (slabs=1)
67108864 particles on task=4220  (slabs=1)
67108864 particles on task=4221  (slabs=1)
67108864 particles on task=4222  (slabs=1)
67108864 particles on task=4223  (slabs=1)
67108864 particles on task=4224  (slabs=1)
67108864 particles on task=4225  (slabs=1)
67108864 particles on task=4226  (slabs=1)
67108864 particles on task=4227  (slabs=1)
67108864 particles on task=4228  (slabs=1)
67108864 particles on task=4229  (slabs=1)
67108864 particles on task=4230  (slabs=1)
67108864 particles on task=4231  (slabs=1)
67108864 particles on task=4232  (slabs=1)
67108864 particles on task=4233  (slabs=1)
67108864 particles on task=4234  (slabs=1)
67108864 particles on task=4235  (slabs=1)
67108864 particles on task=4236  (slabs=1)
67108864 particles on task=4237  (slabs=1)
67108864 particles on task=4238  (slabs=1)
67108864 particles on task=4239  (slabs=1)
67108864 particles on task=4240  (slabs=1)
67108864 particles on task=4241  (slabs=1)
67108864 particles on task=4242  (slabs=1)
67108864 particles on task=4243  (slabs=1)
67108864 particles on task=4244  (slabs=1)
67108864 particles on task=4245  (slabs=1)
67108864 particles on task=4246  (slabs=1)
67108864 particles on task=4247  (slabs=1)
67108864 particles on task=4248  (slabs=1)
67108864 particles on task=4249  (slabs=1)
67108864 particles on task=4250  (slabs=1)
67108864 particles on task=4251  (slabs=1)
67108864 particles on task=4252  (slabs=1)
67108864 particles on task=4253  (slabs=1)
67108864 particles on task=4254  (slabs=1)
67108864 particles on task=4255  (slabs=1)
67108864 particles on task=4256  (slabs=1)
67108864 particles on task=4257  (slabs=1)
67108864 particles on task=4258  (slabs=1)
67108864 particles on task=4259  (slabs=1)
67108864 particles on task=4260  (slabs=1)
67108864 particles on task=4261  (slabs=1)
67108864 particles on task=4262  (slabs=1)
67108864 particles on task=4263  (slabs=1)
67108864 particles on task=4264  (slabs=1)
67108864 particles on task=4265  (slabs=1)
67108864 particles on task=4266  (slabs=1)
67108864 particles on task=4267  (slabs=1)
67108864 particles on task=4268  (slabs=1)
67108864 particles on task=4269  (slabs=1)
67108864 particles on task=4270  (slabs=1)
67108864 particles on task=4271  (slabs=1)
67108864 particles on task=4272  (slabs=1)
67108864 particles on task=4273  (slabs=1)
67108864 particles on task=4274  (slabs=1)
67108864 particles on task=4275  (slabs=1)
67108864 particles on task=4276  (slabs=1)
67108864 particles on task=4277  (slabs=1)
67108864 particles on task=4278  (slabs=1)
67108864 particles on task=4279  (slabs=1)
67108864 particles on task=4280  (slabs=1)
67108864 particles on task=4281  (slabs=1)
67108864 particles on task=4282  (slabs=1)
67108864 particles on task=4283  (slabs=1)
67108864 particles on task=4284  (slabs=1)
67108864 particles on task=4285  (slabs=1)
67108864 particles on task=4286  (slabs=1)
67108864 particles on task=4287  (slabs=1)
67108864 particles on task=4288  (slabs=1)
67108864 particles on task=4289  (slabs=1)
67108864 particles on task=4290  (slabs=1)
67108864 particles on task=4291  (slabs=1)
67108864 particles on task=4292  (slabs=1)
67108864 particles on task=4293  (slabs=1)
67108864 particles on task=4294  (slabs=1)
67108864 particles on task=4295  (slabs=1)
67108864 particles on task=4296  (slabs=1)
67108864 particles on task=4297  (slabs=1)
67108864 particles on task=4298  (slabs=1)
67108864 particles on task=4299  (slabs=1)
67108864 particles on task=4300  (slabs=1)
67108864 particles on task=4301  (slabs=1)
67108864 particles on task=4302  (slabs=1)
67108864 particles on task=4303  (slabs=1)
67108864 particles on task=4304  (slabs=1)
67108864 particles on task=4305  (slabs=1)
67108864 particles on task=4306  (slabs=1)
67108864 particles on task=4307  (slabs=1)
67108864 particles on task=4308  (slabs=1)
67108864 particles on task=4309  (slabs=1)
67108864 particles on task=4310  (slabs=1)
67108864 particles on task=4311  (slabs=1)
67108864 particles on task=4312  (slabs=1)
67108864 particles on task=4313  (slabs=1)
67108864 particles on task=4314  (slabs=1)
67108864 particles on task=4315  (slabs=1)
67108864 particles on task=4316  (slabs=1)
67108864 particles on task=4317  (slabs=1)
67108864 particles on task=4318  (slabs=1)
67108864 particles on task=4319  (slabs=1)
67108864 particles on task=4320  (slabs=1)
67108864 particles on task=4321  (slabs=1)
67108864 particles on task=4322  (slabs=1)
67108864 particles on task=4323  (slabs=1)
67108864 particles on task=4324  (slabs=1)
67108864 particles on task=4325  (slabs=1)
67108864 particles on task=4326  (slabs=1)
67108864 particles on task=4327  (slabs=1)
67108864 particles on task=4328  (slabs=1)
67108864 particles on task=4329  (slabs=1)
67108864 particles on task=4330  (slabs=1)
67108864 particles on task=4331  (slabs=1)
67108864 particles on task=4332  (slabs=1)
67108864 particles on task=4333  (slabs=1)
67108864 particles on task=4334  (slabs=1)
67108864 particles on task=4335  (slabs=1)
67108864 particles on task=4336  (slabs=1)
67108864 particles on task=4337  (slabs=1)
67108864 particles on task=4338  (slabs=1)
67108864 particles on task=4339  (slabs=1)
67108864 particles on task=4340  (slabs=1)
67108864 particles on task=4341  (slabs=1)
67108864 particles on task=4342  (slabs=1)
67108864 particles on task=4343  (slabs=1)
67108864 particles on task=4344  (slabs=1)
67108864 particles on task=4345  (slabs=1)
67108864 particles on task=4346  (slabs=1)
67108864 particles on task=4347  (slabs=1)
67108864 particles on task=4348  (slabs=1)
67108864 particles on task=4349  (slabs=1)
67108864 particles on task=4350  (slabs=1)
67108864 particles on task=4351  (slabs=1)
67108864 particles on task=4352  (slabs=1)
67108864 particles on task=4353  (slabs=1)
67108864 particles on task=4354  (slabs=1)
67108864 particles on task=4355  (slabs=1)
67108864 particles on task=4356  (slabs=1)
67108864 particles on task=4357  (slabs=1)
67108864 particles on task=4358  (slabs=1)
67108864 particles on task=4359  (slabs=1)
67108864 particles on task=4360  (slabs=1)
67108864 particles on task=4361  (slabs=1)
67108864 particles on task=4362  (slabs=1)
67108864 particles on task=4363  (slabs=1)
67108864 particles on task=4364  (slabs=1)
67108864 particles on task=4365  (slabs=1)
67108864 particles on task=4366  (slabs=1)
67108864 particles on task=4367  (slabs=1)
67108864 particles on task=4368  (slabs=1)
67108864 particles on task=4369  (slabs=1)
67108864 particles on task=4370  (slabs=1)
67108864 particles on task=4371  (slabs=1)
67108864 particles on task=4372  (slabs=1)
67108864 particles on task=4373  (slabs=1)
67108864 particles on task=4374  (slabs=1)
67108864 particles on task=4375  (slabs=1)
67108864 particles on task=4376  (slabs=1)
67108864 particles on task=4377  (slabs=1)
67108864 particles on task=4378  (slabs=1)
67108864 particles on task=4379  (slabs=1)
67108864 particles on task=4380  (slabs=1)
67108864 particles on task=4381  (slabs=1)
67108864 particles on task=4382  (slabs=1)
67108864 particles on task=4383  (slabs=1)
67108864 particles on task=4384  (slabs=1)
67108864 particles on task=4385  (slabs=1)
67108864 particles on task=4386  (slabs=1)
67108864 particles on task=4387  (slabs=1)
67108864 particles on task=4388  (slabs=1)
67108864 particles on task=4389  (slabs=1)
67108864 particles on task=4390  (slabs=1)
67108864 particles on task=4391  (slabs=1)
67108864 particles on task=4392  (slabs=1)
67108864 particles on task=4393  (slabs=1)
67108864 particles on task=4394  (slabs=1)
67108864 particles on task=4395  (slabs=1)
67108864 particles on task=4396  (slabs=1)
67108864 particles on task=4397  (slabs=1)
67108864 particles on task=4398  (slabs=1)
67108864 particles on task=4399  (slabs=1)
67108864 particles on task=4400  (slabs=1)
67108864 particles on task=4401  (slabs=1)
67108864 particles on task=4402  (slabs=1)
67108864 particles on task=4403  (slabs=1)
67108864 particles on task=4404  (slabs=1)
67108864 particles on task=4405  (slabs=1)
67108864 particles on task=4406  (slabs=1)
67108864 particles on task=4407  (slabs=1)
67108864 particles on task=4408  (slabs=1)
67108864 particles on task=4409  (slabs=1)
67108864 particles on task=4410  (slabs=1)
67108864 particles on task=4411  (slabs=1)
67108864 particles on task=4412  (slabs=1)
67108864 particles on task=4413  (slabs=1)
67108864 particles on task=4414  (slabs=1)
67108864 particles on task=4415  (slabs=1)
67108864 particles on task=4416  (slabs=1)
67108864 particles on task=4417  (slabs=1)
67108864 particles on task=4418  (slabs=1)
67108864 particles on task=4419  (slabs=1)
67108864 particles on task=4420  (slabs=1)
67108864 particles on task=4421  (slabs=1)
67108864 particles on task=4422  (slabs=1)
67108864 particles on task=4423  (slabs=1)
67108864 particles on task=4424  (slabs=1)
67108864 particles on task=4425  (slabs=1)
67108864 particles on task=4426  (slabs=1)
67108864 particles on task=4427  (slabs=1)
67108864 particles on task=4428  (slabs=1)
67108864 particles on task=4429  (slabs=1)
67108864 particles on task=4430  (slabs=1)
67108864 particles on task=4431  (slabs=1)
67108864 particles on task=4432  (slabs=1)
67108864 particles on task=4433  (slabs=1)
67108864 particles on task=4434  (slabs=1)
67108864 particles on task=4435  (slabs=1)
67108864 particles on task=4436  (slabs=1)
67108864 particles on task=4437  (slabs=1)
67108864 particles on task=4438  (slabs=1)
67108864 particles on task=4439  (slabs=1)
67108864 particles on task=4440  (slabs=1)
67108864 particles on task=4441  (slabs=1)
67108864 particles on task=4442  (slabs=1)
67108864 particles on task=4443  (slabs=1)
67108864 particles on task=4444  (slabs=1)
67108864 particles on task=4445  (slabs=1)
67108864 particles on task=4446  (slabs=1)
67108864 particles on task=4447  (slabs=1)
67108864 particles on task=4448  (slabs=1)
67108864 particles on task=4449  (slabs=1)
67108864 particles on task=4450  (slabs=1)
67108864 particles on task=4451  (slabs=1)
67108864 particles on task=4452  (slabs=1)
67108864 particles on task=4453  (slabs=1)
67108864 particles on task=4454  (slabs=1)
67108864 particles on task=4455  (slabs=1)
67108864 particles on task=4456  (slabs=1)
67108864 particles on task=4457  (slabs=1)
67108864 particles on task=4458  (slabs=1)
67108864 particles on task=4459  (slabs=1)
67108864 particles on task=4460  (slabs=1)
67108864 particles on task=4461  (slabs=1)
67108864 particles on task=4462  (slabs=1)
67108864 particles on task=4463  (slabs=1)
67108864 particles on task=4464  (slabs=1)
67108864 particles on task=4465  (slabs=1)
67108864 particles on task=4466  (slabs=1)
67108864 particles on task=4467  (slabs=1)
67108864 particles on task=4468  (slabs=1)
67108864 particles on task=4469  (slabs=1)
67108864 particles on task=4470  (slabs=1)
67108864 particles on task=4471  (slabs=1)
67108864 particles on task=4472  (slabs=1)
67108864 particles on task=4473  (slabs=1)
67108864 particles on task=4474  (slabs=1)
67108864 particles on task=4475  (slabs=1)
67108864 particles on task=4476  (slabs=1)
67108864 particles on task=4477  (slabs=1)
67108864 particles on task=4478  (slabs=1)
67108864 particles on task=4479  (slabs=1)
67108864 particles on task=4480  (slabs=1)
67108864 particles on task=4481  (slabs=1)
67108864 particles on task=4482  (slabs=1)
67108864 particles on task=4483  (slabs=1)
67108864 particles on task=4484  (slabs=1)
67108864 particles on task=4485  (slabs=1)
67108864 particles on task=4486  (slabs=1)
67108864 particles on task=4487  (slabs=1)
67108864 particles on task=4488  (slabs=1)
67108864 particles on task=4489  (slabs=1)
67108864 particles on task=4490  (slabs=1)
67108864 particles on task=4491  (slabs=1)
67108864 particles on task=4492  (slabs=1)
67108864 particles on task=4493  (slabs=1)
67108864 particles on task=4494  (slabs=1)
67108864 particles on task=4495  (slabs=1)
67108864 particles on task=4496  (slabs=1)
67108864 particles on task=4497  (slabs=1)
67108864 particles on task=4498  (slabs=1)
67108864 particles on task=4499  (slabs=1)
67108864 particles on task=4500  (slabs=1)
67108864 particles on task=4501  (slabs=1)
67108864 particles on task=4502  (slabs=1)
67108864 particles on task=4503  (slabs=1)
67108864 particles on task=4504  (slabs=1)
67108864 particles on task=4505  (slabs=1)
67108864 particles on task=4506  (slabs=1)
67108864 particles on task=4507  (slabs=1)
67108864 particles on task=4508  (slabs=1)
67108864 particles on task=4509  (slabs=1)
67108864 particles on task=4510  (slabs=1)
67108864 particles on task=4511  (slabs=1)
67108864 particles on task=4512  (slabs=1)
67108864 particles on task=4513  (slabs=1)
67108864 particles on task=4514  (slabs=1)
67108864 particles on task=4515  (slabs=1)
67108864 particles on task=4516  (slabs=1)
67108864 particles on task=4517  (slabs=1)
67108864 particles on task=4518  (slabs=1)
67108864 particles on task=4519  (slabs=1)
67108864 particles on task=4520  (slabs=1)
67108864 particles on task=4521  (slabs=1)
67108864 particles on task=4522  (slabs=1)
67108864 particles on task=4523  (slabs=1)
67108864 particles on task=4524  (slabs=1)
67108864 particles on task=4525  (slabs=1)
67108864 particles on task=4526  (slabs=1)
67108864 particles on task=4527  (slabs=1)
67108864 particles on task=4528  (slabs=1)
67108864 particles on task=4529  (slabs=1)
67108864 particles on task=4530  (slabs=1)
67108864 particles on task=4531  (slabs=1)
67108864 particles on task=4532  (slabs=1)
67108864 particles on task=4533  (slabs=1)
67108864 particles on task=4534  (slabs=1)
67108864 particles on task=4535  (slabs=1)
67108864 particles on task=4536  (slabs=1)
67108864 particles on task=4537  (slabs=1)
67108864 particles on task=4538  (slabs=1)
67108864 particles on task=4539  (slabs=1)
67108864 particles on task=4540  (slabs=1)
67108864 particles on task=4541  (slabs=1)
67108864 particles on task=4542  (slabs=1)
67108864 particles on task=4543  (slabs=1)
67108864 particles on task=4544  (slabs=1)
67108864 particles on task=4545  (slabs=1)
67108864 particles on task=4546  (slabs=1)
67108864 particles on task=4547  (slabs=1)
67108864 particles on task=4548  (slabs=1)
67108864 particles on task=4549  (slabs=1)
67108864 particles on task=4550  (slabs=1)
67108864 particles on task=4551  (slabs=1)
67108864 particles on task=4552  (slabs=1)
67108864 particles on task=4553  (slabs=1)
67108864 particles on task=4554  (slabs=1)
67108864 particles on task=4555  (slabs=1)
67108864 particles on task=4556  (slabs=1)
67108864 particles on task=4557  (slabs=1)
67108864 particles on task=4558  (slabs=1)
67108864 particles on task=4559  (slabs=1)
67108864 particles on task=4560  (slabs=1)
67108864 particles on task=4561  (slabs=1)
67108864 particles on task=4562  (slabs=1)
67108864 particles on task=4563  (slabs=1)
67108864 particles on task=4564  (slabs=1)
67108864 particles on task=4565  (slabs=1)
67108864 particles on task=4566  (slabs=1)
67108864 particles on task=4567  (slabs=1)
67108864 particles on task=4568  (slabs=1)
67108864 particles on task=4569  (slabs=1)
67108864 particles on task=4570  (slabs=1)
67108864 particles on task=4571  (slabs=1)
67108864 particles on task=4572  (slabs=1)
67108864 particles on task=4573  (slabs=1)
67108864 particles on task=4574  (slabs=1)
67108864 particles on task=4575  (slabs=1)
67108864 particles on task=4576  (slabs=1)
67108864 particles on task=4577  (slabs=1)
67108864 particles on task=4578  (slabs=1)
67108864 particles on task=4579  (slabs=1)
67108864 particles on task=4580  (slabs=1)
67108864 particles on task=4581  (slabs=1)
67108864 particles on task=4582  (slabs=1)
67108864 particles on task=4583  (slabs=1)
67108864 particles on task=4584  (slabs=1)
67108864 particles on task=4585  (slabs=1)
67108864 particles on task=4586  (slabs=1)
67108864 particles on task=4587  (slabs=1)
67108864 particles on task=4588  (slabs=1)
67108864 particles on task=4589  (slabs=1)
67108864 particles on task=4590  (slabs=1)
67108864 particles on task=4591  (slabs=1)
67108864 particles on task=4592  (slabs=1)
67108864 particles on task=4593  (slabs=1)
67108864 particles on task=4594  (slabs=1)
67108864 particles on task=4595  (slabs=1)
67108864 particles on task=4596  (slabs=1)
67108864 particles on task=4597  (slabs=1)
67108864 particles on task=4598  (slabs=1)
67108864 particles on task=4599  (slabs=1)
67108864 particles on task=4600  (slabs=1)
67108864 particles on task=4601  (slabs=1)
67108864 particles on task=4602  (slabs=1)
67108864 particles on task=4603  (slabs=1)
67108864 particles on task=4604  (slabs=1)
67108864 particles on task=4605  (slabs=1)
67108864 particles on task=4606  (slabs=1)
67108864 particles on task=4607  (slabs=1)
67108864 particles on task=4608  (slabs=1)
67108864 particles on task=4609  (slabs=1)
67108864 particles on task=4610  (slabs=1)
67108864 particles on task=4611  (slabs=1)
67108864 particles on task=4612  (slabs=1)
67108864 particles on task=4613  (slabs=1)
67108864 particles on task=4614  (slabs=1)
67108864 particles on task=4615  (slabs=1)
67108864 particles on task=4616  (slabs=1)
67108864 particles on task=4617  (slabs=1)
67108864 particles on task=4618  (slabs=1)
67108864 particles on task=4619  (slabs=1)
67108864 particles on task=4620  (slabs=1)
67108864 particles on task=4621  (slabs=1)
67108864 particles on task=4622  (slabs=1)
67108864 particles on task=4623  (slabs=1)
67108864 particles on task=4624  (slabs=1)
67108864 particles on task=4625  (slabs=1)
67108864 particles on task=4626  (slabs=1)
67108864 particles on task=4627  (slabs=1)
67108864 particles on task=4628  (slabs=1)
67108864 particles on task=4629  (slabs=1)
67108864 particles on task=4630  (slabs=1)
67108864 particles on task=4631  (slabs=1)
67108864 particles on task=4632  (slabs=1)
67108864 particles on task=4633  (slabs=1)
67108864 particles on task=4634  (slabs=1)
67108864 particles on task=4635  (slabs=1)
67108864 particles on task=4636  (slabs=1)
67108864 particles on task=4637  (slabs=1)
67108864 particles on task=4638  (slabs=1)
67108864 particles on task=4639  (slabs=1)
67108864 particles on task=4640  (slabs=1)
67108864 particles on task=4641  (slabs=1)
67108864 particles on task=4642  (slabs=1)
67108864 particles on task=4643  (slabs=1)
67108864 particles on task=4644  (slabs=1)
67108864 particles on task=4645  (slabs=1)
67108864 particles on task=4646  (slabs=1)
67108864 particles on task=4647  (slabs=1)
67108864 particles on task=4648  (slabs=1)
67108864 particles on task=4649  (slabs=1)
67108864 particles on task=4650  (slabs=1)
67108864 particles on task=4651  (slabs=1)
67108864 particles on task=4652  (slabs=1)
67108864 particles on task=4653  (slabs=1)
67108864 particles on task=4654  (slabs=1)
67108864 particles on task=4655  (slabs=1)
67108864 particles on task=4656  (slabs=1)
67108864 particles on task=4657  (slabs=1)
67108864 particles on task=4658  (slabs=1)
67108864 particles on task=4659  (slabs=1)
67108864 particles on task=4660  (slabs=1)
67108864 particles on task=4661  (slabs=1)
67108864 particles on task=4662  (slabs=1)
67108864 particles on task=4663  (slabs=1)
67108864 particles on task=4664  (slabs=1)
67108864 particles on task=4665  (slabs=1)
67108864 particles on task=4666  (slabs=1)
67108864 particles on task=4667  (slabs=1)
67108864 particles on task=4668  (slabs=1)
67108864 particles on task=4669  (slabs=1)
67108864 particles on task=4670  (slabs=1)
67108864 particles on task=4671  (slabs=1)
67108864 particles on task=4672  (slabs=1)
67108864 particles on task=4673  (slabs=1)
67108864 particles on task=4674  (slabs=1)
67108864 particles on task=4675  (slabs=1)
67108864 particles on task=4676  (slabs=1)
67108864 particles on task=4677  (slabs=1)
67108864 particles on task=4678  (slabs=1)
67108864 particles on task=4679  (slabs=1)
67108864 particles on task=4680  (slabs=1)
67108864 particles on task=4681  (slabs=1)
67108864 particles on task=4682  (slabs=1)
67108864 particles on task=4683  (slabs=1)
67108864 particles on task=4684  (slabs=1)
67108864 particles on task=4685  (slabs=1)
67108864 particles on task=4686  (slabs=1)
67108864 particles on task=4687  (slabs=1)
67108864 particles on task=4688  (slabs=1)
67108864 particles on task=4689  (slabs=1)
67108864 particles on task=4690  (slabs=1)
67108864 particles on task=4691  (slabs=1)
67108864 particles on task=4692  (slabs=1)
67108864 particles on task=4693  (slabs=1)
67108864 particles on task=4694  (slabs=1)
67108864 particles on task=4695  (slabs=1)
67108864 particles on task=4696  (slabs=1)
67108864 particles on task=4697  (slabs=1)
67108864 particles on task=4698  (slabs=1)
67108864 particles on task=4699  (slabs=1)
67108864 particles on task=4700  (slabs=1)
67108864 particles on task=4701  (slabs=1)
67108864 particles on task=4702  (slabs=1)
67108864 particles on task=4703  (slabs=1)
67108864 particles on task=4704  (slabs=1)
67108864 particles on task=4705  (slabs=1)
67108864 particles on task=4706  (slabs=1)
67108864 particles on task=4707  (slabs=1)
67108864 particles on task=4708  (slabs=1)
67108864 particles on task=4709  (slabs=1)
67108864 particles on task=4710  (slabs=1)
67108864 particles on task=4711  (slabs=1)
67108864 particles on task=4712  (slabs=1)
67108864 particles on task=4713  (slabs=1)
67108864 particles on task=4714  (slabs=1)
67108864 particles on task=4715  (slabs=1)
67108864 particles on task=4716  (slabs=1)
67108864 particles on task=4717  (slabs=1)
67108864 particles on task=4718  (slabs=1)
67108864 particles on task=4719  (slabs=1)
67108864 particles on task=4720  (slabs=1)
67108864 particles on task=4721  (slabs=1)
67108864 particles on task=4722  (slabs=1)
67108864 particles on task=4723  (slabs=1)
67108864 particles on task=4724  (slabs=1)
67108864 particles on task=4725  (slabs=1)
67108864 particles on task=4726  (slabs=1)
67108864 particles on task=4727  (slabs=1)
67108864 particles on task=4728  (slabs=1)
67108864 particles on task=4729  (slabs=1)
67108864 particles on task=4730  (slabs=1)
67108864 particles on task=4731  (slabs=1)
67108864 particles on task=4732  (slabs=1)
67108864 particles on task=4733  (slabs=1)
67108864 particles on task=4734  (slabs=1)
67108864 particles on task=4735  (slabs=1)
67108864 particles on task=4736  (slabs=1)
67108864 particles on task=4737  (slabs=1)
67108864 particles on task=4738  (slabs=1)
67108864 particles on task=4739  (slabs=1)
67108864 particles on task=4740  (slabs=1)
67108864 particles on task=4741  (slabs=1)
67108864 particles on task=4742  (slabs=1)
67108864 particles on task=4743  (slabs=1)
67108864 particles on task=4744  (slabs=1)
67108864 particles on task=4745  (slabs=1)
67108864 particles on task=4746  (slabs=1)
67108864 particles on task=4747  (slabs=1)
67108864 particles on task=4748  (slabs=1)
67108864 particles on task=4749  (slabs=1)
67108864 particles on task=4750  (slabs=1)
67108864 particles on task=4751  (slabs=1)
67108864 particles on task=4752  (slabs=1)
67108864 particles on task=4753  (slabs=1)
67108864 particles on task=4754  (slabs=1)
67108864 particles on task=4755  (slabs=1)
67108864 particles on task=4756  (slabs=1)
67108864 particles on task=4757  (slabs=1)
67108864 particles on task=4758  (slabs=1)
67108864 particles on task=4759  (slabs=1)
67108864 particles on task=4760  (slabs=1)
67108864 particles on task=4761  (slabs=1)
67108864 particles on task=4762  (slabs=1)
67108864 particles on task=4763  (slabs=1)
67108864 particles on task=4764  (slabs=1)
67108864 particles on task=4765  (slabs=1)
67108864 particles on task=4766  (slabs=1)
67108864 particles on task=4767  (slabs=1)
67108864 particles on task=4768  (slabs=1)
67108864 particles on task=4769  (slabs=1)
67108864 particles on task=4770  (slabs=1)
67108864 particles on task=4771  (slabs=1)
67108864 particles on task=4772  (slabs=1)
67108864 particles on task=4773  (slabs=1)
67108864 particles on task=4774  (slabs=1)
67108864 particles on task=4775  (slabs=1)
67108864 particles on task=4776  (slabs=1)
67108864 particles on task=4777  (slabs=1)
67108864 particles on task=4778  (slabs=1)
67108864 particles on task=4779  (slabs=1)
67108864 particles on task=4780  (slabs=1)
67108864 particles on task=4781  (slabs=1)
67108864 particles on task=4782  (slabs=1)
67108864 particles on task=4783  (slabs=1)
67108864 particles on task=4784  (slabs=1)
67108864 particles on task=4785  (slabs=1)
67108864 particles on task=4786  (slabs=1)
67108864 particles on task=4787  (slabs=1)
67108864 particles on task=4788  (slabs=1)
67108864 particles on task=4789  (slabs=1)
67108864 particles on task=4790  (slabs=1)
67108864 particles on task=4791  (slabs=1)
67108864 particles on task=4792  (slabs=1)
67108864 particles on task=4793  (slabs=1)
67108864 particles on task=4794  (slabs=1)
67108864 particles on task=4795  (slabs=1)
67108864 particles on task=4796  (slabs=1)
67108864 particles on task=4797  (slabs=1)
67108864 particles on task=4798  (slabs=1)
67108864 particles on task=4799  (slabs=1)
67108864 particles on task=4800  (slabs=1)
67108864 particles on task=4801  (slabs=1)
67108864 particles on task=4802  (slabs=1)
67108864 particles on task=4803  (slabs=1)
67108864 particles on task=4804  (slabs=1)
67108864 particles on task=4805  (slabs=1)
67108864 particles on task=4806  (slabs=1)
67108864 particles on task=4807  (slabs=1)
67108864 particles on task=4808  (slabs=1)
67108864 particles on task=4809  (slabs=1)
67108864 particles on task=4810  (slabs=1)
67108864 particles on task=4811  (slabs=1)
67108864 particles on task=4812  (slabs=1)
67108864 particles on task=4813  (slabs=1)
67108864 particles on task=4814  (slabs=1)
67108864 particles on task=4815  (slabs=1)
67108864 particles on task=4816  (slabs=1)
67108864 particles on task=4817  (slabs=1)
67108864 particles on task=4818  (slabs=1)
67108864 particles on task=4819  (slabs=1)
67108864 particles on task=4820  (slabs=1)
67108864 particles on task=4821  (slabs=1)
67108864 particles on task=4822  (slabs=1)
67108864 particles on task=4823  (slabs=1)
67108864 particles on task=4824  (slabs=1)
67108864 particles on task=4825  (slabs=1)
67108864 particles on task=4826  (slabs=1)
67108864 particles on task=4827  (slabs=1)
67108864 particles on task=4828  (slabs=1)
67108864 particles on task=4829  (slabs=1)
67108864 particles on task=4830  (slabs=1)
67108864 particles on task=4831  (slabs=1)
67108864 particles on task=4832  (slabs=1)
67108864 particles on task=4833  (slabs=1)
67108864 particles on task=4834  (slabs=1)
67108864 particles on task=4835  (slabs=1)
67108864 particles on task=4836  (slabs=1)
67108864 particles on task=4837  (slabs=1)
67108864 particles on task=4838  (slabs=1)
67108864 particles on task=4839  (slabs=1)
67108864 particles on task=4840  (slabs=1)
67108864 particles on task=4841  (slabs=1)
67108864 particles on task=4842  (slabs=1)
67108864 particles on task=4843  (slabs=1)
67108864 particles on task=4844  (slabs=1)
67108864 particles on task=4845  (slabs=1)
67108864 particles on task=4846  (slabs=1)
67108864 particles on task=4847  (slabs=1)
67108864 particles on task=4848  (slabs=1)
67108864 particles on task=4849  (slabs=1)
67108864 particles on task=4850  (slabs=1)
67108864 particles on task=4851  (slabs=1)
67108864 particles on task=4852  (slabs=1)
67108864 particles on task=4853  (slabs=1)
67108864 particles on task=4854  (slabs=1)
67108864 particles on task=4855  (slabs=1)
67108864 particles on task=4856  (slabs=1)
67108864 particles on task=4857  (slabs=1)
67108864 particles on task=4858  (slabs=1)
67108864 particles on task=4859  (slabs=1)
67108864 particles on task=4860  (slabs=1)
67108864 particles on task=4861  (slabs=1)
67108864 particles on task=4862  (slabs=1)
67108864 particles on task=4863  (slabs=1)
67108864 particles on task=4864  (slabs=1)
67108864 particles on task=4865  (slabs=1)
67108864 particles on task=4866  (slabs=1)
67108864 particles on task=4867  (slabs=1)
67108864 particles on task=4868  (slabs=1)
67108864 particles on task=4869  (slabs=1)
67108864 particles on task=4870  (slabs=1)
67108864 particles on task=4871  (slabs=1)
67108864 particles on task=4872  (slabs=1)
67108864 particles on task=4873  (slabs=1)
67108864 particles on task=4874  (slabs=1)
67108864 particles on task=4875  (slabs=1)
67108864 particles on task=4876  (slabs=1)
67108864 particles on task=4877  (slabs=1)
67108864 particles on task=4878  (slabs=1)
67108864 particles on task=4879  (slabs=1)
67108864 particles on task=4880  (slabs=1)
67108864 particles on task=4881  (slabs=1)
67108864 particles on task=4882  (slabs=1)
67108864 particles on task=4883  (slabs=1)
67108864 particles on task=4884  (slabs=1)
67108864 particles on task=4885  (slabs=1)
67108864 particles on task=4886  (slabs=1)
67108864 particles on task=4887  (slabs=1)
67108864 particles on task=4888  (slabs=1)
67108864 particles on task=4889  (slabs=1)
67108864 particles on task=4890  (slabs=1)
67108864 particles on task=4891  (slabs=1)
67108864 particles on task=4892  (slabs=1)
67108864 particles on task=4893  (slabs=1)
67108864 particles on task=4894  (slabs=1)
67108864 particles on task=4895  (slabs=1)
67108864 particles on task=4896  (slabs=1)
67108864 particles on task=4897  (slabs=1)
67108864 particles on task=4898  (slabs=1)
67108864 particles on task=4899  (slabs=1)
67108864 particles on task=4900  (slabs=1)
67108864 particles on task=4901  (slabs=1)
67108864 particles on task=4902  (slabs=1)
67108864 particles on task=4903  (slabs=1)
67108864 particles on task=4904  (slabs=1)
67108864 particles on task=4905  (slabs=1)
67108864 particles on task=4906  (slabs=1)
67108864 particles on task=4907  (slabs=1)
67108864 particles on task=4908  (slabs=1)
67108864 particles on task=4909  (slabs=1)
67108864 particles on task=4910  (slabs=1)
67108864 particles on task=4911  (slabs=1)
67108864 particles on task=4912  (slabs=1)
67108864 particles on task=4913  (slabs=1)
67108864 particles on task=4914  (slabs=1)
67108864 particles on task=4915  (slabs=1)
67108864 particles on task=4916  (slabs=1)
67108864 particles on task=4917  (slabs=1)
67108864 particles on task=4918  (slabs=1)
67108864 particles on task=4919  (slabs=1)
67108864 particles on task=4920  (slabs=1)
67108864 particles on task=4921  (slabs=1)
67108864 particles on task=4922  (slabs=1)
67108864 particles on task=4923  (slabs=1)
67108864 particles on task=4924  (slabs=1)
67108864 particles on task=4925  (slabs=1)
67108864 particles on task=4926  (slabs=1)
67108864 particles on task=4927  (slabs=1)
67108864 particles on task=4928  (slabs=1)
67108864 particles on task=4929  (slabs=1)
67108864 particles on task=4930  (slabs=1)
67108864 particles on task=4931  (slabs=1)
67108864 particles on task=4932  (slabs=1)
67108864 particles on task=4933  (slabs=1)
67108864 particles on task=4934  (slabs=1)
67108864 particles on task=4935  (slabs=1)
67108864 particles on task=4936  (slabs=1)
67108864 particles on task=4937  (slabs=1)
67108864 particles on task=4938  (slabs=1)
67108864 particles on task=4939  (slabs=1)
67108864 particles on task=4940  (slabs=1)
67108864 particles on task=4941  (slabs=1)
67108864 particles on task=4942  (slabs=1)
67108864 particles on task=4943  (slabs=1)
67108864 particles on task=4944  (slabs=1)
67108864 particles on task=4945  (slabs=1)
67108864 particles on task=4946  (slabs=1)
67108864 particles on task=4947  (slabs=1)
67108864 particles on task=4948  (slabs=1)
67108864 particles on task=4949  (slabs=1)
67108864 particles on task=4950  (slabs=1)
67108864 particles on task=4951  (slabs=1)
67108864 particles on task=4952  (slabs=1)
67108864 particles on task=4953  (slabs=1)
67108864 particles on task=4954  (slabs=1)
67108864 particles on task=4955  (slabs=1)
67108864 particles on task=4956  (slabs=1)
67108864 particles on task=4957  (slabs=1)
67108864 particles on task=4958  (slabs=1)
67108864 particles on task=4959  (slabs=1)
67108864 particles on task=4960  (slabs=1)
67108864 particles on task=4961  (slabs=1)
67108864 particles on task=4962  (slabs=1)
67108864 particles on task=4963  (slabs=1)
67108864 particles on task=4964  (slabs=1)
67108864 particles on task=4965  (slabs=1)
67108864 particles on task=4966  (slabs=1)
67108864 particles on task=4967  (slabs=1)
67108864 particles on task=4968  (slabs=1)
67108864 particles on task=4969  (slabs=1)
67108864 particles on task=4970  (slabs=1)
67108864 particles on task=4971  (slabs=1)
67108864 particles on task=4972  (slabs=1)
67108864 particles on task=4973  (slabs=1)
67108864 particles on task=4974  (slabs=1)
67108864 particles on task=4975  (slabs=1)
67108864 particles on task=4976  (slabs=1)
67108864 particles on task=4977  (slabs=1)
67108864 particles on task=4978  (slabs=1)
67108864 particles on task=4979  (slabs=1)
67108864 particles on task=4980  (slabs=1)
67108864 particles on task=4981  (slabs=1)
67108864 particles on task=4982  (slabs=1)
67108864 particles on task=4983  (slabs=1)
67108864 particles on task=4984  (slabs=1)
67108864 particles on task=4985  (slabs=1)
67108864 particles on task=4986  (slabs=1)
67108864 particles on task=4987  (slabs=1)
67108864 particles on task=4988  (slabs=1)
67108864 particles on task=4989  (slabs=1)
67108864 particles on task=4990  (slabs=1)
67108864 particles on task=4991  (slabs=1)
67108864 particles on task=4992  (slabs=1)
67108864 particles on task=4993  (slabs=1)
67108864 particles on task=4994  (slabs=1)
67108864 particles on task=4995  (slabs=1)
67108864 particles on task=4996  (slabs=1)
67108864 particles on task=4997  (slabs=1)
67108864 particles on task=4998  (slabs=1)
67108864 particles on task=4999  (slabs=1)
67108864 particles on task=5000  (slabs=1)
67108864 particles on task=5001  (slabs=1)
67108864 particles on task=5002  (slabs=1)
67108864 particles on task=5003  (slabs=1)
67108864 particles on task=5004  (slabs=1)
67108864 particles on task=5005  (slabs=1)
67108864 particles on task=5006  (slabs=1)
67108864 particles on task=5007  (slabs=1)
67108864 particles on task=5008  (slabs=1)
67108864 particles on task=5009  (slabs=1)
67108864 particles on task=5010  (slabs=1)
67108864 particles on task=5011  (slabs=1)
67108864 particles on task=5012  (slabs=1)
67108864 particles on task=5013  (slabs=1)
67108864 particles on task=5014  (slabs=1)
67108864 particles on task=5015  (slabs=1)
67108864 particles on task=5016  (slabs=1)
67108864 particles on task=5017  (slabs=1)
67108864 particles on task=5018  (slabs=1)
67108864 particles on task=5019  (slabs=1)
67108864 particles on task=5020  (slabs=1)
67108864 particles on task=5021  (slabs=1)
67108864 particles on task=5022  (slabs=1)
67108864 particles on task=5023  (slabs=1)
67108864 particles on task=5024  (slabs=1)
67108864 particles on task=5025  (slabs=1)
67108864 particles on task=5026  (slabs=1)
67108864 particles on task=5027  (slabs=1)
67108864 particles on task=5028  (slabs=1)
67108864 particles on task=5029  (slabs=1)
67108864 particles on task=5030  (slabs=1)
67108864 particles on task=5031  (slabs=1)
67108864 particles on task=5032  (slabs=1)
67108864 particles on task=5033  (slabs=1)
67108864 particles on task=5034  (slabs=1)
67108864 particles on task=5035  (slabs=1)
67108864 particles on task=5036  (slabs=1)
67108864 particles on task=5037  (slabs=1)
67108864 particles on task=5038  (slabs=1)
67108864 particles on task=5039  (slabs=1)
67108864 particles on task=5040  (slabs=1)
67108864 particles on task=5041  (slabs=1)
67108864 particles on task=5042  (slabs=1)
67108864 particles on task=5043  (slabs=1)
67108864 particles on task=5044  (slabs=1)
67108864 particles on task=5045  (slabs=1)
67108864 particles on task=5046  (slabs=1)
67108864 particles on task=5047  (slabs=1)
67108864 particles on task=5048  (slabs=1)
67108864 particles on task=5049  (slabs=1)
67108864 particles on task=5050  (slabs=1)
67108864 particles on task=5051  (slabs=1)
67108864 particles on task=5052  (slabs=1)
67108864 particles on task=5053  (slabs=1)
67108864 particles on task=5054  (slabs=1)
67108864 particles on task=5055  (slabs=1)
67108864 particles on task=5056  (slabs=1)
67108864 particles on task=5057  (slabs=1)
67108864 particles on task=5058  (slabs=1)
67108864 particles on task=5059  (slabs=1)
67108864 particles on task=5060  (slabs=1)
67108864 particles on task=5061  (slabs=1)
67108864 particles on task=5062  (slabs=1)
67108864 particles on task=5063  (slabs=1)
67108864 particles on task=5064  (slabs=1)
67108864 particles on task=5065  (slabs=1)
67108864 particles on task=5066  (slabs=1)
67108864 particles on task=5067  (slabs=1)
67108864 particles on task=5068  (slabs=1)
67108864 particles on task=5069  (slabs=1)
67108864 particles on task=5070  (slabs=1)
67108864 particles on task=5071  (slabs=1)
67108864 particles on task=5072  (slabs=1)
67108864 particles on task=5073  (slabs=1)
67108864 particles on task=5074  (slabs=1)
67108864 particles on task=5075  (slabs=1)
67108864 particles on task=5076  (slabs=1)
67108864 particles on task=5077  (slabs=1)
67108864 particles on task=5078  (slabs=1)
67108864 particles on task=5079  (slabs=1)
67108864 particles on task=5080  (slabs=1)
67108864 particles on task=5081  (slabs=1)
67108864 particles on task=5082  (slabs=1)
67108864 particles on task=5083  (slabs=1)
67108864 particles on task=5084  (slabs=1)
67108864 particles on task=5085  (slabs=1)
67108864 particles on task=5086  (slabs=1)
67108864 particles on task=5087  (slabs=1)
67108864 particles on task=5088  (slabs=1)
67108864 particles on task=5089  (slabs=1)
67108864 particles on task=5090  (slabs=1)
67108864 particles on task=5091  (slabs=1)
67108864 particles on task=5092  (slabs=1)
67108864 particles on task=5093  (slabs=1)
67108864 particles on task=5094  (slabs=1)
67108864 particles on task=5095  (slabs=1)
67108864 particles on task=5096  (slabs=1)
67108864 particles on task=5097  (slabs=1)
67108864 particles on task=5098  (slabs=1)
67108864 particles on task=5099  (slabs=1)
67108864 particles on task=5100  (slabs=1)
67108864 particles on task=5101  (slabs=1)
67108864 particles on task=5102  (slabs=1)
67108864 particles on task=5103  (slabs=1)
67108864 particles on task=5104  (slabs=1)
67108864 particles on task=5105  (slabs=1)
67108864 particles on task=5106  (slabs=1)
67108864 particles on task=5107  (slabs=1)
67108864 particles on task=5108  (slabs=1)
67108864 particles on task=5109  (slabs=1)
67108864 particles on task=5110  (slabs=1)
67108864 particles on task=5111  (slabs=1)
67108864 particles on task=5112  (slabs=1)
67108864 particles on task=5113  (slabs=1)
67108864 particles on task=5114  (slabs=1)
67108864 particles on task=5115  (slabs=1)
67108864 particles on task=5116  (slabs=1)
67108864 particles on task=5117  (slabs=1)
67108864 particles on task=5118  (slabs=1)
67108864 particles on task=5119  (slabs=1)
67108864 particles on task=5120  (slabs=1)
67108864 particles on task=5121  (slabs=1)
67108864 particles on task=5122  (slabs=1)
67108864 particles on task=5123  (slabs=1)
67108864 particles on task=5124  (slabs=1)
67108864 particles on task=5125  (slabs=1)
67108864 particles on task=5126  (slabs=1)
67108864 particles on task=5127  (slabs=1)
67108864 particles on task=5128  (slabs=1)
67108864 particles on task=5129  (slabs=1)
67108864 particles on task=5130  (slabs=1)
67108864 particles on task=5131  (slabs=1)
67108864 particles on task=5132  (slabs=1)
67108864 particles on task=5133  (slabs=1)
67108864 particles on task=5134  (slabs=1)
67108864 particles on task=5135  (slabs=1)
67108864 particles on task=5136  (slabs=1)
67108864 particles on task=5137  (slabs=1)
67108864 particles on task=5138  (slabs=1)
67108864 particles on task=5139  (slabs=1)
67108864 particles on task=5140  (slabs=1)
67108864 particles on task=5141  (slabs=1)
67108864 particles on task=5142  (slabs=1)
67108864 particles on task=5143  (slabs=1)
67108864 particles on task=5144  (slabs=1)
67108864 particles on task=5145  (slabs=1)
67108864 particles on task=5146  (slabs=1)
67108864 particles on task=5147  (slabs=1)
67108864 particles on task=5148  (slabs=1)
67108864 particles on task=5149  (slabs=1)
67108864 particles on task=5150  (slabs=1)
67108864 particles on task=5151  (slabs=1)
67108864 particles on task=5152  (slabs=1)
67108864 particles on task=5153  (slabs=1)
67108864 particles on task=5154  (slabs=1)
67108864 particles on task=5155  (slabs=1)
67108864 particles on task=5156  (slabs=1)
67108864 particles on task=5157  (slabs=1)
67108864 particles on task=5158  (slabs=1)
67108864 particles on task=5159  (slabs=1)
67108864 particles on task=5160  (slabs=1)
67108864 particles on task=5161  (slabs=1)
67108864 particles on task=5162  (slabs=1)
67108864 particles on task=5163  (slabs=1)
67108864 particles on task=5164  (slabs=1)
67108864 particles on task=5165  (slabs=1)
67108864 particles on task=5166  (slabs=1)
67108864 particles on task=5167  (slabs=1)
67108864 particles on task=5168  (slabs=1)
67108864 particles on task=5169  (slabs=1)
67108864 particles on task=5170  (slabs=1)
67108864 particles on task=5171  (slabs=1)
67108864 particles on task=5172  (slabs=1)
67108864 particles on task=5173  (slabs=1)
67108864 particles on task=5174  (slabs=1)
67108864 particles on task=5175  (slabs=1)
67108864 particles on task=5176  (slabs=1)
67108864 particles on task=5177  (slabs=1)
67108864 particles on task=5178  (slabs=1)
67108864 particles on task=5179  (slabs=1)
67108864 particles on task=5180  (slabs=1)
67108864 particles on task=5181  (slabs=1)
67108864 particles on task=5182  (slabs=1)
67108864 particles on task=5183  (slabs=1)
67108864 particles on task=5184  (slabs=1)
67108864 particles on task=5185  (slabs=1)
67108864 particles on task=5186  (slabs=1)
67108864 particles on task=5187  (slabs=1)
67108864 particles on task=5188  (slabs=1)
67108864 particles on task=5189  (slabs=1)
67108864 particles on task=5190  (slabs=1)
67108864 particles on task=5191  (slabs=1)
67108864 particles on task=5192  (slabs=1)
67108864 particles on task=5193  (slabs=1)
67108864 particles on task=5194  (slabs=1)
67108864 particles on task=5195  (slabs=1)
67108864 particles on task=5196  (slabs=1)
67108864 particles on task=5197  (slabs=1)
67108864 particles on task=5198  (slabs=1)
67108864 particles on task=5199  (slabs=1)
67108864 particles on task=5200  (slabs=1)
67108864 particles on task=5201  (slabs=1)
67108864 particles on task=5202  (slabs=1)
67108864 particles on task=5203  (slabs=1)
67108864 particles on task=5204  (slabs=1)
67108864 particles on task=5205  (slabs=1)
67108864 particles on task=5206  (slabs=1)
67108864 particles on task=5207  (slabs=1)
67108864 particles on task=5208  (slabs=1)
67108864 particles on task=5209  (slabs=1)
67108864 particles on task=5210  (slabs=1)
67108864 particles on task=5211  (slabs=1)
67108864 particles on task=5212  (slabs=1)
67108864 particles on task=5213  (slabs=1)
67108864 particles on task=5214  (slabs=1)
67108864 particles on task=5215  (slabs=1)
67108864 particles on task=5216  (slabs=1)
67108864 particles on task=5217  (slabs=1)
67108864 particles on task=5218  (slabs=1)
67108864 particles on task=5219  (slabs=1)
67108864 particles on task=5220  (slabs=1)
67108864 particles on task=5221  (slabs=1)
67108864 particles on task=5222  (slabs=1)
67108864 particles on task=5223  (slabs=1)
67108864 particles on task=5224  (slabs=1)
67108864 particles on task=5225  (slabs=1)
67108864 particles on task=5226  (slabs=1)
67108864 particles on task=5227  (slabs=1)
67108864 particles on task=5228  (slabs=1)
67108864 particles on task=5229  (slabs=1)
67108864 particles on task=5230  (slabs=1)
67108864 particles on task=5231  (slabs=1)
67108864 particles on task=5232  (slabs=1)
67108864 particles on task=5233  (slabs=1)
67108864 particles on task=5234  (slabs=1)
67108864 particles on task=5235  (slabs=1)
67108864 particles on task=5236  (slabs=1)
67108864 particles on task=5237  (slabs=1)
67108864 particles on task=5238  (slabs=1)
67108864 particles on task=5239  (slabs=1)
67108864 particles on task=5240  (slabs=1)
67108864 particles on task=5241  (slabs=1)
67108864 particles on task=5242  (slabs=1)
67108864 particles on task=5243  (slabs=1)
67108864 particles on task=5244  (slabs=1)
67108864 particles on task=5245  (slabs=1)
67108864 particles on task=5246  (slabs=1)
67108864 particles on task=5247  (slabs=1)
67108864 particles on task=5248  (slabs=1)
67108864 particles on task=5249  (slabs=1)
67108864 particles on task=5250  (slabs=1)
67108864 particles on task=5251  (slabs=1)
67108864 particles on task=5252  (slabs=1)
67108864 particles on task=5253  (slabs=1)
67108864 particles on task=5254  (slabs=1)
67108864 particles on task=5255  (slabs=1)
67108864 particles on task=5256  (slabs=1)
67108864 particles on task=5257  (slabs=1)
67108864 particles on task=5258  (slabs=1)
67108864 particles on task=5259  (slabs=1)
67108864 particles on task=5260  (slabs=1)
67108864 particles on task=5261  (slabs=1)
67108864 particles on task=5262  (slabs=1)
67108864 particles on task=5263  (slabs=1)
67108864 particles on task=5264  (slabs=1)
67108864 particles on task=5265  (slabs=1)
67108864 particles on task=5266  (slabs=1)
67108864 particles on task=5267  (slabs=1)
67108864 particles on task=5268  (slabs=1)
67108864 particles on task=5269  (slabs=1)
67108864 particles on task=5270  (slabs=1)
67108864 particles on task=5271  (slabs=1)
67108864 particles on task=5272  (slabs=1)
67108864 particles on task=5273  (slabs=1)
67108864 particles on task=5274  (slabs=1)
67108864 particles on task=5275  (slabs=1)
67108864 particles on task=5276  (slabs=1)
67108864 particles on task=5277  (slabs=1)
67108864 particles on task=5278  (slabs=1)
67108864 particles on task=5279  (slabs=1)
67108864 particles on task=5280  (slabs=1)
67108864 particles on task=5281  (slabs=1)
67108864 particles on task=5282  (slabs=1)
67108864 particles on task=5283  (slabs=1)
67108864 particles on task=5284  (slabs=1)
67108864 particles on task=5285  (slabs=1)
67108864 particles on task=5286  (slabs=1)
67108864 particles on task=5287  (slabs=1)
67108864 particles on task=5288  (slabs=1)
67108864 particles on task=5289  (slabs=1)
67108864 particles on task=5290  (slabs=1)
67108864 particles on task=5291  (slabs=1)
67108864 particles on task=5292  (slabs=1)
67108864 particles on task=5293  (slabs=1)
67108864 particles on task=5294  (slabs=1)
67108864 particles on task=5295  (slabs=1)
67108864 particles on task=5296  (slabs=1)
67108864 particles on task=5297  (slabs=1)
67108864 particles on task=5298  (slabs=1)
67108864 particles on task=5299  (slabs=1)
67108864 particles on task=5300  (slabs=1)
67108864 particles on task=5301  (slabs=1)
67108864 particles on task=5302  (slabs=1)
67108864 particles on task=5303  (slabs=1)
67108864 particles on task=5304  (slabs=1)
67108864 particles on task=5305  (slabs=1)
67108864 particles on task=5306  (slabs=1)
67108864 particles on task=5307  (slabs=1)
67108864 particles on task=5308  (slabs=1)
67108864 particles on task=5309  (slabs=1)
67108864 particles on task=5310  (slabs=1)
67108864 particles on task=5311  (slabs=1)
67108864 particles on task=5312  (slabs=1)
67108864 particles on task=5313  (slabs=1)
67108864 particles on task=5314  (slabs=1)
67108864 particles on task=5315  (slabs=1)
67108864 particles on task=5316  (slabs=1)
67108864 particles on task=5317  (slabs=1)
67108864 particles on task=5318  (slabs=1)
67108864 particles on task=5319  (slabs=1)
67108864 particles on task=5320  (slabs=1)
67108864 particles on task=5321  (slabs=1)
67108864 particles on task=5322  (slabs=1)
67108864 particles on task=5323  (slabs=1)
67108864 particles on task=5324  (slabs=1)
67108864 particles on task=5325  (slabs=1)
67108864 particles on task=5326  (slabs=1)
67108864 particles on task=5327  (slabs=1)
67108864 particles on task=5328  (slabs=1)
67108864 particles on task=5329  (slabs=1)
67108864 particles on task=5330  (slabs=1)
67108864 particles on task=5331  (slabs=1)
67108864 particles on task=5332  (slabs=1)
67108864 particles on task=5333  (slabs=1)
67108864 particles on task=5334  (slabs=1)
67108864 particles on task=5335  (slabs=1)
67108864 particles on task=5336  (slabs=1)
67108864 particles on task=5337  (slabs=1)
67108864 particles on task=5338  (slabs=1)
67108864 particles on task=5339  (slabs=1)
67108864 particles on task=5340  (slabs=1)
67108864 particles on task=5341  (slabs=1)
67108864 particles on task=5342  (slabs=1)
67108864 particles on task=5343  (slabs=1)
67108864 particles on task=5344  (slabs=1)
67108864 particles on task=5345  (slabs=1)
67108864 particles on task=5346  (slabs=1)
67108864 particles on task=5347  (slabs=1)
67108864 particles on task=5348  (slabs=1)
67108864 particles on task=5349  (slabs=1)
67108864 particles on task=5350  (slabs=1)
67108864 particles on task=5351  (slabs=1)
67108864 particles on task=5352  (slabs=1)
67108864 particles on task=5353  (slabs=1)
67108864 particles on task=5354  (slabs=1)
67108864 particles on task=5355  (slabs=1)
67108864 particles on task=5356  (slabs=1)
67108864 particles on task=5357  (slabs=1)
67108864 particles on task=5358  (slabs=1)
67108864 particles on task=5359  (slabs=1)
67108864 particles on task=5360  (slabs=1)
67108864 particles on task=5361  (slabs=1)
67108864 particles on task=5362  (slabs=1)
67108864 particles on task=5363  (slabs=1)
67108864 particles on task=5364  (slabs=1)
67108864 particles on task=5365  (slabs=1)
67108864 particles on task=5366  (slabs=1)
67108864 particles on task=5367  (slabs=1)
67108864 particles on task=5368  (slabs=1)
67108864 particles on task=5369  (slabs=1)
67108864 particles on task=5370  (slabs=1)
67108864 particles on task=5371  (slabs=1)
67108864 particles on task=5372  (slabs=1)
67108864 particles on task=5373  (slabs=1)
67108864 particles on task=5374  (slabs=1)
67108864 particles on task=5375  (slabs=1)
67108864 particles on task=5376  (slabs=1)
67108864 particles on task=5377  (slabs=1)
67108864 particles on task=5378  (slabs=1)
67108864 particles on task=5379  (slabs=1)
67108864 particles on task=5380  (slabs=1)
67108864 particles on task=5381  (slabs=1)
67108864 particles on task=5382  (slabs=1)
67108864 particles on task=5383  (slabs=1)
67108864 particles on task=5384  (slabs=1)
67108864 particles on task=5385  (slabs=1)
67108864 particles on task=5386  (slabs=1)
67108864 particles on task=5387  (slabs=1)
67108864 particles on task=5388  (slabs=1)
67108864 particles on task=5389  (slabs=1)
67108864 particles on task=5390  (slabs=1)
67108864 particles on task=5391  (slabs=1)
67108864 particles on task=5392  (slabs=1)
67108864 particles on task=5393  (slabs=1)
67108864 particles on task=5394  (slabs=1)
67108864 particles on task=5395  (slabs=1)
67108864 particles on task=5396  (slabs=1)
67108864 particles on task=5397  (slabs=1)
67108864 particles on task=5398  (slabs=1)
67108864 particles on task=5399  (slabs=1)
67108864 particles on task=5400  (slabs=1)
67108864 particles on task=5401  (slabs=1)
67108864 particles on task=5402  (slabs=1)
67108864 particles on task=5403  (slabs=1)
67108864 particles on task=5404  (slabs=1)
67108864 particles on task=5405  (slabs=1)
67108864 particles on task=5406  (slabs=1)
67108864 particles on task=5407  (slabs=1)
67108864 particles on task=5408  (slabs=1)
67108864 particles on task=5409  (slabs=1)
67108864 particles on task=5410  (slabs=1)
67108864 particles on task=5411  (slabs=1)
67108864 particles on task=5412  (slabs=1)
67108864 particles on task=5413  (slabs=1)
67108864 particles on task=5414  (slabs=1)
67108864 particles on task=5415  (slabs=1)
67108864 particles on task=5416  (slabs=1)
67108864 particles on task=5417  (slabs=1)
67108864 particles on task=5418  (slabs=1)
67108864 particles on task=5419  (slabs=1)
67108864 particles on task=5420  (slabs=1)
67108864 particles on task=5421  (slabs=1)
67108864 particles on task=5422  (slabs=1)
67108864 particles on task=5423  (slabs=1)
67108864 particles on task=5424  (slabs=1)
67108864 particles on task=5425  (slabs=1)
67108864 particles on task=5426  (slabs=1)
67108864 particles on task=5427  (slabs=1)
67108864 particles on task=5428  (slabs=1)
67108864 particles on task=5429  (slabs=1)
67108864 particles on task=5430  (slabs=1)
67108864 particles on task=5431  (slabs=1)
67108864 particles on task=5432  (slabs=1)
67108864 particles on task=5433  (slabs=1)
67108864 particles on task=5434  (slabs=1)
67108864 particles on task=5435  (slabs=1)
67108864 particles on task=5436  (slabs=1)
67108864 particles on task=5437  (slabs=1)
67108864 particles on task=5438  (slabs=1)
67108864 particles on task=5439  (slabs=1)
67108864 particles on task=5440  (slabs=1)
67108864 particles on task=5441  (slabs=1)
67108864 particles on task=5442  (slabs=1)
67108864 particles on task=5443  (slabs=1)
67108864 particles on task=5444  (slabs=1)
67108864 particles on task=5445  (slabs=1)
67108864 particles on task=5446  (slabs=1)
67108864 particles on task=5447  (slabs=1)
67108864 particles on task=5448  (slabs=1)
67108864 particles on task=5449  (slabs=1)
67108864 particles on task=5450  (slabs=1)
67108864 particles on task=5451  (slabs=1)
67108864 particles on task=5452  (slabs=1)
67108864 particles on task=5453  (slabs=1)
67108864 particles on task=5454  (slabs=1)
67108864 particles on task=5455  (slabs=1)
67108864 particles on task=5456  (slabs=1)
67108864 particles on task=5457  (slabs=1)
67108864 particles on task=5458  (slabs=1)
67108864 particles on task=5459  (slabs=1)
67108864 particles on task=5460  (slabs=1)
67108864 particles on task=5461  (slabs=1)
67108864 particles on task=5462  (slabs=1)
67108864 particles on task=5463  (slabs=1)
67108864 particles on task=5464  (slabs=1)
67108864 particles on task=5465  (slabs=1)
67108864 particles on task=5466  (slabs=1)
67108864 particles on task=5467  (slabs=1)
67108864 particles on task=5468  (slabs=1)
67108864 particles on task=5469  (slabs=1)
67108864 particles on task=5470  (slabs=1)
67108864 particles on task=5471  (slabs=1)
67108864 particles on task=5472  (slabs=1)
67108864 particles on task=5473  (slabs=1)
67108864 particles on task=5474  (slabs=1)
67108864 particles on task=5475  (slabs=1)
67108864 particles on task=5476  (slabs=1)
67108864 particles on task=5477  (slabs=1)
67108864 particles on task=5478  (slabs=1)
67108864 particles on task=5479  (slabs=1)
67108864 particles on task=5480  (slabs=1)
67108864 particles on task=5481  (slabs=1)
67108864 particles on task=5482  (slabs=1)
67108864 particles on task=5483  (slabs=1)
67108864 particles on task=5484  (slabs=1)
67108864 particles on task=5485  (slabs=1)
67108864 particles on task=5486  (slabs=1)
67108864 particles on task=5487  (slabs=1)
67108864 particles on task=5488  (slabs=1)
67108864 particles on task=5489  (slabs=1)
67108864 particles on task=5490  (slabs=1)
67108864 particles on task=5491  (slabs=1)
67108864 particles on task=5492  (slabs=1)
67108864 particles on task=5493  (slabs=1)
67108864 particles on task=5494  (slabs=1)
67108864 particles on task=5495  (slabs=1)
67108864 particles on task=5496  (slabs=1)
67108864 particles on task=5497  (slabs=1)
67108864 particles on task=5498  (slabs=1)
67108864 particles on task=5499  (slabs=1)
67108864 particles on task=5500  (slabs=1)
67108864 particles on task=5501  (slabs=1)
67108864 particles on task=5502  (slabs=1)
67108864 particles on task=5503  (slabs=1)
67108864 particles on task=5504  (slabs=1)
67108864 particles on task=5505  (slabs=1)
67108864 particles on task=5506  (slabs=1)
67108864 particles on task=5507  (slabs=1)
67108864 particles on task=5508  (slabs=1)
67108864 particles on task=5509  (slabs=1)
67108864 particles on task=5510  (slabs=1)
67108864 particles on task=5511  (slabs=1)
67108864 particles on task=5512  (slabs=1)
67108864 particles on task=5513  (slabs=1)
67108864 particles on task=5514  (slabs=1)
67108864 particles on task=5515  (slabs=1)
67108864 particles on task=5516  (slabs=1)
67108864 particles on task=5517  (slabs=1)
67108864 particles on task=5518  (slabs=1)
67108864 particles on task=5519  (slabs=1)
67108864 particles on task=5520  (slabs=1)
67108864 particles on task=5521  (slabs=1)
67108864 particles on task=5522  (slabs=1)
67108864 particles on task=5523  (slabs=1)
67108864 particles on task=5524  (slabs=1)
67108864 particles on task=5525  (slabs=1)
67108864 particles on task=5526  (slabs=1)
67108864 particles on task=5527  (slabs=1)
67108864 particles on task=5528  (slabs=1)
67108864 particles on task=5529  (slabs=1)
67108864 particles on task=5530  (slabs=1)
67108864 particles on task=5531  (slabs=1)
67108864 particles on task=5532  (slabs=1)
67108864 particles on task=5533  (slabs=1)
67108864 particles on task=5534  (slabs=1)
67108864 particles on task=5535  (slabs=1)
67108864 particles on task=5536  (slabs=1)
67108864 particles on task=5537  (slabs=1)
67108864 particles on task=5538  (slabs=1)
67108864 particles on task=5539  (slabs=1)
67108864 particles on task=5540  (slabs=1)
67108864 particles on task=5541  (slabs=1)
67108864 particles on task=5542  (slabs=1)
67108864 particles on task=5543  (slabs=1)
67108864 particles on task=5544  (slabs=1)
67108864 particles on task=5545  (slabs=1)
67108864 particles on task=5546  (slabs=1)
67108864 particles on task=5547  (slabs=1)
67108864 particles on task=5548  (slabs=1)
67108864 particles on task=5549  (slabs=1)
67108864 particles on task=5550  (slabs=1)
67108864 particles on task=5551  (slabs=1)
67108864 particles on task=5552  (slabs=1)
67108864 particles on task=5553  (slabs=1)
67108864 particles on task=5554  (slabs=1)
67108864 particles on task=5555  (slabs=1)
67108864 particles on task=5556  (slabs=1)
67108864 particles on task=5557  (slabs=1)
67108864 particles on task=5558  (slabs=1)
67108864 particles on task=5559  (slabs=1)
67108864 particles on task=5560  (slabs=1)
67108864 particles on task=5561  (slabs=1)
67108864 particles on task=5562  (slabs=1)
67108864 particles on task=5563  (slabs=1)
67108864 particles on task=5564  (slabs=1)
67108864 particles on task=5565  (slabs=1)
67108864 particles on task=5566  (slabs=1)
67108864 particles on task=5567  (slabs=1)
67108864 particles on task=5568  (slabs=1)
67108864 particles on task=5569  (slabs=1)
67108864 particles on task=5570  (slabs=1)
67108864 particles on task=5571  (slabs=1)
67108864 particles on task=5572  (slabs=1)
67108864 particles on task=5573  (slabs=1)
67108864 particles on task=5574  (slabs=1)
67108864 particles on task=5575  (slabs=1)
67108864 particles on task=5576  (slabs=1)
67108864 particles on task=5577  (slabs=1)
67108864 particles on task=5578  (slabs=1)
67108864 particles on task=5579  (slabs=1)
67108864 particles on task=5580  (slabs=1)
67108864 particles on task=5581  (slabs=1)
67108864 particles on task=5582  (slabs=1)
67108864 particles on task=5583  (slabs=1)
67108864 particles on task=5584  (slabs=1)
67108864 particles on task=5585  (slabs=1)
67108864 particles on task=5586  (slabs=1)
67108864 particles on task=5587  (slabs=1)
67108864 particles on task=5588  (slabs=1)
67108864 particles on task=5589  (slabs=1)
67108864 particles on task=5590  (slabs=1)
67108864 particles on task=5591  (slabs=1)
67108864 particles on task=5592  (slabs=1)
67108864 particles on task=5593  (slabs=1)
67108864 particles on task=5594  (slabs=1)
67108864 particles on task=5595  (slabs=1)
67108864 particles on task=5596  (slabs=1)
67108864 particles on task=5597  (slabs=1)
67108864 particles on task=5598  (slabs=1)
67108864 particles on task=5599  (slabs=1)
67108864 particles on task=5600  (slabs=1)
67108864 particles on task=5601  (slabs=1)
67108864 particles on task=5602  (slabs=1)
67108864 particles on task=5603  (slabs=1)
67108864 particles on task=5604  (slabs=1)
67108864 particles on task=5605  (slabs=1)
67108864 particles on task=5606  (slabs=1)
67108864 particles on task=5607  (slabs=1)
67108864 particles on task=5608  (slabs=1)
67108864 particles on task=5609  (slabs=1)
67108864 particles on task=5610  (slabs=1)
67108864 particles on task=5611  (slabs=1)
67108864 particles on task=5612  (slabs=1)
67108864 particles on task=5613  (slabs=1)
67108864 particles on task=5614  (slabs=1)
67108864 particles on task=5615  (slabs=1)
67108864 particles on task=5616  (slabs=1)
67108864 particles on task=5617  (slabs=1)
67108864 particles on task=5618  (slabs=1)
67108864 particles on task=5619  (slabs=1)
67108864 particles on task=5620  (slabs=1)
67108864 particles on task=5621  (slabs=1)
67108864 particles on task=5622  (slabs=1)
67108864 particles on task=5623  (slabs=1)
67108864 particles on task=5624  (slabs=1)
67108864 particles on task=5625  (slabs=1)
67108864 particles on task=5626  (slabs=1)
67108864 particles on task=5627  (slabs=1)
67108864 particles on task=5628  (slabs=1)
67108864 particles on task=5629  (slabs=1)
67108864 particles on task=5630  (slabs=1)
67108864 particles on task=5631  (slabs=1)
67108864 particles on task=5632  (slabs=1)
67108864 particles on task=5633  (slabs=1)
67108864 particles on task=5634  (slabs=1)
67108864 particles on task=5635  (slabs=1)
67108864 particles on task=5636  (slabs=1)
67108864 particles on task=5637  (slabs=1)
67108864 particles on task=5638  (slabs=1)
67108864 particles on task=5639  (slabs=1)
67108864 particles on task=5640  (slabs=1)
67108864 particles on task=5641  (slabs=1)
67108864 particles on task=5642  (slabs=1)
67108864 particles on task=5643  (slabs=1)
67108864 particles on task=5644  (slabs=1)
67108864 particles on task=5645  (slabs=1)
67108864 particles on task=5646  (slabs=1)
67108864 particles on task=5647  (slabs=1)
67108864 particles on task=5648  (slabs=1)
67108864 particles on task=5649  (slabs=1)
67108864 particles on task=5650  (slabs=1)
67108864 particles on task=5651  (slabs=1)
67108864 particles on task=5652  (slabs=1)
67108864 particles on task=5653  (slabs=1)
67108864 particles on task=5654  (slabs=1)
67108864 particles on task=5655  (slabs=1)
67108864 particles on task=5656  (slabs=1)
67108864 particles on task=5657  (slabs=1)
67108864 particles on task=5658  (slabs=1)
67108864 particles on task=5659  (slabs=1)
67108864 particles on task=5660  (slabs=1)
67108864 particles on task=5661  (slabs=1)
67108864 particles on task=5662  (slabs=1)
67108864 particles on task=5663  (slabs=1)
67108864 particles on task=5664  (slabs=1)
67108864 particles on task=5665  (slabs=1)
67108864 particles on task=5666  (slabs=1)
67108864 particles on task=5667  (slabs=1)
67108864 particles on task=5668  (slabs=1)
67108864 particles on task=5669  (slabs=1)
67108864 particles on task=5670  (slabs=1)
67108864 particles on task=5671  (slabs=1)
67108864 particles on task=5672  (slabs=1)
67108864 particles on task=5673  (slabs=1)
67108864 particles on task=5674  (slabs=1)
67108864 particles on task=5675  (slabs=1)
67108864 particles on task=5676  (slabs=1)
67108864 particles on task=5677  (slabs=1)
67108864 particles on task=5678  (slabs=1)
67108864 particles on task=5679  (slabs=1)
67108864 particles on task=5680  (slabs=1)
67108864 particles on task=5681  (slabs=1)
67108864 particles on task=5682  (slabs=1)
67108864 particles on task=5683  (slabs=1)
67108864 particles on task=5684  (slabs=1)
67108864 particles on task=5685  (slabs=1)
67108864 particles on task=5686  (slabs=1)
67108864 particles on task=5687  (slabs=1)
67108864 particles on task=5688  (slabs=1)
67108864 particles on task=5689  (slabs=1)
67108864 particles on task=5690  (slabs=1)
67108864 particles on task=5691  (slabs=1)
67108864 particles on task=5692  (slabs=1)
67108864 particles on task=5693  (slabs=1)
67108864 particles on task=5694  (slabs=1)
67108864 particles on task=5695  (slabs=1)
67108864 particles on task=5696  (slabs=1)
67108864 particles on task=5697  (slabs=1)
67108864 particles on task=5698  (slabs=1)
67108864 particles on task=5699  (slabs=1)
67108864 particles on task=5700  (slabs=1)
67108864 particles on task=5701  (slabs=1)
67108864 particles on task=5702  (slabs=1)
67108864 particles on task=5703  (slabs=1)
67108864 particles on task=5704  (slabs=1)
67108864 particles on task=5705  (slabs=1)
67108864 particles on task=5706  (slabs=1)
67108864 particles on task=5707  (slabs=1)
67108864 particles on task=5708  (slabs=1)
67108864 particles on task=5709  (slabs=1)
67108864 particles on task=5710  (slabs=1)
67108864 particles on task=5711  (slabs=1)
67108864 particles on task=5712  (slabs=1)
67108864 particles on task=5713  (slabs=1)
67108864 particles on task=5714  (slabs=1)
67108864 particles on task=5715  (slabs=1)
67108864 particles on task=5716  (slabs=1)
67108864 particles on task=5717  (slabs=1)
67108864 particles on task=5718  (slabs=1)
67108864 particles on task=5719  (slabs=1)
67108864 particles on task=5720  (slabs=1)
67108864 particles on task=5721  (slabs=1)
67108864 particles on task=5722  (slabs=1)
67108864 particles on task=5723  (slabs=1)
67108864 particles on task=5724  (slabs=1)
67108864 particles on task=5725  (slabs=1)
67108864 particles on task=5726  (slabs=1)
67108864 particles on task=5727  (slabs=1)
67108864 particles on task=5728  (slabs=1)
67108864 particles on task=5729  (slabs=1)
67108864 particles on task=5730  (slabs=1)
67108864 particles on task=5731  (slabs=1)
67108864 particles on task=5732  (slabs=1)
67108864 particles on task=5733  (slabs=1)
67108864 particles on task=5734  (slabs=1)
67108864 particles on task=5735  (slabs=1)
67108864 particles on task=5736  (slabs=1)
67108864 particles on task=5737  (slabs=1)
67108864 particles on task=5738  (slabs=1)
67108864 particles on task=5739  (slabs=1)
67108864 particles on task=5740  (slabs=1)
67108864 particles on task=5741  (slabs=1)
67108864 particles on task=5742  (slabs=1)
67108864 particles on task=5743  (slabs=1)
67108864 particles on task=5744  (slabs=1)
67108864 particles on task=5745  (slabs=1)
67108864 particles on task=5746  (slabs=1)
67108864 particles on task=5747  (slabs=1)
67108864 particles on task=5748  (slabs=1)
67108864 particles on task=5749  (slabs=1)
67108864 particles on task=5750  (slabs=1)
67108864 particles on task=5751  (slabs=1)
67108864 particles on task=5752  (slabs=1)
67108864 particles on task=5753  (slabs=1)
67108864 particles on task=5754  (slabs=1)
67108864 particles on task=5755  (slabs=1)
67108864 particles on task=5756  (slabs=1)
67108864 particles on task=5757  (slabs=1)
67108864 particles on task=5758  (slabs=1)
67108864 particles on task=5759  (slabs=1)
67108864 particles on task=5760  (slabs=1)
67108864 particles on task=5761  (slabs=1)
67108864 particles on task=5762  (slabs=1)
67108864 particles on task=5763  (slabs=1)
67108864 particles on task=5764  (slabs=1)
67108864 particles on task=5765  (slabs=1)
67108864 particles on task=5766  (slabs=1)
67108864 particles on task=5767  (slabs=1)
67108864 particles on task=5768  (slabs=1)
67108864 particles on task=5769  (slabs=1)
67108864 particles on task=5770  (slabs=1)
67108864 particles on task=5771  (slabs=1)
67108864 particles on task=5772  (slabs=1)
67108864 particles on task=5773  (slabs=1)
67108864 particles on task=5774  (slabs=1)
67108864 particles on task=5775  (slabs=1)
67108864 particles on task=5776  (slabs=1)
67108864 particles on task=5777  (slabs=1)
67108864 particles on task=5778  (slabs=1)
67108864 particles on task=5779  (slabs=1)
67108864 particles on task=5780  (slabs=1)
67108864 particles on task=5781  (slabs=1)
67108864 particles on task=5782  (slabs=1)
67108864 particles on task=5783  (slabs=1)
67108864 particles on task=5784  (slabs=1)
67108864 particles on task=5785  (slabs=1)
67108864 particles on task=5786  (slabs=1)
67108864 particles on task=5787  (slabs=1)
67108864 particles on task=5788  (slabs=1)
67108864 particles on task=5789  (slabs=1)
67108864 particles on task=5790  (slabs=1)
67108864 particles on task=5791  (slabs=1)
67108864 particles on task=5792  (slabs=1)
67108864 particles on task=5793  (slabs=1)
67108864 particles on task=5794  (slabs=1)
67108864 particles on task=5795  (slabs=1)
67108864 particles on task=5796  (slabs=1)
67108864 particles on task=5797  (slabs=1)
67108864 particles on task=5798  (slabs=1)
67108864 particles on task=5799  (slabs=1)
67108864 particles on task=5800  (slabs=1)
67108864 particles on task=5801  (slabs=1)
67108864 particles on task=5802  (slabs=1)
67108864 particles on task=5803  (slabs=1)
67108864 particles on task=5804  (slabs=1)
67108864 particles on task=5805  (slabs=1)
67108864 particles on task=5806  (slabs=1)
67108864 particles on task=5807  (slabs=1)
67108864 particles on task=5808  (slabs=1)
67108864 particles on task=5809  (slabs=1)
67108864 particles on task=5810  (slabs=1)
67108864 particles on task=5811  (slabs=1)
67108864 particles on task=5812  (slabs=1)
67108864 particles on task=5813  (slabs=1)
67108864 particles on task=5814  (slabs=1)
67108864 particles on task=5815  (slabs=1)
67108864 particles on task=5816  (slabs=1)
67108864 particles on task=5817  (slabs=1)
67108864 particles on task=5818  (slabs=1)
67108864 particles on task=5819  (slabs=1)
67108864 particles on task=5820  (slabs=1)
67108864 particles on task=5821  (slabs=1)
67108864 particles on task=5822  (slabs=1)
67108864 particles on task=5823  (slabs=1)
67108864 particles on task=5824  (slabs=1)
67108864 particles on task=5825  (slabs=1)
67108864 particles on task=5826  (slabs=1)
67108864 particles on task=5827  (slabs=1)
67108864 particles on task=5828  (slabs=1)
67108864 particles on task=5829  (slabs=1)
67108864 particles on task=5830  (slabs=1)
67108864 particles on task=5831  (slabs=1)
67108864 particles on task=5832  (slabs=1)
67108864 particles on task=5833  (slabs=1)
67108864 particles on task=5834  (slabs=1)
67108864 particles on task=5835  (slabs=1)
67108864 particles on task=5836  (slabs=1)
67108864 particles on task=5837  (slabs=1)
67108864 particles on task=5838  (slabs=1)
67108864 particles on task=5839  (slabs=1)
67108864 particles on task=5840  (slabs=1)
67108864 particles on task=5841  (slabs=1)
67108864 particles on task=5842  (slabs=1)
67108864 particles on task=5843  (slabs=1)
67108864 particles on task=5844  (slabs=1)
67108864 particles on task=5845  (slabs=1)
67108864 particles on task=5846  (slabs=1)
67108864 particles on task=5847  (slabs=1)
67108864 particles on task=5848  (slabs=1)
67108864 particles on task=5849  (slabs=1)
67108864 particles on task=5850  (slabs=1)
67108864 particles on task=5851  (slabs=1)
67108864 particles on task=5852  (slabs=1)
67108864 particles on task=5853  (slabs=1)
67108864 particles on task=5854  (slabs=1)
67108864 particles on task=5855  (slabs=1)
67108864 particles on task=5856  (slabs=1)
67108864 particles on task=5857  (slabs=1)
67108864 particles on task=5858  (slabs=1)
67108864 particles on task=5859  (slabs=1)
67108864 particles on task=5860  (slabs=1)
67108864 particles on task=5861  (slabs=1)
67108864 particles on task=5862  (slabs=1)
67108864 particles on task=5863  (slabs=1)
67108864 particles on task=5864  (slabs=1)
67108864 particles on task=5865  (slabs=1)
67108864 particles on task=5866  (slabs=1)
67108864 particles on task=5867  (slabs=1)
67108864 particles on task=5868  (slabs=1)
67108864 particles on task=5869  (slabs=1)
67108864 particles on task=5870  (slabs=1)
67108864 particles on task=5871  (slabs=1)
67108864 particles on task=5872  (slabs=1)
67108864 particles on task=5873  (slabs=1)
67108864 particles on task=5874  (slabs=1)
67108864 particles on task=5875  (slabs=1)
67108864 particles on task=5876  (slabs=1)
67108864 particles on task=5877  (slabs=1)
67108864 particles on task=5878  (slabs=1)
67108864 particles on task=5879  (slabs=1)
67108864 particles on task=5880  (slabs=1)
67108864 particles on task=5881  (slabs=1)
67108864 particles on task=5882  (slabs=1)
67108864 particles on task=5883  (slabs=1)
67108864 particles on task=5884  (slabs=1)
67108864 particles on task=5885  (slabs=1)
67108864 particles on task=5886  (slabs=1)
67108864 particles on task=5887  (slabs=1)
67108864 particles on task=5888  (slabs=1)
67108864 particles on task=5889  (slabs=1)
67108864 particles on task=5890  (slabs=1)
67108864 particles on task=5891  (slabs=1)
67108864 particles on task=5892  (slabs=1)
67108864 particles on task=5893  (slabs=1)
67108864 particles on task=5894  (slabs=1)
67108864 particles on task=5895  (slabs=1)
67108864 particles on task=5896  (slabs=1)
67108864 particles on task=5897  (slabs=1)
67108864 particles on task=5898  (slabs=1)
67108864 particles on task=5899  (slabs=1)
67108864 particles on task=5900  (slabs=1)
67108864 particles on task=5901  (slabs=1)
67108864 particles on task=5902  (slabs=1)
67108864 particles on task=5903  (slabs=1)
67108864 particles on task=5904  (slabs=1)
67108864 particles on task=5905  (slabs=1)
67108864 particles on task=5906  (slabs=1)
67108864 particles on task=5907  (slabs=1)
67108864 particles on task=5908  (slabs=1)
67108864 particles on task=5909  (slabs=1)
67108864 particles on task=5910  (slabs=1)
67108864 particles on task=5911  (slabs=1)
67108864 particles on task=5912  (slabs=1)
67108864 particles on task=5913  (slabs=1)
67108864 particles on task=5914  (slabs=1)
67108864 particles on task=5915  (slabs=1)
67108864 particles on task=5916  (slabs=1)
67108864 particles on task=5917  (slabs=1)
67108864 particles on task=5918  (slabs=1)
67108864 particles on task=5919  (slabs=1)
67108864 particles on task=5920  (slabs=1)
67108864 particles on task=5921  (slabs=1)
67108864 particles on task=5922  (slabs=1)
67108864 particles on task=5923  (slabs=1)
67108864 particles on task=5924  (slabs=1)
67108864 particles on task=5925  (slabs=1)
67108864 particles on task=5926  (slabs=1)
67108864 particles on task=5927  (slabs=1)
67108864 particles on task=5928  (slabs=1)
67108864 particles on task=5929  (slabs=1)
67108864 particles on task=5930  (slabs=1)
67108864 particles on task=5931  (slabs=1)
67108864 particles on task=5932  (slabs=1)
67108864 particles on task=5933  (slabs=1)
67108864 particles on task=5934  (slabs=1)
67108864 particles on task=5935  (slabs=1)
67108864 particles on task=5936  (slabs=1)
67108864 particles on task=5937  (slabs=1)
67108864 particles on task=5938  (slabs=1)
67108864 particles on task=5939  (slabs=1)
67108864 particles on task=5940  (slabs=1)
67108864 particles on task=5941  (slabs=1)
67108864 particles on task=5942  (slabs=1)
67108864 particles on task=5943  (slabs=1)
67108864 particles on task=5944  (slabs=1)
67108864 particles on task=5945  (slabs=1)
67108864 particles on task=5946  (slabs=1)
67108864 particles on task=5947  (slabs=1)
67108864 particles on task=5948  (slabs=1)
67108864 particles on task=5949  (slabs=1)
67108864 particles on task=5950  (slabs=1)
67108864 particles on task=5951  (slabs=1)
67108864 particles on task=5952  (slabs=1)
67108864 particles on task=5953  (slabs=1)
67108864 particles on task=5954  (slabs=1)
67108864 particles on task=5955  (slabs=1)
67108864 particles on task=5956  (slabs=1)
67108864 particles on task=5957  (slabs=1)
67108864 particles on task=5958  (slabs=1)
67108864 particles on task=5959  (slabs=1)
67108864 particles on task=5960  (slabs=1)
67108864 particles on task=5961  (slabs=1)
67108864 particles on task=5962  (slabs=1)
67108864 particles on task=5963  (slabs=1)
67108864 particles on task=5964  (slabs=1)
67108864 particles on task=5965  (slabs=1)
67108864 particles on task=5966  (slabs=1)
67108864 particles on task=5967  (slabs=1)
67108864 particles on task=5968  (slabs=1)
67108864 particles on task=5969  (slabs=1)
67108864 particles on task=5970  (slabs=1)
67108864 particles on task=5971  (slabs=1)
67108864 particles on task=5972  (slabs=1)
67108864 particles on task=5973  (slabs=1)
67108864 particles on task=5974  (slabs=1)
67108864 particles on task=5975  (slabs=1)
67108864 particles on task=5976  (slabs=1)
67108864 particles on task=5977  (slabs=1)
67108864 particles on task=5978  (slabs=1)
67108864 particles on task=5979  (slabs=1)
67108864 particles on task=5980  (slabs=1)
67108864 particles on task=5981  (slabs=1)
67108864 particles on task=5982  (slabs=1)
67108864 particles on task=5983  (slabs=1)
67108864 particles on task=5984  (slabs=1)
67108864 particles on task=5985  (slabs=1)
67108864 particles on task=5986  (slabs=1)
67108864 particles on task=5987  (slabs=1)
67108864 particles on task=5988  (slabs=1)
67108864 particles on task=5989  (slabs=1)
67108864 particles on task=5990  (slabs=1)
67108864 particles on task=5991  (slabs=1)
67108864 particles on task=5992  (slabs=1)
67108864 particles on task=5993  (slabs=1)
67108864 particles on task=5994  (slabs=1)
67108864 particles on task=5995  (slabs=1)
67108864 particles on task=5996  (slabs=1)
67108864 particles on task=5997  (slabs=1)
67108864 particles on task=5998  (slabs=1)
67108864 particles on task=5999  (slabs=1)
67108864 particles on task=6000  (slabs=1)
67108864 particles on task=6001  (slabs=1)
67108864 particles on task=6002  (slabs=1)
67108864 particles on task=6003  (slabs=1)
67108864 particles on task=6004  (slabs=1)
67108864 particles on task=6005  (slabs=1)
67108864 particles on task=6006  (slabs=1)
67108864 particles on task=6007  (slabs=1)
67108864 particles on task=6008  (slabs=1)
67108864 particles on task=6009  (slabs=1)
67108864 particles on task=6010  (slabs=1)
67108864 particles on task=6011  (slabs=1)
67108864 particles on task=6012  (slabs=1)
67108864 particles on task=6013  (slabs=1)
67108864 particles on task=6014  (slabs=1)
67108864 particles on task=6015  (slabs=1)
67108864 particles on task=6016  (slabs=1)
67108864 particles on task=6017  (slabs=1)
67108864 particles on task=6018  (slabs=1)
67108864 particles on task=6019  (slabs=1)
67108864 particles on task=6020  (slabs=1)
67108864 particles on task=6021  (slabs=1)
67108864 particles on task=6022  (slabs=1)
67108864 particles on task=6023  (slabs=1)
67108864 particles on task=6024  (slabs=1)
67108864 particles on task=6025  (slabs=1)
67108864 particles on task=6026  (slabs=1)
67108864 particles on task=6027  (slabs=1)
67108864 particles on task=6028  (slabs=1)
67108864 particles on task=6029  (slabs=1)
67108864 particles on task=6030  (slabs=1)
67108864 particles on task=6031  (slabs=1)
67108864 particles on task=6032  (slabs=1)
67108864 particles on task=6033  (slabs=1)
67108864 particles on task=6034  (slabs=1)
67108864 particles on task=6035  (slabs=1)
67108864 particles on task=6036  (slabs=1)
67108864 particles on task=6037  (slabs=1)
67108864 particles on task=6038  (slabs=1)
67108864 particles on task=6039  (slabs=1)
67108864 particles on task=6040  (slabs=1)
67108864 particles on task=6041  (slabs=1)
67108864 particles on task=6042  (slabs=1)
67108864 particles on task=6043  (slabs=1)
67108864 particles on task=6044  (slabs=1)
67108864 particles on task=6045  (slabs=1)
67108864 particles on task=6046  (slabs=1)
67108864 particles on task=6047  (slabs=1)
67108864 particles on task=6048  (slabs=1)
67108864 particles on task=6049  (slabs=1)
67108864 particles on task=6050  (slabs=1)
67108864 particles on task=6051  (slabs=1)
67108864 particles on task=6052  (slabs=1)
67108864 particles on task=6053  (slabs=1)
67108864 particles on task=6054  (slabs=1)
67108864 particles on task=6055  (slabs=1)
67108864 particles on task=6056  (slabs=1)
67108864 particles on task=6057  (slabs=1)
67108864 particles on task=6058  (slabs=1)
67108864 particles on task=6059  (slabs=1)
67108864 particles on task=6060  (slabs=1)
67108864 particles on task=6061  (slabs=1)
67108864 particles on task=6062  (slabs=1)
67108864 particles on task=6063  (slabs=1)
67108864 particles on task=6064  (slabs=1)
67108864 particles on task=6065  (slabs=1)
67108864 particles on task=6066  (slabs=1)
67108864 particles on task=6067  (slabs=1)
67108864 particles on task=6068  (slabs=1)
67108864 particles on task=6069  (slabs=1)
67108864 particles on task=6070  (slabs=1)
67108864 particles on task=6071  (slabs=1)
67108864 particles on task=6072  (slabs=1)
67108864 particles on task=6073  (slabs=1)
67108864 particles on task=6074  (slabs=1)
67108864 particles on task=6075  (slabs=1)
67108864 particles on task=6076  (slabs=1)
67108864 particles on task=6077  (slabs=1)
67108864 particles on task=6078  (slabs=1)
67108864 particles on task=6079  (slabs=1)
67108864 particles on task=6080  (slabs=1)
67108864 particles on task=6081  (slabs=1)
67108864 particles on task=6082  (slabs=1)
67108864 particles on task=6083  (slabs=1)
67108864 particles on task=6084  (slabs=1)
67108864 particles on task=6085  (slabs=1)
67108864 particles on task=6086  (slabs=1)
67108864 particles on task=6087  (slabs=1)
67108864 particles on task=6088  (slabs=1)
67108864 particles on task=6089  (slabs=1)
67108864 particles on task=6090  (slabs=1)
67108864 particles on task=6091  (slabs=1)
67108864 particles on task=6092  (slabs=1)
67108864 particles on task=6093  (slabs=1)
67108864 particles on task=6094  (slabs=1)
67108864 particles on task=6095  (slabs=1)
67108864 particles on task=6096  (slabs=1)
67108864 particles on task=6097  (slabs=1)
67108864 particles on task=6098  (slabs=1)
67108864 particles on task=6099  (slabs=1)
67108864 particles on task=6100  (slabs=1)
67108864 particles on task=6101  (slabs=1)
67108864 particles on task=6102  (slabs=1)
67108864 particles on task=6103  (slabs=1)
67108864 particles on task=6104  (slabs=1)
67108864 particles on task=6105  (slabs=1)
67108864 particles on task=6106  (slabs=1)
67108864 particles on task=6107  (slabs=1)
67108864 particles on task=6108  (slabs=1)
67108864 particles on task=6109  (slabs=1)
67108864 particles on task=6110  (slabs=1)
67108864 particles on task=6111  (slabs=1)
67108864 particles on task=6112  (slabs=1)
67108864 particles on task=6113  (slabs=1)
67108864 particles on task=6114  (slabs=1)
67108864 particles on task=6115  (slabs=1)
67108864 particles on task=6116  (slabs=1)
67108864 particles on task=6117  (slabs=1)
67108864 particles on task=6118  (slabs=1)
67108864 particles on task=6119  (slabs=1)
67108864 particles on task=6120  (slabs=1)
67108864 particles on task=6121  (slabs=1)
67108864 particles on task=6122  (slabs=1)
67108864 particles on task=6123  (slabs=1)
67108864 particles on task=6124  (slabs=1)
67108864 particles on task=6125  (slabs=1)
67108864 particles on task=6126  (slabs=1)
67108864 particles on task=6127  (slabs=1)
67108864 particles on task=6128  (slabs=1)
67108864 particles on task=6129  (slabs=1)
67108864 particles on task=6130  (slabs=1)
67108864 particles on task=6131  (slabs=1)
67108864 particles on task=6132  (slabs=1)
67108864 particles on task=6133  (slabs=1)
67108864 particles on task=6134  (slabs=1)
67108864 particles on task=6135  (slabs=1)
67108864 particles on task=6136  (slabs=1)
67108864 particles on task=6137  (slabs=1)
67108864 particles on task=6138  (slabs=1)
67108864 particles on task=6139  (slabs=1)
67108864 particles on task=6140  (slabs=1)
67108864 particles on task=6141  (slabs=1)
67108864 particles on task=6142  (slabs=1)
67108864 particles on task=6143  (slabs=1)
67108864 particles on task=6144  (slabs=1)
67108864 particles on task=6145  (slabs=1)
67108864 particles on task=6146  (slabs=1)
67108864 particles on task=6147  (slabs=1)
67108864 particles on task=6148  (slabs=1)
67108864 particles on task=6149  (slabs=1)
67108864 particles on task=6150  (slabs=1)
67108864 particles on task=6151  (slabs=1)
67108864 particles on task=6152  (slabs=1)
67108864 particles on task=6153  (slabs=1)
67108864 particles on task=6154  (slabs=1)
67108864 particles on task=6155  (slabs=1)
67108864 particles on task=6156  (slabs=1)
67108864 particles on task=6157  (slabs=1)
67108864 particles on task=6158  (slabs=1)
67108864 particles on task=6159  (slabs=1)
67108864 particles on task=6160  (slabs=1)
67108864 particles on task=6161  (slabs=1)
67108864 particles on task=6162  (slabs=1)
67108864 particles on task=6163  (slabs=1)
67108864 particles on task=6164  (slabs=1)
67108864 particles on task=6165  (slabs=1)
67108864 particles on task=6166  (slabs=1)
67108864 particles on task=6167  (slabs=1)
67108864 particles on task=6168  (slabs=1)
67108864 particles on task=6169  (slabs=1)
67108864 particles on task=6170  (slabs=1)
67108864 particles on task=6171  (slabs=1)
67108864 particles on task=6172  (slabs=1)
67108864 particles on task=6173  (slabs=1)
67108864 particles on task=6174  (slabs=1)
67108864 particles on task=6175  (slabs=1)
67108864 particles on task=6176  (slabs=1)
67108864 particles on task=6177  (slabs=1)
67108864 particles on task=6178  (slabs=1)
67108864 particles on task=6179  (slabs=1)
67108864 particles on task=6180  (slabs=1)
67108864 particles on task=6181  (slabs=1)
67108864 particles on task=6182  (slabs=1)
67108864 particles on task=6183  (slabs=1)
67108864 particles on task=6184  (slabs=1)
67108864 particles on task=6185  (slabs=1)
67108864 particles on task=6186  (slabs=1)
67108864 particles on task=6187  (slabs=1)
67108864 particles on task=6188  (slabs=1)
67108864 particles on task=6189  (slabs=1)
67108864 particles on task=6190  (slabs=1)
67108864 particles on task=6191  (slabs=1)
67108864 particles on task=6192  (slabs=1)
67108864 particles on task=6193  (slabs=1)
67108864 particles on task=6194  (slabs=1)
67108864 particles on task=6195  (slabs=1)
67108864 particles on task=6196  (slabs=1)
67108864 particles on task=6197  (slabs=1)
67108864 particles on task=6198  (slabs=1)
67108864 particles on task=6199  (slabs=1)
67108864 particles on task=6200  (slabs=1)
67108864 particles on task=6201  (slabs=1)
67108864 particles on task=6202  (slabs=1)
67108864 particles on task=6203  (slabs=1)
67108864 particles on task=6204  (slabs=1)
67108864 particles on task=6205  (slabs=1)
67108864 particles on task=6206  (slabs=1)
67108864 particles on task=6207  (slabs=1)
67108864 particles on task=6208  (slabs=1)
67108864 particles on task=6209  (slabs=1)
67108864 particles on task=6210  (slabs=1)
67108864 particles on task=6211  (slabs=1)
67108864 particles on task=6212  (slabs=1)
67108864 particles on task=6213  (slabs=1)
67108864 particles on task=6214  (slabs=1)
67108864 particles on task=6215  (slabs=1)
67108864 particles on task=6216  (slabs=1)
67108864 particles on task=6217  (slabs=1)
67108864 particles on task=6218  (slabs=1)
67108864 particles on task=6219  (slabs=1)
67108864 particles on task=6220  (slabs=1)
67108864 particles on task=6221  (slabs=1)
67108864 particles on task=6222  (slabs=1)
67108864 particles on task=6223  (slabs=1)
67108864 particles on task=6224  (slabs=1)
67108864 particles on task=6225  (slabs=1)
67108864 particles on task=6226  (slabs=1)
67108864 particles on task=6227  (slabs=1)
67108864 particles on task=6228  (slabs=1)
67108864 particles on task=6229  (slabs=1)
67108864 particles on task=6230  (slabs=1)
67108864 particles on task=6231  (slabs=1)
67108864 particles on task=6232  (slabs=1)
67108864 particles on task=6233  (slabs=1)
67108864 particles on task=6234  (slabs=1)
67108864 particles on task=6235  (slabs=1)
67108864 particles on task=6236  (slabs=1)
67108864 particles on task=6237  (slabs=1)
67108864 particles on task=6238  (slabs=1)
67108864 particles on task=6239  (slabs=1)
67108864 particles on task=6240  (slabs=1)
67108864 particles on task=6241  (slabs=1)
67108864 particles on task=6242  (slabs=1)
67108864 particles on task=6243  (slabs=1)
67108864 particles on task=6244  (slabs=1)
67108864 particles on task=6245  (slabs=1)
67108864 particles on task=6246  (slabs=1)
67108864 particles on task=6247  (slabs=1)
67108864 particles on task=6248  (slabs=1)
67108864 particles on task=6249  (slabs=1)
67108864 particles on task=6250  (slabs=1)
67108864 particles on task=6251  (slabs=1)
67108864 particles on task=6252  (slabs=1)
67108864 particles on task=6253  (slabs=1)
67108864 particles on task=6254  (slabs=1)
67108864 particles on task=6255  (slabs=1)
67108864 particles on task=6256  (slabs=1)
67108864 particles on task=6257  (slabs=1)
67108864 particles on task=6258  (slabs=1)
67108864 particles on task=6259  (slabs=1)
67108864 particles on task=6260  (slabs=1)
67108864 particles on task=6261  (slabs=1)
67108864 particles on task=6262  (slabs=1)
67108864 particles on task=6263  (slabs=1)
67108864 particles on task=6264  (slabs=1)
67108864 particles on task=6265  (slabs=1)
67108864 particles on task=6266  (slabs=1)
67108864 particles on task=6267  (slabs=1)
67108864 particles on task=6268  (slabs=1)
67108864 particles on task=6269  (slabs=1)
67108864 particles on task=6270  (slabs=1)
67108864 particles on task=6271  (slabs=1)
67108864 particles on task=6272  (slabs=1)
67108864 particles on task=6273  (slabs=1)
67108864 particles on task=6274  (slabs=1)
67108864 particles on task=6275  (slabs=1)
67108864 particles on task=6276  (slabs=1)
67108864 particles on task=6277  (slabs=1)
67108864 particles on task=6278  (slabs=1)
67108864 particles on task=6279  (slabs=1)
67108864 particles on task=6280  (slabs=1)
67108864 particles on task=6281  (slabs=1)
67108864 particles on task=6282  (slabs=1)
67108864 particles on task=6283  (slabs=1)
67108864 particles on task=6284  (slabs=1)
67108864 particles on task=6285  (slabs=1)
67108864 particles on task=6286  (slabs=1)
67108864 particles on task=6287  (slabs=1)
67108864 particles on task=6288  (slabs=1)
67108864 particles on task=6289  (slabs=1)
67108864 particles on task=6290  (slabs=1)
67108864 particles on task=6291  (slabs=1)
67108864 particles on task=6292  (slabs=1)
67108864 particles on task=6293  (slabs=1)
67108864 particles on task=6294  (slabs=1)
67108864 particles on task=6295  (slabs=1)
67108864 particles on task=6296  (slabs=1)
67108864 particles on task=6297  (slabs=1)
67108864 particles on task=6298  (slabs=1)
67108864 particles on task=6299  (slabs=1)
67108864 particles on task=6300  (slabs=1)
67108864 particles on task=6301  (slabs=1)
67108864 particles on task=6302  (slabs=1)
67108864 particles on task=6303  (slabs=1)
67108864 particles on task=6304  (slabs=1)
67108864 particles on task=6305  (slabs=1)
67108864 particles on task=6306  (slabs=1)
67108864 particles on task=6307  (slabs=1)
67108864 particles on task=6308  (slabs=1)
67108864 particles on task=6309  (slabs=1)
67108864 particles on task=6310  (slabs=1)
67108864 particles on task=6311  (slabs=1)
67108864 particles on task=6312  (slabs=1)
67108864 particles on task=6313  (slabs=1)
67108864 particles on task=6314  (slabs=1)
67108864 particles on task=6315  (slabs=1)
67108864 particles on task=6316  (slabs=1)
67108864 particles on task=6317  (slabs=1)
67108864 particles on task=6318  (slabs=1)
67108864 particles on task=6319  (slabs=1)
67108864 particles on task=6320  (slabs=1)
67108864 particles on task=6321  (slabs=1)
67108864 particles on task=6322  (slabs=1)
67108864 particles on task=6323  (slabs=1)
67108864 particles on task=6324  (slabs=1)
67108864 particles on task=6325  (slabs=1)
67108864 particles on task=6326  (slabs=1)
67108864 particles on task=6327  (slabs=1)
67108864 particles on task=6328  (slabs=1)
67108864 particles on task=6329  (slabs=1)
67108864 particles on task=6330  (slabs=1)
67108864 particles on task=6331  (slabs=1)
67108864 particles on task=6332  (slabs=1)
67108864 particles on task=6333  (slabs=1)
67108864 particles on task=6334  (slabs=1)
67108864 particles on task=6335  (slabs=1)
67108864 particles on task=6336  (slabs=1)
67108864 particles on task=6337  (slabs=1)
67108864 particles on task=6338  (slabs=1)
67108864 particles on task=6339  (slabs=1)
67108864 particles on task=6340  (slabs=1)
67108864 particles on task=6341  (slabs=1)
67108864 particles on task=6342  (slabs=1)
67108864 particles on task=6343  (slabs=1)
67108864 particles on task=6344  (slabs=1)
67108864 particles on task=6345  (slabs=1)
67108864 particles on task=6346  (slabs=1)
67108864 particles on task=6347  (slabs=1)
67108864 particles on task=6348  (slabs=1)
67108864 particles on task=6349  (slabs=1)
67108864 particles on task=6350  (slabs=1)
67108864 particles on task=6351  (slabs=1)
67108864 particles on task=6352  (slabs=1)
67108864 particles on task=6353  (slabs=1)
67108864 particles on task=6354  (slabs=1)
67108864 particles on task=6355  (slabs=1)
67108864 particles on task=6356  (slabs=1)
67108864 particles on task=6357  (slabs=1)
67108864 particles on task=6358  (slabs=1)
67108864 particles on task=6359  (slabs=1)
67108864 particles on task=6360  (slabs=1)
67108864 particles on task=6361  (slabs=1)
67108864 particles on task=6362  (slabs=1)
67108864 particles on task=6363  (slabs=1)
67108864 particles on task=6364  (slabs=1)
67108864 particles on task=6365  (slabs=1)
67108864 particles on task=6366  (slabs=1)
67108864 particles on task=6367  (slabs=1)
67108864 particles on task=6368  (slabs=1)
67108864 particles on task=6369  (slabs=1)
67108864 particles on task=6370  (slabs=1)
67108864 particles on task=6371  (slabs=1)
67108864 particles on task=6372  (slabs=1)
67108864 particles on task=6373  (slabs=1)
67108864 particles on task=6374  (slabs=1)
67108864 particles on task=6375  (slabs=1)
67108864 particles on task=6376  (slabs=1)
67108864 particles on task=6377  (slabs=1)
67108864 particles on task=6378  (slabs=1)
67108864 particles on task=6379  (slabs=1)
67108864 particles on task=6380  (slabs=1)
67108864 particles on task=6381  (slabs=1)
67108864 particles on task=6382  (slabs=1)
67108864 particles on task=6383  (slabs=1)
67108864 particles on task=6384  (slabs=1)
67108864 particles on task=6385  (slabs=1)
67108864 particles on task=6386  (slabs=1)
67108864 particles on task=6387  (slabs=1)
67108864 particles on task=6388  (slabs=1)
67108864 particles on task=6389  (slabs=1)
67108864 particles on task=6390  (slabs=1)
67108864 particles on task=6391  (slabs=1)
67108864 particles on task=6392  (slabs=1)
67108864 particles on task=6393  (slabs=1)
67108864 particles on task=6394  (slabs=1)
67108864 particles on task=6395  (slabs=1)
67108864 particles on task=6396  (slabs=1)
67108864 particles on task=6397  (slabs=1)
67108864 particles on task=6398  (slabs=1)
67108864 particles on task=6399  (slabs=1)
67108864 particles on task=6400  (slabs=1)
67108864 particles on task=6401  (slabs=1)
67108864 particles on task=6402  (slabs=1)
67108864 particles on task=6403  (slabs=1)
67108864 particles on task=6404  (slabs=1)
67108864 particles on task=6405  (slabs=1)
67108864 particles on task=6406  (slabs=1)
67108864 particles on task=6407  (slabs=1)
67108864 particles on task=6408  (slabs=1)
67108864 particles on task=6409  (slabs=1)
67108864 particles on task=6410  (slabs=1)
67108864 particles on task=6411  (slabs=1)
67108864 particles on task=6412  (slabs=1)
67108864 particles on task=6413  (slabs=1)
67108864 particles on task=6414  (slabs=1)
67108864 particles on task=6415  (slabs=1)
67108864 particles on task=6416  (slabs=1)
67108864 particles on task=6417  (slabs=1)
67108864 particles on task=6418  (slabs=1)
67108864 particles on task=6419  (slabs=1)
67108864 particles on task=6420  (slabs=1)
67108864 particles on task=6421  (slabs=1)
67108864 particles on task=6422  (slabs=1)
67108864 particles on task=6423  (slabs=1)
67108864 particles on task=6424  (slabs=1)
67108864 particles on task=6425  (slabs=1)
67108864 particles on task=6426  (slabs=1)
67108864 particles on task=6427  (slabs=1)
67108864 particles on task=6428  (slabs=1)
67108864 particles on task=6429  (slabs=1)
67108864 particles on task=6430  (slabs=1)
67108864 particles on task=6431  (slabs=1)
67108864 particles on task=6432  (slabs=1)
67108864 particles on task=6433  (slabs=1)
67108864 particles on task=6434  (slabs=1)
67108864 particles on task=6435  (slabs=1)
67108864 particles on task=6436  (slabs=1)
67108864 particles on task=6437  (slabs=1)
67108864 particles on task=6438  (slabs=1)
67108864 particles on task=6439  (slabs=1)
67108864 particles on task=6440  (slabs=1)
67108864 particles on task=6441  (slabs=1)
67108864 particles on task=6442  (slabs=1)
67108864 particles on task=6443  (slabs=1)
67108864 particles on task=6444  (slabs=1)
67108864 particles on task=6445  (slabs=1)
67108864 particles on task=6446  (slabs=1)
67108864 particles on task=6447  (slabs=1)
67108864 particles on task=6448  (slabs=1)
67108864 particles on task=6449  (slabs=1)
67108864 particles on task=6450  (slabs=1)
67108864 particles on task=6451  (slabs=1)
67108864 particles on task=6452  (slabs=1)
67108864 particles on task=6453  (slabs=1)
67108864 particles on task=6454  (slabs=1)
67108864 particles on task=6455  (slabs=1)
67108864 particles on task=6456  (slabs=1)
67108864 particles on task=6457  (slabs=1)
67108864 particles on task=6458  (slabs=1)
67108864 particles on task=6459  (slabs=1)
67108864 particles on task=6460  (slabs=1)
67108864 particles on task=6461  (slabs=1)
67108864 particles on task=6462  (slabs=1)
67108864 particles on task=6463  (slabs=1)
67108864 particles on task=6464  (slabs=1)
67108864 particles on task=6465  (slabs=1)
67108864 particles on task=6466  (slabs=1)
67108864 particles on task=6467  (slabs=1)
67108864 particles on task=6468  (slabs=1)
67108864 particles on task=6469  (slabs=1)
67108864 particles on task=6470  (slabs=1)
67108864 particles on task=6471  (slabs=1)
67108864 particles on task=6472  (slabs=1)
67108864 particles on task=6473  (slabs=1)
67108864 particles on task=6474  (slabs=1)
67108864 particles on task=6475  (slabs=1)
67108864 particles on task=6476  (slabs=1)
67108864 particles on task=6477  (slabs=1)
67108864 particles on task=6478  (slabs=1)
67108864 particles on task=6479  (slabs=1)
67108864 particles on task=6480  (slabs=1)
67108864 particles on task=6481  (slabs=1)
67108864 particles on task=6482  (slabs=1)
67108864 particles on task=6483  (slabs=1)
67108864 particles on task=6484  (slabs=1)
67108864 particles on task=6485  (slabs=1)
67108864 particles on task=6486  (slabs=1)
67108864 particles on task=6487  (slabs=1)
67108864 particles on task=6488  (slabs=1)
67108864 particles on task=6489  (slabs=1)
67108864 particles on task=6490  (slabs=1)
67108864 particles on task=6491  (slabs=1)
67108864 particles on task=6492  (slabs=1)
67108864 particles on task=6493  (slabs=1)
67108864 particles on task=6494  (slabs=1)
67108864 particles on task=6495  (slabs=1)
67108864 particles on task=6496  (slabs=1)
67108864 particles on task=6497  (slabs=1)
67108864 particles on task=6498  (slabs=1)
67108864 particles on task=6499  (slabs=1)
67108864 particles on task=6500  (slabs=1)
67108864 particles on task=6501  (slabs=1)
67108864 particles on task=6502  (slabs=1)
67108864 particles on task=6503  (slabs=1)
67108864 particles on task=6504  (slabs=1)
67108864 particles on task=6505  (slabs=1)
67108864 particles on task=6506  (slabs=1)
67108864 particles on task=6507  (slabs=1)
67108864 particles on task=6508  (slabs=1)
67108864 particles on task=6509  (slabs=1)
67108864 particles on task=6510  (slabs=1)
67108864 particles on task=6511  (slabs=1)
67108864 particles on task=6512  (slabs=1)
67108864 particles on task=6513  (slabs=1)
67108864 particles on task=6514  (slabs=1)
67108864 particles on task=6515  (slabs=1)
67108864 particles on task=6516  (slabs=1)
67108864 particles on task=6517  (slabs=1)
67108864 particles on task=6518  (slabs=1)
67108864 particles on task=6519  (slabs=1)
67108864 particles on task=6520  (slabs=1)
67108864 particles on task=6521  (slabs=1)
67108864 particles on task=6522  (slabs=1)
67108864 particles on task=6523  (slabs=1)
67108864 particles on task=6524  (slabs=1)
67108864 particles on task=6525  (slabs=1)
67108864 particles on task=6526  (slabs=1)
67108864 particles on task=6527  (slabs=1)
67108864 particles on task=6528  (slabs=1)
67108864 particles on task=6529  (slabs=1)
67108864 particles on task=6530  (slabs=1)
67108864 particles on task=6531  (slabs=1)
67108864 particles on task=6532  (slabs=1)
67108864 particles on task=6533  (slabs=1)
67108864 particles on task=6534  (slabs=1)
67108864 particles on task=6535  (slabs=1)
67108864 particles on task=6536  (slabs=1)
67108864 particles on task=6537  (slabs=1)
67108864 particles on task=6538  (slabs=1)
67108864 particles on task=6539  (slabs=1)
67108864 particles on task=6540  (slabs=1)
67108864 particles on task=6541  (slabs=1)
67108864 particles on task=6542  (slabs=1)
67108864 particles on task=6543  (slabs=1)
67108864 particles on task=6544  (slabs=1)
67108864 particles on task=6545  (slabs=1)
67108864 particles on task=6546  (slabs=1)
67108864 particles on task=6547  (slabs=1)
67108864 particles on task=6548  (slabs=1)
67108864 particles on task=6549  (slabs=1)
67108864 particles on task=6550  (slabs=1)
67108864 particles on task=6551  (slabs=1)
67108864 particles on task=6552  (slabs=1)
67108864 particles on task=6553  (slabs=1)
67108864 particles on task=6554  (slabs=1)
67108864 particles on task=6555  (slabs=1)
67108864 particles on task=6556  (slabs=1)
67108864 particles on task=6557  (slabs=1)
67108864 particles on task=6558  (slabs=1)
67108864 particles on task=6559  (slabs=1)
67108864 particles on task=6560  (slabs=1)
67108864 particles on task=6561  (slabs=1)
67108864 particles on task=6562  (slabs=1)
67108864 particles on task=6563  (slabs=1)
67108864 particles on task=6564  (slabs=1)
67108864 particles on task=6565  (slabs=1)
67108864 particles on task=6566  (slabs=1)
67108864 particles on task=6567  (slabs=1)
67108864 particles on task=6568  (slabs=1)
67108864 particles on task=6569  (slabs=1)
67108864 particles on task=6570  (slabs=1)
67108864 particles on task=6571  (slabs=1)
67108864 particles on task=6572  (slabs=1)
67108864 particles on task=6573  (slabs=1)
67108864 particles on task=6574  (slabs=1)
67108864 particles on task=6575  (slabs=1)
67108864 particles on task=6576  (slabs=1)
67108864 particles on task=6577  (slabs=1)
67108864 particles on task=6578  (slabs=1)
67108864 particles on task=6579  (slabs=1)
67108864 particles on task=6580  (slabs=1)
67108864 particles on task=6581  (slabs=1)
67108864 particles on task=6582  (slabs=1)
67108864 particles on task=6583  (slabs=1)
67108864 particles on task=6584  (slabs=1)
67108864 particles on task=6585  (slabs=1)
67108864 particles on task=6586  (slabs=1)
67108864 particles on task=6587  (slabs=1)
67108864 particles on task=6588  (slabs=1)
67108864 particles on task=6589  (slabs=1)
67108864 particles on task=6590  (slabs=1)
67108864 particles on task=6591  (slabs=1)
67108864 particles on task=6592  (slabs=1)
67108864 particles on task=6593  (slabs=1)
67108864 particles on task=6594  (slabs=1)
67108864 particles on task=6595  (slabs=1)
67108864 particles on task=6596  (slabs=1)
67108864 particles on task=6597  (slabs=1)
67108864 particles on task=6598  (slabs=1)
67108864 particles on task=6599  (slabs=1)
67108864 particles on task=6600  (slabs=1)
67108864 particles on task=6601  (slabs=1)
67108864 particles on task=6602  (slabs=1)
67108864 particles on task=6603  (slabs=1)
67108864 particles on task=6604  (slabs=1)
67108864 particles on task=6605  (slabs=1)
67108864 particles on task=6606  (slabs=1)
67108864 particles on task=6607  (slabs=1)
67108864 particles on task=6608  (slabs=1)
67108864 particles on task=6609  (slabs=1)
67108864 particles on task=6610  (slabs=1)
67108864 particles on task=6611  (slabs=1)
67108864 particles on task=6612  (slabs=1)
67108864 particles on task=6613  (slabs=1)
67108864 particles on task=6614  (slabs=1)
67108864 particles on task=6615  (slabs=1)
67108864 particles on task=6616  (slabs=1)
67108864 particles on task=6617  (slabs=1)
67108864 particles on task=6618  (slabs=1)
67108864 particles on task=6619  (slabs=1)
67108864 particles on task=6620  (slabs=1)
67108864 particles on task=6621  (slabs=1)
67108864 particles on task=6622  (slabs=1)
67108864 particles on task=6623  (slabs=1)
67108864 particles on task=6624  (slabs=1)
67108864 particles on task=6625  (slabs=1)
67108864 particles on task=6626  (slabs=1)
67108864 particles on task=6627  (slabs=1)
67108864 particles on task=6628  (slabs=1)
67108864 particles on task=6629  (slabs=1)
67108864 particles on task=6630  (slabs=1)
67108864 particles on task=6631  (slabs=1)
67108864 particles on task=6632  (slabs=1)
67108864 particles on task=6633  (slabs=1)
67108864 particles on task=6634  (slabs=1)
67108864 particles on task=6635  (slabs=1)
67108864 particles on task=6636  (slabs=1)
67108864 particles on task=6637  (slabs=1)
67108864 particles on task=6638  (slabs=1)
67108864 particles on task=6639  (slabs=1)
67108864 particles on task=6640  (slabs=1)
67108864 particles on task=6641  (slabs=1)
67108864 particles on task=6642  (slabs=1)
67108864 particles on task=6643  (slabs=1)
67108864 particles on task=6644  (slabs=1)
67108864 particles on task=6645  (slabs=1)
67108864 particles on task=6646  (slabs=1)
67108864 particles on task=6647  (slabs=1)
67108864 particles on task=6648  (slabs=1)
67108864 particles on task=6649  (slabs=1)
67108864 particles on task=6650  (slabs=1)
67108864 particles on task=6651  (slabs=1)
67108864 particles on task=6652  (slabs=1)
67108864 particles on task=6653  (slabs=1)
67108864 particles on task=6654  (slabs=1)
67108864 particles on task=6655  (slabs=1)
67108864 particles on task=6656  (slabs=1)
67108864 particles on task=6657  (slabs=1)
67108864 particles on task=6658  (slabs=1)
67108864 particles on task=6659  (slabs=1)
67108864 particles on task=6660  (slabs=1)
67108864 particles on task=6661  (slabs=1)
67108864 particles on task=6662  (slabs=1)
67108864 particles on task=6663  (slabs=1)
67108864 particles on task=6664  (slabs=1)
67108864 particles on task=6665  (slabs=1)
67108864 particles on task=6666  (slabs=1)
67108864 particles on task=6667  (slabs=1)
67108864 particles on task=6668  (slabs=1)
67108864 particles on task=6669  (slabs=1)
67108864 particles on task=6670  (slabs=1)
67108864 particles on task=6671  (slabs=1)
67108864 particles on task=6672  (slabs=1)
67108864 particles on task=6673  (slabs=1)
67108864 particles on task=6674  (slabs=1)
67108864 particles on task=6675  (slabs=1)
67108864 particles on task=6676  (slabs=1)
67108864 particles on task=6677  (slabs=1)
67108864 particles on task=6678  (slabs=1)
67108864 particles on task=6679  (slabs=1)
67108864 particles on task=6680  (slabs=1)
67108864 particles on task=6681  (slabs=1)
67108864 particles on task=6682  (slabs=1)
67108864 particles on task=6683  (slabs=1)
67108864 particles on task=6684  (slabs=1)
67108864 particles on task=6685  (slabs=1)
67108864 particles on task=6686  (slabs=1)
67108864 particles on task=6687  (slabs=1)
67108864 particles on task=6688  (slabs=1)
67108864 particles on task=6689  (slabs=1)
67108864 particles on task=6690  (slabs=1)
67108864 particles on task=6691  (slabs=1)
67108864 particles on task=6692  (slabs=1)
67108864 particles on task=6693  (slabs=1)
67108864 particles on task=6694  (slabs=1)
67108864 particles on task=6695  (slabs=1)
67108864 particles on task=6696  (slabs=1)
67108864 particles on task=6697  (slabs=1)
67108864 particles on task=6698  (slabs=1)
67108864 particles on task=6699  (slabs=1)
67108864 particles on task=6700  (slabs=1)
67108864 particles on task=6701  (slabs=1)
67108864 particles on task=6702  (slabs=1)
67108864 particles on task=6703  (slabs=1)
67108864 particles on task=6704  (slabs=1)
67108864 particles on task=6705  (slabs=1)
67108864 particles on task=6706  (slabs=1)
67108864 particles on task=6707  (slabs=1)
67108864 particles on task=6708  (slabs=1)
67108864 particles on task=6709  (slabs=1)
67108864 particles on task=6710  (slabs=1)
67108864 particles on task=6711  (slabs=1)
67108864 particles on task=6712  (slabs=1)
67108864 particles on task=6713  (slabs=1)
67108864 particles on task=6714  (slabs=1)
67108864 particles on task=6715  (slabs=1)
67108864 particles on task=6716  (slabs=1)
67108864 particles on task=6717  (slabs=1)
67108864 particles on task=6718  (slabs=1)
67108864 particles on task=6719  (slabs=1)
67108864 particles on task=6720  (slabs=1)
67108864 particles on task=6721  (slabs=1)
67108864 particles on task=6722  (slabs=1)
67108864 particles on task=6723  (slabs=1)
67108864 particles on task=6724  (slabs=1)
67108864 particles on task=6725  (slabs=1)
67108864 particles on task=6726  (slabs=1)
67108864 particles on task=6727  (slabs=1)
67108864 particles on task=6728  (slabs=1)
67108864 particles on task=6729  (slabs=1)
67108864 particles on task=6730  (slabs=1)
67108864 particles on task=6731  (slabs=1)
67108864 particles on task=6732  (slabs=1)
67108864 particles on task=6733  (slabs=1)
67108864 particles on task=6734  (slabs=1)
67108864 particles on task=6735  (slabs=1)
67108864 particles on task=6736  (slabs=1)
67108864 particles on task=6737  (slabs=1)
67108864 particles on task=6738  (slabs=1)
67108864 particles on task=6739  (slabs=1)
67108864 particles on task=6740  (slabs=1)
67108864 particles on task=6741  (slabs=1)
67108864 particles on task=6742  (slabs=1)
67108864 particles on task=6743  (slabs=1)
67108864 particles on task=6744  (slabs=1)
67108864 particles on task=6745  (slabs=1)
67108864 particles on task=6746  (slabs=1)
67108864 particles on task=6747  (slabs=1)
67108864 particles on task=6748  (slabs=1)
67108864 particles on task=6749  (slabs=1)
67108864 particles on task=6750  (slabs=1)
67108864 particles on task=6751  (slabs=1)
67108864 particles on task=6752  (slabs=1)
67108864 particles on task=6753  (slabs=1)
67108864 particles on task=6754  (slabs=1)
67108864 particles on task=6755  (slabs=1)
67108864 particles on task=6756  (slabs=1)
67108864 particles on task=6757  (slabs=1)
67108864 particles on task=6758  (slabs=1)
67108864 particles on task=6759  (slabs=1)
67108864 particles on task=6760  (slabs=1)
67108864 particles on task=6761  (slabs=1)
67108864 particles on task=6762  (slabs=1)
67108864 particles on task=6763  (slabs=1)
67108864 particles on task=6764  (slabs=1)
67108864 particles on task=6765  (slabs=1)
67108864 particles on task=6766  (slabs=1)
67108864 particles on task=6767  (slabs=1)
67108864 particles on task=6768  (slabs=1)
67108864 particles on task=6769  (slabs=1)
67108864 particles on task=6770  (slabs=1)
67108864 particles on task=6771  (slabs=1)
67108864 particles on task=6772  (slabs=1)
67108864 particles on task=6773  (slabs=1)
67108864 particles on task=6774  (slabs=1)
67108864 particles on task=6775  (slabs=1)
67108864 particles on task=6776  (slabs=1)
67108864 particles on task=6777  (slabs=1)
67108864 particles on task=6778  (slabs=1)
67108864 particles on task=6779  (slabs=1)
67108864 particles on task=6780  (slabs=1)
67108864 particles on task=6781  (slabs=1)
67108864 particles on task=6782  (slabs=1)
67108864 particles on task=6783  (slabs=1)
67108864 particles on task=6784  (slabs=1)
67108864 particles on task=6785  (slabs=1)
67108864 particles on task=6786  (slabs=1)
67108864 particles on task=6787  (slabs=1)
67108864 particles on task=6788  (slabs=1)
67108864 particles on task=6789  (slabs=1)
67108864 particles on task=6790  (slabs=1)
67108864 particles on task=6791  (slabs=1)
67108864 particles on task=6792  (slabs=1)
67108864 particles on task=6793  (slabs=1)
67108864 particles on task=6794  (slabs=1)
67108864 particles on task=6795  (slabs=1)
67108864 particles on task=6796  (slabs=1)
67108864 particles on task=6797  (slabs=1)
67108864 particles on task=6798  (slabs=1)
67108864 particles on task=6799  (slabs=1)
67108864 particles on task=6800  (slabs=1)
67108864 particles on task=6801  (slabs=1)
67108864 particles on task=6802  (slabs=1)
67108864 particles on task=6803  (slabs=1)
67108864 particles on task=6804  (slabs=1)
67108864 particles on task=6805  (slabs=1)
67108864 particles on task=6806  (slabs=1)
67108864 particles on task=6807  (slabs=1)
67108864 particles on task=6808  (slabs=1)
67108864 particles on task=6809  (slabs=1)
67108864 particles on task=6810  (slabs=1)
67108864 particles on task=6811  (slabs=1)
67108864 particles on task=6812  (slabs=1)
67108864 particles on task=6813  (slabs=1)
67108864 particles on task=6814  (slabs=1)
67108864 particles on task=6815  (slabs=1)
67108864 particles on task=6816  (slabs=1)
67108864 particles on task=6817  (slabs=1)
67108864 particles on task=6818  (slabs=1)
67108864 particles on task=6819  (slabs=1)
67108864 particles on task=6820  (slabs=1)
67108864 particles on task=6821  (slabs=1)
67108864 particles on task=6822  (slabs=1)
67108864 particles on task=6823  (slabs=1)
67108864 particles on task=6824  (slabs=1)
67108864 particles on task=6825  (slabs=1)
67108864 particles on task=6826  (slabs=1)
67108864 particles on task=6827  (slabs=1)
67108864 particles on task=6828  (slabs=1)
67108864 particles on task=6829  (slabs=1)
67108864 particles on task=6830  (slabs=1)
67108864 particles on task=6831  (slabs=1)
67108864 particles on task=6832  (slabs=1)
67108864 particles on task=6833  (slabs=1)
67108864 particles on task=6834  (slabs=1)
67108864 particles on task=6835  (slabs=1)
67108864 particles on task=6836  (slabs=1)
67108864 particles on task=6837  (slabs=1)
67108864 particles on task=6838  (slabs=1)
67108864 particles on task=6839  (slabs=1)
67108864 particles on task=6840  (slabs=1)
67108864 particles on task=6841  (slabs=1)
67108864 particles on task=6842  (slabs=1)
67108864 particles on task=6843  (slabs=1)
67108864 particles on task=6844  (slabs=1)
67108864 particles on task=6845  (slabs=1)
67108864 particles on task=6846  (slabs=1)
67108864 particles on task=6847  (slabs=1)
67108864 particles on task=6848  (slabs=1)
67108864 particles on task=6849  (slabs=1)
67108864 particles on task=6850  (slabs=1)
67108864 particles on task=6851  (slabs=1)
67108864 particles on task=6852  (slabs=1)
67108864 particles on task=6853  (slabs=1)
67108864 particles on task=6854  (slabs=1)
67108864 particles on task=6855  (slabs=1)
67108864 particles on task=6856  (slabs=1)
67108864 particles on task=6857  (slabs=1)
67108864 particles on task=6858  (slabs=1)
67108864 particles on task=6859  (slabs=1)
67108864 particles on task=6860  (slabs=1)
67108864 particles on task=6861  (slabs=1)
67108864 particles on task=6862  (slabs=1)
67108864 particles on task=6863  (slabs=1)
67108864 particles on task=6864  (slabs=1)
67108864 particles on task=6865  (slabs=1)
67108864 particles on task=6866  (slabs=1)
67108864 particles on task=6867  (slabs=1)
67108864 particles on task=6868  (slabs=1)
67108864 particles on task=6869  (slabs=1)
67108864 particles on task=6870  (slabs=1)
67108864 particles on task=6871  (slabs=1)
67108864 particles on task=6872  (slabs=1)
67108864 particles on task=6873  (slabs=1)
67108864 particles on task=6874  (slabs=1)
67108864 particles on task=6875  (slabs=1)
67108864 particles on task=6876  (slabs=1)
67108864 particles on task=6877  (slabs=1)
67108864 particles on task=6878  (slabs=1)
67108864 particles on task=6879  (slabs=1)
67108864 particles on task=6880  (slabs=1)
67108864 particles on task=6881  (slabs=1)
67108864 particles on task=6882  (slabs=1)
67108864 particles on task=6883  (slabs=1)
67108864 particles on task=6884  (slabs=1)
67108864 particles on task=6885  (slabs=1)
67108864 particles on task=6886  (slabs=1)
67108864 particles on task=6887  (slabs=1)
67108864 particles on task=6888  (slabs=1)
67108864 particles on task=6889  (slabs=1)
67108864 particles on task=6890  (slabs=1)
67108864 particles on task=6891  (slabs=1)
67108864 particles on task=6892  (slabs=1)
67108864 particles on task=6893  (slabs=1)
67108864 particles on task=6894  (slabs=1)
67108864 particles on task=6895  (slabs=1)
67108864 particles on task=6896  (slabs=1)
67108864 particles on task=6897  (slabs=1)
67108864 particles on task=6898  (slabs=1)
67108864 particles on task=6899  (slabs=1)
67108864 particles on task=6900  (slabs=1)
67108864 particles on task=6901  (slabs=1)
67108864 particles on task=6902  (slabs=1)
67108864 particles on task=6903  (slabs=1)
67108864 particles on task=6904  (slabs=1)
67108864 particles on task=6905  (slabs=1)
67108864 particles on task=6906  (slabs=1)
67108864 particles on task=6907  (slabs=1)
67108864 particles on task=6908  (slabs=1)
67108864 particles on task=6909  (slabs=1)
67108864 particles on task=6910  (slabs=1)
67108864 particles on task=6911  (slabs=1)
67108864 particles on task=6912  (slabs=1)
67108864 particles on task=6913  (slabs=1)
67108864 particles on task=6914  (slabs=1)
67108864 particles on task=6915  (slabs=1)
67108864 particles on task=6916  (slabs=1)
67108864 particles on task=6917  (slabs=1)
67108864 particles on task=6918  (slabs=1)
67108864 particles on task=6919  (slabs=1)
67108864 particles on task=6920  (slabs=1)
67108864 particles on task=6921  (slabs=1)
67108864 particles on task=6922  (slabs=1)
67108864 particles on task=6923  (slabs=1)
67108864 particles on task=6924  (slabs=1)
67108864 particles on task=6925  (slabs=1)
67108864 particles on task=6926  (slabs=1)
67108864 particles on task=6927  (slabs=1)
67108864 particles on task=6928  (slabs=1)
67108864 particles on task=6929  (slabs=1)
67108864 particles on task=6930  (slabs=1)
67108864 particles on task=6931  (slabs=1)
67108864 particles on task=6932  (slabs=1)
67108864 particles on task=6933  (slabs=1)
67108864 particles on task=6934  (slabs=1)
67108864 particles on task=6935  (slabs=1)
67108864 particles on task=6936  (slabs=1)
67108864 particles on task=6937  (slabs=1)
67108864 particles on task=6938  (slabs=1)
67108864 particles on task=6939  (slabs=1)
67108864 particles on task=6940  (slabs=1)
67108864 particles on task=6941  (slabs=1)
67108864 particles on task=6942  (slabs=1)
67108864 particles on task=6943  (slabs=1)
67108864 particles on task=6944  (slabs=1)
67108864 particles on task=6945  (slabs=1)
67108864 particles on task=6946  (slabs=1)
67108864 particles on task=6947  (slabs=1)
67108864 particles on task=6948  (slabs=1)
67108864 particles on task=6949  (slabs=1)
67108864 particles on task=6950  (slabs=1)
67108864 particles on task=6951  (slabs=1)
67108864 particles on task=6952  (slabs=1)
67108864 particles on task=6953  (slabs=1)
67108864 particles on task=6954  (slabs=1)
67108864 particles on task=6955  (slabs=1)
67108864 particles on task=6956  (slabs=1)
67108864 particles on task=6957  (slabs=1)
67108864 particles on task=6958  (slabs=1)
67108864 particles on task=6959  (slabs=1)
67108864 particles on task=6960  (slabs=1)
67108864 particles on task=6961  (slabs=1)
67108864 particles on task=6962  (slabs=1)
67108864 particles on task=6963  (slabs=1)
67108864 particles on task=6964  (slabs=1)
67108864 particles on task=6965  (slabs=1)
67108864 particles on task=6966  (slabs=1)
67108864 particles on task=6967  (slabs=1)
67108864 particles on task=6968  (slabs=1)
67108864 particles on task=6969  (slabs=1)
67108864 particles on task=6970  (slabs=1)
67108864 particles on task=6971  (slabs=1)
67108864 particles on task=6972  (slabs=1)
67108864 particles on task=6973  (slabs=1)
67108864 particles on task=6974  (slabs=1)
67108864 particles on task=6975  (slabs=1)
67108864 particles on task=6976  (slabs=1)
67108864 particles on task=6977  (slabs=1)
67108864 particles on task=6978  (slabs=1)
67108864 particles on task=6979  (slabs=1)
67108864 particles on task=6980  (slabs=1)
67108864 particles on task=6981  (slabs=1)
67108864 particles on task=6982  (slabs=1)
67108864 particles on task=6983  (slabs=1)
67108864 particles on task=6984  (slabs=1)
67108864 particles on task=6985  (slabs=1)
67108864 particles on task=6986  (slabs=1)
67108864 particles on task=6987  (slabs=1)
67108864 particles on task=6988  (slabs=1)
67108864 particles on task=6989  (slabs=1)
67108864 particles on task=6990  (slabs=1)
67108864 particles on task=6991  (slabs=1)
67108864 particles on task=6992  (slabs=1)
67108864 particles on task=6993  (slabs=1)
67108864 particles on task=6994  (slabs=1)
67108864 particles on task=6995  (slabs=1)
67108864 particles on task=6996  (slabs=1)
67108864 particles on task=6997  (slabs=1)
67108864 particles on task=6998  (slabs=1)
67108864 particles on task=6999  (slabs=1)
67108864 particles on task=7000  (slabs=1)
67108864 particles on task=7001  (slabs=1)
67108864 particles on task=7002  (slabs=1)
67108864 particles on task=7003  (slabs=1)
67108864 particles on task=7004  (slabs=1)
67108864 particles on task=7005  (slabs=1)
67108864 particles on task=7006  (slabs=1)
67108864 particles on task=7007  (slabs=1)
67108864 particles on task=7008  (slabs=1)
67108864 particles on task=7009  (slabs=1)
67108864 particles on task=7010  (slabs=1)
67108864 particles on task=7011  (slabs=1)
67108864 particles on task=7012  (slabs=1)
67108864 particles on task=7013  (slabs=1)
67108864 particles on task=7014  (slabs=1)
67108864 particles on task=7015  (slabs=1)
67108864 particles on task=7016  (slabs=1)
67108864 particles on task=7017  (slabs=1)
67108864 particles on task=7018  (slabs=1)
67108864 particles on task=7019  (slabs=1)
67108864 particles on task=7020  (slabs=1)
67108864 particles on task=7021  (slabs=1)
67108864 particles on task=7022  (slabs=1)
67108864 particles on task=7023  (slabs=1)
67108864 particles on task=7024  (slabs=1)
67108864 particles on task=7025  (slabs=1)
67108864 particles on task=7026  (slabs=1)
67108864 particles on task=7027  (slabs=1)
67108864 particles on task=7028  (slabs=1)
67108864 particles on task=7029  (slabs=1)
67108864 particles on task=7030  (slabs=1)
67108864 particles on task=7031  (slabs=1)
67108864 particles on task=7032  (slabs=1)
67108864 particles on task=7033  (slabs=1)
67108864 particles on task=7034  (slabs=1)
67108864 particles on task=7035  (slabs=1)
67108864 particles on task=7036  (slabs=1)
67108864 particles on task=7037  (slabs=1)
67108864 particles on task=7038  (slabs=1)
67108864 particles on task=7039  (slabs=1)
67108864 particles on task=7040  (slabs=1)
67108864 particles on task=7041  (slabs=1)
67108864 particles on task=7042  (slabs=1)
67108864 particles on task=7043  (slabs=1)
67108864 particles on task=7044  (slabs=1)
67108864 particles on task=7045  (slabs=1)
67108864 particles on task=7046  (slabs=1)
67108864 particles on task=7047  (slabs=1)
67108864 particles on task=7048  (slabs=1)
67108864 particles on task=7049  (slabs=1)
67108864 particles on task=7050  (slabs=1)
67108864 particles on task=7051  (slabs=1)
67108864 particles on task=7052  (slabs=1)
67108864 particles on task=7053  (slabs=1)
67108864 particles on task=7054  (slabs=1)
67108864 particles on task=7055  (slabs=1)
67108864 particles on task=7056  (slabs=1)
67108864 particles on task=7057  (slabs=1)
67108864 particles on task=7058  (slabs=1)
67108864 particles on task=7059  (slabs=1)
67108864 particles on task=7060  (slabs=1)
67108864 particles on task=7061  (slabs=1)
67108864 particles on task=7062  (slabs=1)
67108864 particles on task=7063  (slabs=1)
67108864 particles on task=7064  (slabs=1)
67108864 particles on task=7065  (slabs=1)
67108864 particles on task=7066  (slabs=1)
67108864 particles on task=7067  (slabs=1)
67108864 particles on task=7068  (slabs=1)
67108864 particles on task=7069  (slabs=1)
67108864 particles on task=7070  (slabs=1)
67108864 particles on task=7071  (slabs=1)
67108864 particles on task=7072  (slabs=1)
67108864 particles on task=7073  (slabs=1)
67108864 particles on task=7074  (slabs=1)
67108864 particles on task=7075  (slabs=1)
67108864 particles on task=7076  (slabs=1)
67108864 particles on task=7077  (slabs=1)
67108864 particles on task=7078  (slabs=1)
67108864 particles on task=7079  (slabs=1)
67108864 particles on task=7080  (slabs=1)
67108864 particles on task=7081  (slabs=1)
67108864 particles on task=7082  (slabs=1)
67108864 particles on task=7083  (slabs=1)
67108864 particles on task=7084  (slabs=1)
67108864 particles on task=7085  (slabs=1)
67108864 particles on task=7086  (slabs=1)
67108864 particles on task=7087  (slabs=1)
67108864 particles on task=7088  (slabs=1)
67108864 particles on task=7089  (slabs=1)
67108864 particles on task=7090  (slabs=1)
67108864 particles on task=7091  (slabs=1)
67108864 particles on task=7092  (slabs=1)
67108864 particles on task=7093  (slabs=1)
67108864 particles on task=7094  (slabs=1)
67108864 particles on task=7095  (slabs=1)
67108864 particles on task=7096  (slabs=1)
67108864 particles on task=7097  (slabs=1)
67108864 particles on task=7098  (slabs=1)
67108864 particles on task=7099  (slabs=1)
67108864 particles on task=7100  (slabs=1)
67108864 particles on task=7101  (slabs=1)
67108864 particles on task=7102  (slabs=1)
67108864 particles on task=7103  (slabs=1)
67108864 particles on task=7104  (slabs=1)
67108864 particles on task=7105  (slabs=1)
67108864 particles on task=7106  (slabs=1)
67108864 particles on task=7107  (slabs=1)
67108864 particles on task=7108  (slabs=1)
67108864 particles on task=7109  (slabs=1)
67108864 particles on task=7110  (slabs=1)
67108864 particles on task=7111  (slabs=1)
67108864 particles on task=7112  (slabs=1)
67108864 particles on task=7113  (slabs=1)
67108864 particles on task=7114  (slabs=1)
67108864 particles on task=7115  (slabs=1)
67108864 particles on task=7116  (slabs=1)
67108864 particles on task=7117  (slabs=1)
67108864 particles on task=7118  (slabs=1)
67108864 particles on task=7119  (slabs=1)
67108864 particles on task=7120  (slabs=1)
67108864 particles on task=7121  (slabs=1)
67108864 particles on task=7122  (slabs=1)
67108864 particles on task=7123  (slabs=1)
67108864 particles on task=7124  (slabs=1)
67108864 particles on task=7125  (slabs=1)
67108864 particles on task=7126  (slabs=1)
67108864 particles on task=7127  (slabs=1)
67108864 particles on task=7128  (slabs=1)
67108864 particles on task=7129  (slabs=1)
67108864 particles on task=7130  (slabs=1)
67108864 particles on task=7131  (slabs=1)
67108864 particles on task=7132  (slabs=1)
67108864 particles on task=7133  (slabs=1)
67108864 particles on task=7134  (slabs=1)
67108864 particles on task=7135  (slabs=1)
67108864 particles on task=7136  (slabs=1)
67108864 particles on task=7137  (slabs=1)
67108864 particles on task=7138  (slabs=1)
67108864 particles on task=7139  (slabs=1)
67108864 particles on task=7140  (slabs=1)
67108864 particles on task=7141  (slabs=1)
67108864 particles on task=7142  (slabs=1)
67108864 particles on task=7143  (slabs=1)
67108864 particles on task=7144  (slabs=1)
67108864 particles on task=7145  (slabs=1)
67108864 particles on task=7146  (slabs=1)
67108864 particles on task=7147  (slabs=1)
67108864 particles on task=7148  (slabs=1)
67108864 particles on task=7149  (slabs=1)
67108864 particles on task=7150  (slabs=1)
67108864 particles on task=7151  (slabs=1)
67108864 particles on task=7152  (slabs=1)
67108864 particles on task=7153  (slabs=1)
67108864 particles on task=7154  (slabs=1)
67108864 particles on task=7155  (slabs=1)
67108864 particles on task=7156  (slabs=1)
67108864 particles on task=7157  (slabs=1)
67108864 particles on task=7158  (slabs=1)
67108864 particles on task=7159  (slabs=1)
67108864 particles on task=7160  (slabs=1)
67108864 particles on task=7161  (slabs=1)
67108864 particles on task=7162  (slabs=1)
67108864 particles on task=7163  (slabs=1)
67108864 particles on task=7164  (slabs=1)
67108864 particles on task=7165  (slabs=1)
67108864 particles on task=7166  (slabs=1)
67108864 particles on task=7167  (slabs=1)
67108864 particles on task=7168  (slabs=1)
67108864 particles on task=7169  (slabs=1)
67108864 particles on task=7170  (slabs=1)
67108864 particles on task=7171  (slabs=1)
67108864 particles on task=7172  (slabs=1)
67108864 particles on task=7173  (slabs=1)
67108864 particles on task=7174  (slabs=1)
67108864 particles on task=7175  (slabs=1)
67108864 particles on task=7176  (slabs=1)
67108864 particles on task=7177  (slabs=1)
67108864 particles on task=7178  (slabs=1)
67108864 particles on task=7179  (slabs=1)
67108864 particles on task=7180  (slabs=1)
67108864 particles on task=7181  (slabs=1)
67108864 particles on task=7182  (slabs=1)
67108864 particles on task=7183  (slabs=1)
67108864 particles on task=7184  (slabs=1)
67108864 particles on task=7185  (slabs=1)
67108864 particles on task=7186  (slabs=1)
67108864 particles on task=7187  (slabs=1)
67108864 particles on task=7188  (slabs=1)
67108864 particles on task=7189  (slabs=1)
67108864 particles on task=7190  (slabs=1)
67108864 particles on task=7191  (slabs=1)
67108864 particles on task=7192  (slabs=1)
67108864 particles on task=7193  (slabs=1)
67108864 particles on task=7194  (slabs=1)
67108864 particles on task=7195  (slabs=1)
67108864 particles on task=7196  (slabs=1)
67108864 particles on task=7197  (slabs=1)
67108864 particles on task=7198  (slabs=1)
67108864 particles on task=7199  (slabs=1)
67108864 particles on task=7200  (slabs=1)
67108864 particles on task=7201  (slabs=1)
67108864 particles on task=7202  (slabs=1)
67108864 particles on task=7203  (slabs=1)
67108864 particles on task=7204  (slabs=1)
67108864 particles on task=7205  (slabs=1)
67108864 particles on task=7206  (slabs=1)
67108864 particles on task=7207  (slabs=1)
67108864 particles on task=7208  (slabs=1)
67108864 particles on task=7209  (slabs=1)
67108864 particles on task=7210  (slabs=1)
67108864 particles on task=7211  (slabs=1)
67108864 particles on task=7212  (slabs=1)
67108864 particles on task=7213  (slabs=1)
67108864 particles on task=7214  (slabs=1)
67108864 particles on task=7215  (slabs=1)
67108864 particles on task=7216  (slabs=1)
67108864 particles on task=7217  (slabs=1)
67108864 particles on task=7218  (slabs=1)
67108864 particles on task=7219  (slabs=1)
67108864 particles on task=7220  (slabs=1)
67108864 particles on task=7221  (slabs=1)
67108864 particles on task=7222  (slabs=1)
67108864 particles on task=7223  (slabs=1)
67108864 particles on task=7224  (slabs=1)
67108864 particles on task=7225  (slabs=1)
67108864 particles on task=7226  (slabs=1)
67108864 particles on task=7227  (slabs=1)
67108864 particles on task=7228  (slabs=1)
67108864 particles on task=7229  (slabs=1)
67108864 particles on task=7230  (slabs=1)
67108864 particles on task=7231  (slabs=1)
67108864 particles on task=7232  (slabs=1)
67108864 particles on task=7233  (slabs=1)
67108864 particles on task=7234  (slabs=1)
67108864 particles on task=7235  (slabs=1)
67108864 particles on task=7236  (slabs=1)
67108864 particles on task=7237  (slabs=1)
67108864 particles on task=7238  (slabs=1)
67108864 particles on task=7239  (slabs=1)
67108864 particles on task=7240  (slabs=1)
67108864 particles on task=7241  (slabs=1)
67108864 particles on task=7242  (slabs=1)
67108864 particles on task=7243  (slabs=1)
67108864 particles on task=7244  (slabs=1)
67108864 particles on task=7245  (slabs=1)
67108864 particles on task=7246  (slabs=1)
67108864 particles on task=7247  (slabs=1)
67108864 particles on task=7248  (slabs=1)
67108864 particles on task=7249  (slabs=1)
67108864 particles on task=7250  (slabs=1)
67108864 particles on task=7251  (slabs=1)
67108864 particles on task=7252  (slabs=1)
67108864 particles on task=7253  (slabs=1)
67108864 particles on task=7254  (slabs=1)
67108864 particles on task=7255  (slabs=1)
67108864 particles on task=7256  (slabs=1)
67108864 particles on task=7257  (slabs=1)
67108864 particles on task=7258  (slabs=1)
67108864 particles on task=7259  (slabs=1)
67108864 particles on task=7260  (slabs=1)
67108864 particles on task=7261  (slabs=1)
67108864 particles on task=7262  (slabs=1)
67108864 particles on task=7263  (slabs=1)
67108864 particles on task=7264  (slabs=1)
67108864 particles on task=7265  (slabs=1)
67108864 particles on task=7266  (slabs=1)
67108864 particles on task=7267  (slabs=1)
67108864 particles on task=7268  (slabs=1)
67108864 particles on task=7269  (slabs=1)
67108864 particles on task=7270  (slabs=1)
67108864 particles on task=7271  (slabs=1)
67108864 particles on task=7272  (slabs=1)
67108864 particles on task=7273  (slabs=1)
67108864 particles on task=7274  (slabs=1)
67108864 particles on task=7275  (slabs=1)
67108864 particles on task=7276  (slabs=1)
67108864 particles on task=7277  (slabs=1)
67108864 particles on task=7278  (slabs=1)
67108864 particles on task=7279  (slabs=1)
67108864 particles on task=7280  (slabs=1)
67108864 particles on task=7281  (slabs=1)
67108864 particles on task=7282  (slabs=1)
67108864 particles on task=7283  (slabs=1)
67108864 particles on task=7284  (slabs=1)
67108864 particles on task=7285  (slabs=1)
67108864 particles on task=7286  (slabs=1)
67108864 particles on task=7287  (slabs=1)
67108864 particles on task=7288  (slabs=1)
67108864 particles on task=7289  (slabs=1)
67108864 particles on task=7290  (slabs=1)
67108864 particles on task=7291  (slabs=1)
67108864 particles on task=7292  (slabs=1)
67108864 particles on task=7293  (slabs=1)
67108864 particles on task=7294  (slabs=1)
67108864 particles on task=7295  (slabs=1)
67108864 particles on task=7296  (slabs=1)
67108864 particles on task=7297  (slabs=1)
67108864 particles on task=7298  (slabs=1)
67108864 particles on task=7299  (slabs=1)
67108864 particles on task=7300  (slabs=1)
67108864 particles on task=7301  (slabs=1)
67108864 particles on task=7302  (slabs=1)
67108864 particles on task=7303  (slabs=1)
67108864 particles on task=7304  (slabs=1)
67108864 particles on task=7305  (slabs=1)
67108864 particles on task=7306  (slabs=1)
67108864 particles on task=7307  (slabs=1)
67108864 particles on task=7308  (slabs=1)
67108864 particles on task=7309  (slabs=1)
67108864 particles on task=7310  (slabs=1)
67108864 particles on task=7311  (slabs=1)
67108864 particles on task=7312  (slabs=1)
67108864 particles on task=7313  (slabs=1)
67108864 particles on task=7314  (slabs=1)
67108864 particles on task=7315  (slabs=1)
67108864 particles on task=7316  (slabs=1)
67108864 particles on task=7317  (slabs=1)
67108864 particles on task=7318  (slabs=1)
67108864 particles on task=7319  (slabs=1)
67108864 particles on task=7320  (slabs=1)
67108864 particles on task=7321  (slabs=1)
67108864 particles on task=7322  (slabs=1)
67108864 particles on task=7323  (slabs=1)
67108864 particles on task=7324  (slabs=1)
67108864 particles on task=7325  (slabs=1)
67108864 particles on task=7326  (slabs=1)
67108864 particles on task=7327  (slabs=1)
67108864 particles on task=7328  (slabs=1)
67108864 particles on task=7329  (slabs=1)
67108864 particles on task=7330  (slabs=1)
67108864 particles on task=7331  (slabs=1)
67108864 particles on task=7332  (slabs=1)
67108864 particles on task=7333  (slabs=1)
67108864 particles on task=7334  (slabs=1)
67108864 particles on task=7335  (slabs=1)
67108864 particles on task=7336  (slabs=1)
67108864 particles on task=7337  (slabs=1)
67108864 particles on task=7338  (slabs=1)
67108864 particles on task=7339  (slabs=1)
67108864 particles on task=7340  (slabs=1)
67108864 particles on task=7341  (slabs=1)
67108864 particles on task=7342  (slabs=1)
67108864 particles on task=7343  (slabs=1)
67108864 particles on task=7344  (slabs=1)
67108864 particles on task=7345  (slabs=1)
67108864 particles on task=7346  (slabs=1)
67108864 particles on task=7347  (slabs=1)
67108864 particles on task=7348  (slabs=1)
67108864 particles on task=7349  (slabs=1)
67108864 particles on task=7350  (slabs=1)
67108864 particles on task=7351  (slabs=1)
67108864 particles on task=7352  (slabs=1)
67108864 particles on task=7353  (slabs=1)
67108864 particles on task=7354  (slabs=1)
67108864 particles on task=7355  (slabs=1)
67108864 particles on task=7356  (slabs=1)
67108864 particles on task=7357  (slabs=1)
67108864 particles on task=7358  (slabs=1)
67108864 particles on task=7359  (slabs=1)
67108864 particles on task=7360  (slabs=1)
67108864 particles on task=7361  (slabs=1)
67108864 particles on task=7362  (slabs=1)
67108864 particles on task=7363  (slabs=1)
67108864 particles on task=7364  (slabs=1)
67108864 particles on task=7365  (slabs=1)
67108864 particles on task=7366  (slabs=1)
67108864 particles on task=7367  (slabs=1)
67108864 particles on task=7368  (slabs=1)
67108864 particles on task=7369  (slabs=1)
67108864 particles on task=7370  (slabs=1)
67108864 particles on task=7371  (slabs=1)
67108864 particles on task=7372  (slabs=1)
67108864 particles on task=7373  (slabs=1)
67108864 particles on task=7374  (slabs=1)
67108864 particles on task=7375  (slabs=1)
67108864 particles on task=7376  (slabs=1)
67108864 particles on task=7377  (slabs=1)
67108864 particles on task=7378  (slabs=1)
67108864 particles on task=7379  (slabs=1)
67108864 particles on task=7380  (slabs=1)
67108864 particles on task=7381  (slabs=1)
67108864 particles on task=7382  (slabs=1)
67108864 particles on task=7383  (slabs=1)
67108864 particles on task=7384  (slabs=1)
67108864 particles on task=7385  (slabs=1)
67108864 particles on task=7386  (slabs=1)
67108864 particles on task=7387  (slabs=1)
67108864 particles on task=7388  (slabs=1)
67108864 particles on task=7389  (slabs=1)
67108864 particles on task=7390  (slabs=1)
67108864 particles on task=7391  (slabs=1)
67108864 particles on task=7392  (slabs=1)
67108864 particles on task=7393  (slabs=1)
67108864 particles on task=7394  (slabs=1)
67108864 particles on task=7395  (slabs=1)
67108864 particles on task=7396  (slabs=1)
67108864 particles on task=7397  (slabs=1)
67108864 particles on task=7398  (slabs=1)
67108864 particles on task=7399  (slabs=1)
67108864 particles on task=7400  (slabs=1)
67108864 particles on task=7401  (slabs=1)
67108864 particles on task=7402  (slabs=1)
67108864 particles on task=7403  (slabs=1)
67108864 particles on task=7404  (slabs=1)
67108864 particles on task=7405  (slabs=1)
67108864 particles on task=7406  (slabs=1)
67108864 particles on task=7407  (slabs=1)
67108864 particles on task=7408  (slabs=1)
67108864 particles on task=7409  (slabs=1)
67108864 particles on task=7410  (slabs=1)
67108864 particles on task=7411  (slabs=1)
67108864 particles on task=7412  (slabs=1)
67108864 particles on task=7413  (slabs=1)
67108864 particles on task=7414  (slabs=1)
67108864 particles on task=7415  (slabs=1)
67108864 particles on task=7416  (slabs=1)
67108864 particles on task=7417  (slabs=1)
67108864 particles on task=7418  (slabs=1)
67108864 particles on task=7419  (slabs=1)
67108864 particles on task=7420  (slabs=1)
67108864 particles on task=7421  (slabs=1)
67108864 particles on task=7422  (slabs=1)
67108864 particles on task=7423  (slabs=1)
67108864 particles on task=7424  (slabs=1)
67108864 particles on task=7425  (slabs=1)
67108864 particles on task=7426  (slabs=1)
67108864 particles on task=7427  (slabs=1)
67108864 particles on task=7428  (slabs=1)
67108864 particles on task=7429  (slabs=1)
67108864 particles on task=7430  (slabs=1)
67108864 particles on task=7431  (slabs=1)
67108864 particles on task=7432  (slabs=1)
67108864 particles on task=7433  (slabs=1)
67108864 particles on task=7434  (slabs=1)
67108864 particles on task=7435  (slabs=1)
67108864 particles on task=7436  (slabs=1)
67108864 particles on task=7437  (slabs=1)
67108864 particles on task=7438  (slabs=1)
67108864 particles on task=7439  (slabs=1)
67108864 particles on task=7440  (slabs=1)
67108864 particles on task=7441  (slabs=1)
67108864 particles on task=7442  (slabs=1)
67108864 particles on task=7443  (slabs=1)
67108864 particles on task=7444  (slabs=1)
67108864 particles on task=7445  (slabs=1)
67108864 particles on task=7446  (slabs=1)
67108864 particles on task=7447  (slabs=1)
67108864 particles on task=7448  (slabs=1)
67108864 particles on task=7449  (slabs=1)
67108864 particles on task=7450  (slabs=1)
67108864 particles on task=7451  (slabs=1)
67108864 particles on task=7452  (slabs=1)
67108864 particles on task=7453  (slabs=1)
67108864 particles on task=7454  (slabs=1)
67108864 particles on task=7455  (slabs=1)
67108864 particles on task=7456  (slabs=1)
67108864 particles on task=7457  (slabs=1)
67108864 particles on task=7458  (slabs=1)
67108864 particles on task=7459  (slabs=1)
67108864 particles on task=7460  (slabs=1)
67108864 particles on task=7461  (slabs=1)
67108864 particles on task=7462  (slabs=1)
67108864 particles on task=7463  (slabs=1)
67108864 particles on task=7464  (slabs=1)
67108864 particles on task=7465  (slabs=1)
67108864 particles on task=7466  (slabs=1)
67108864 particles on task=7467  (slabs=1)
67108864 particles on task=7468  (slabs=1)
67108864 particles on task=7469  (slabs=1)
67108864 particles on task=7470  (slabs=1)
67108864 particles on task=7471  (slabs=1)
67108864 particles on task=7472  (slabs=1)
67108864 particles on task=7473  (slabs=1)
67108864 particles on task=7474  (slabs=1)
67108864 particles on task=7475  (slabs=1)
67108864 particles on task=7476  (slabs=1)
67108864 particles on task=7477  (slabs=1)
67108864 particles on task=7478  (slabs=1)
67108864 particles on task=7479  (slabs=1)
67108864 particles on task=7480  (slabs=1)
67108864 particles on task=7481  (slabs=1)
67108864 particles on task=7482  (slabs=1)
67108864 particles on task=7483  (slabs=1)
67108864 particles on task=7484  (slabs=1)
67108864 particles on task=7485  (slabs=1)
67108864 particles on task=7486  (slabs=1)
67108864 particles on task=7487  (slabs=1)
67108864 particles on task=7488  (slabs=1)
67108864 particles on task=7489  (slabs=1)
67108864 particles on task=7490  (slabs=1)
67108864 particles on task=7491  (slabs=1)
67108864 particles on task=7492  (slabs=1)
67108864 particles on task=7493  (slabs=1)
67108864 particles on task=7494  (slabs=1)
67108864 particles on task=7495  (slabs=1)
67108864 particles on task=7496  (slabs=1)
67108864 particles on task=7497  (slabs=1)
67108864 particles on task=7498  (slabs=1)
67108864 particles on task=7499  (slabs=1)
67108864 particles on task=7500  (slabs=1)
67108864 particles on task=7501  (slabs=1)
67108864 particles on task=7502  (slabs=1)
67108864 particles on task=7503  (slabs=1)
67108864 particles on task=7504  (slabs=1)
67108864 particles on task=7505  (slabs=1)
67108864 particles on task=7506  (slabs=1)
67108864 particles on task=7507  (slabs=1)
67108864 particles on task=7508  (slabs=1)
67108864 particles on task=7509  (slabs=1)
67108864 particles on task=7510  (slabs=1)
67108864 particles on task=7511  (slabs=1)
67108864 particles on task=7512  (slabs=1)
67108864 particles on task=7513  (slabs=1)
67108864 particles on task=7514  (slabs=1)
67108864 particles on task=7515  (slabs=1)
67108864 particles on task=7516  (slabs=1)
67108864 particles on task=7517  (slabs=1)
67108864 particles on task=7518  (slabs=1)
67108864 particles on task=7519  (slabs=1)
67108864 particles on task=7520  (slabs=1)
67108864 particles on task=7521  (slabs=1)
67108864 particles on task=7522  (slabs=1)
67108864 particles on task=7523  (slabs=1)
67108864 particles on task=7524  (slabs=1)
67108864 particles on task=7525  (slabs=1)
67108864 particles on task=7526  (slabs=1)
67108864 particles on task=7527  (slabs=1)
67108864 particles on task=7528  (slabs=1)
67108864 particles on task=7529  (slabs=1)
67108864 particles on task=7530  (slabs=1)
67108864 particles on task=7531  (slabs=1)
67108864 particles on task=7532  (slabs=1)
67108864 particles on task=7533  (slabs=1)
67108864 particles on task=7534  (slabs=1)
67108864 particles on task=7535  (slabs=1)
67108864 particles on task=7536  (slabs=1)
67108864 particles on task=7537  (slabs=1)
67108864 particles on task=7538  (slabs=1)
67108864 particles on task=7539  (slabs=1)
67108864 particles on task=7540  (slabs=1)
67108864 particles on task=7541  (slabs=1)
67108864 particles on task=7542  (slabs=1)
67108864 particles on task=7543  (slabs=1)
67108864 particles on task=7544  (slabs=1)
67108864 particles on task=7545  (slabs=1)
67108864 particles on task=7546  (slabs=1)
67108864 particles on task=7547  (slabs=1)
67108864 particles on task=7548  (slabs=1)
67108864 particles on task=7549  (slabs=1)
67108864 particles on task=7550  (slabs=1)
67108864 particles on task=7551  (slabs=1)
67108864 particles on task=7552  (slabs=1)
67108864 particles on task=7553  (slabs=1)
67108864 particles on task=7554  (slabs=1)
67108864 particles on task=7555  (slabs=1)
67108864 particles on task=7556  (slabs=1)
67108864 particles on task=7557  (slabs=1)
67108864 particles on task=7558  (slabs=1)
67108864 particles on task=7559  (slabs=1)
67108864 particles on task=7560  (slabs=1)
67108864 particles on task=7561  (slabs=1)
67108864 particles on task=7562  (slabs=1)
67108864 particles on task=7563  (slabs=1)
67108864 particles on task=7564  (slabs=1)
67108864 particles on task=7565  (slabs=1)
67108864 particles on task=7566  (slabs=1)
67108864 particles on task=7567  (slabs=1)
67108864 particles on task=7568  (slabs=1)
67108864 particles on task=7569  (slabs=1)
67108864 particles on task=7570  (slabs=1)
67108864 particles on task=7571  (slabs=1)
67108864 particles on task=7572  (slabs=1)
67108864 particles on task=7573  (slabs=1)
67108864 particles on task=7574  (slabs=1)
67108864 particles on task=7575  (slabs=1)
67108864 particles on task=7576  (slabs=1)
67108864 particles on task=7577  (slabs=1)
67108864 particles on task=7578  (slabs=1)
67108864 particles on task=7579  (slabs=1)
67108864 particles on task=7580  (slabs=1)
67108864 particles on task=7581  (slabs=1)
67108864 particles on task=7582  (slabs=1)
67108864 particles on task=7583  (slabs=1)
67108864 particles on task=7584  (slabs=1)
67108864 particles on task=7585  (slabs=1)
67108864 particles on task=7586  (slabs=1)
67108864 particles on task=7587  (slabs=1)
67108864 particles on task=7588  (slabs=1)
67108864 particles on task=7589  (slabs=1)
67108864 particles on task=7590  (slabs=1)
67108864 particles on task=7591  (slabs=1)
67108864 particles on task=7592  (slabs=1)
67108864 particles on task=7593  (slabs=1)
67108864 particles on task=7594  (slabs=1)
67108864 particles on task=7595  (slabs=1)
67108864 particles on task=7596  (slabs=1)
67108864 particles on task=7597  (slabs=1)
67108864 particles on task=7598  (slabs=1)
67108864 particles on task=7599  (slabs=1)
67108864 particles on task=7600  (slabs=1)
67108864 particles on task=7601  (slabs=1)
67108864 particles on task=7602  (slabs=1)
67108864 particles on task=7603  (slabs=1)
67108864 particles on task=7604  (slabs=1)
67108864 particles on task=7605  (slabs=1)
67108864 particles on task=7606  (slabs=1)
67108864 particles on task=7607  (slabs=1)
67108864 particles on task=7608  (slabs=1)
67108864 particles on task=7609  (slabs=1)
67108864 particles on task=7610  (slabs=1)
67108864 particles on task=7611  (slabs=1)
67108864 particles on task=7612  (slabs=1)
67108864 particles on task=7613  (slabs=1)
67108864 particles on task=7614  (slabs=1)
67108864 particles on task=7615  (slabs=1)
67108864 particles on task=7616  (slabs=1)
67108864 particles on task=7617  (slabs=1)
67108864 particles on task=7618  (slabs=1)
67108864 particles on task=7619  (slabs=1)
67108864 particles on task=7620  (slabs=1)
67108864 particles on task=7621  (slabs=1)
67108864 particles on task=7622  (slabs=1)
67108864 particles on task=7623  (slabs=1)
67108864 particles on task=7624  (slabs=1)
67108864 particles on task=7625  (slabs=1)
67108864 particles on task=7626  (slabs=1)
67108864 particles on task=7627  (slabs=1)
67108864 particles on task=7628  (slabs=1)
67108864 particles on task=7629  (slabs=1)
67108864 particles on task=7630  (slabs=1)
67108864 particles on task=7631  (slabs=1)
67108864 particles on task=7632  (slabs=1)
67108864 particles on task=7633  (slabs=1)
67108864 particles on task=7634  (slabs=1)
67108864 particles on task=7635  (slabs=1)
67108864 particles on task=7636  (slabs=1)
67108864 particles on task=7637  (slabs=1)
67108864 particles on task=7638  (slabs=1)
67108864 particles on task=7639  (slabs=1)
67108864 particles on task=7640  (slabs=1)
67108864 particles on task=7641  (slabs=1)
67108864 particles on task=7642  (slabs=1)
67108864 particles on task=7643  (slabs=1)
67108864 particles on task=7644  (slabs=1)
67108864 particles on task=7645  (slabs=1)
67108864 particles on task=7646  (slabs=1)
67108864 particles on task=7647  (slabs=1)
67108864 particles on task=7648  (slabs=1)
67108864 particles on task=7649  (slabs=1)
67108864 particles on task=7650  (slabs=1)
67108864 particles on task=7651  (slabs=1)
67108864 particles on task=7652  (slabs=1)
67108864 particles on task=7653  (slabs=1)
67108864 particles on task=7654  (slabs=1)
67108864 particles on task=7655  (slabs=1)
67108864 particles on task=7656  (slabs=1)
67108864 particles on task=7657  (slabs=1)
67108864 particles on task=7658  (slabs=1)
67108864 particles on task=7659  (slabs=1)
67108864 particles on task=7660  (slabs=1)
67108864 particles on task=7661  (slabs=1)
67108864 particles on task=7662  (slabs=1)
67108864 particles on task=7663  (slabs=1)
67108864 particles on task=7664  (slabs=1)
67108864 particles on task=7665  (slabs=1)
67108864 particles on task=7666  (slabs=1)
67108864 particles on task=7667  (slabs=1)
67108864 particles on task=7668  (slabs=1)
67108864 particles on task=7669  (slabs=1)
67108864 particles on task=7670  (slabs=1)
67108864 particles on task=7671  (slabs=1)
67108864 particles on task=7672  (slabs=1)
67108864 particles on task=7673  (slabs=1)
67108864 particles on task=7674  (slabs=1)
67108864 particles on task=7675  (slabs=1)
67108864 particles on task=7676  (slabs=1)
67108864 particles on task=7677  (slabs=1)
67108864 particles on task=7678  (slabs=1)
67108864 particles on task=7679  (slabs=1)
67108864 particles on task=7680  (slabs=1)
67108864 particles on task=7681  (slabs=1)
67108864 particles on task=7682  (slabs=1)
67108864 particles on task=7683  (slabs=1)
67108864 particles on task=7684  (slabs=1)
67108864 particles on task=7685  (slabs=1)
67108864 particles on task=7686  (slabs=1)
67108864 particles on task=7687  (slabs=1)
67108864 particles on task=7688  (slabs=1)
67108864 particles on task=7689  (slabs=1)
67108864 particles on task=7690  (slabs=1)
67108864 particles on task=7691  (slabs=1)
67108864 particles on task=7692  (slabs=1)
67108864 particles on task=7693  (slabs=1)
67108864 particles on task=7694  (slabs=1)
67108864 particles on task=7695  (slabs=1)
67108864 particles on task=7696  (slabs=1)
67108864 particles on task=7697  (slabs=1)
67108864 particles on task=7698  (slabs=1)
67108864 particles on task=7699  (slabs=1)
67108864 particles on task=7700  (slabs=1)
67108864 particles on task=7701  (slabs=1)
67108864 particles on task=7702  (slabs=1)
67108864 particles on task=7703  (slabs=1)
67108864 particles on task=7704  (slabs=1)
67108864 particles on task=7705  (slabs=1)
67108864 particles on task=7706  (slabs=1)
67108864 particles on task=7707  (slabs=1)
67108864 particles on task=7708  (slabs=1)
67108864 particles on task=7709  (slabs=1)
67108864 particles on task=7710  (slabs=1)
67108864 particles on task=7711  (slabs=1)
67108864 particles on task=7712  (slabs=1)
67108864 particles on task=7713  (slabs=1)
67108864 particles on task=7714  (slabs=1)
67108864 particles on task=7715  (slabs=1)
67108864 particles on task=7716  (slabs=1)
67108864 particles on task=7717  (slabs=1)
67108864 particles on task=7718  (slabs=1)
67108864 particles on task=7719  (slabs=1)
67108864 particles on task=7720  (slabs=1)
67108864 particles on task=7721  (slabs=1)
67108864 particles on task=7722  (slabs=1)
67108864 particles on task=7723  (slabs=1)
67108864 particles on task=7724  (slabs=1)
67108864 particles on task=7725  (slabs=1)
67108864 particles on task=7726  (slabs=1)
67108864 particles on task=7727  (slabs=1)
67108864 particles on task=7728  (slabs=1)
67108864 particles on task=7729  (slabs=1)
67108864 particles on task=7730  (slabs=1)
67108864 particles on task=7731  (slabs=1)
67108864 particles on task=7732  (slabs=1)
67108864 particles on task=7733  (slabs=1)
67108864 particles on task=7734  (slabs=1)
67108864 particles on task=7735  (slabs=1)
67108864 particles on task=7736  (slabs=1)
67108864 particles on task=7737  (slabs=1)
67108864 particles on task=7738  (slabs=1)
67108864 particles on task=7739  (slabs=1)
67108864 particles on task=7740  (slabs=1)
67108864 particles on task=7741  (slabs=1)
67108864 particles on task=7742  (slabs=1)
67108864 particles on task=7743  (slabs=1)
67108864 particles on task=7744  (slabs=1)
67108864 particles on task=7745  (slabs=1)
67108864 particles on task=7746  (slabs=1)
67108864 particles on task=7747  (slabs=1)
67108864 particles on task=7748  (slabs=1)
67108864 particles on task=7749  (slabs=1)
67108864 particles on task=7750  (slabs=1)
67108864 particles on task=7751  (slabs=1)
67108864 particles on task=7752  (slabs=1)
67108864 particles on task=7753  (slabs=1)
67108864 particles on task=7754  (slabs=1)
67108864 particles on task=7755  (slabs=1)
67108864 particles on task=7756  (slabs=1)
67108864 particles on task=7757  (slabs=1)
67108864 particles on task=7758  (slabs=1)
67108864 particles on task=7759  (slabs=1)
67108864 particles on task=7760  (slabs=1)
67108864 particles on task=7761  (slabs=1)
67108864 particles on task=7762  (slabs=1)
67108864 particles on task=7763  (slabs=1)
67108864 particles on task=7764  (slabs=1)
67108864 particles on task=7765  (slabs=1)
67108864 particles on task=7766  (slabs=1)
67108864 particles on task=7767  (slabs=1)
67108864 particles on task=7768  (slabs=1)
67108864 particles on task=7769  (slabs=1)
67108864 particles on task=7770  (slabs=1)
67108864 particles on task=7771  (slabs=1)
67108864 particles on task=7772  (slabs=1)
67108864 particles on task=7773  (slabs=1)
67108864 particles on task=7774  (slabs=1)
67108864 particles on task=7775  (slabs=1)
67108864 particles on task=7776  (slabs=1)
67108864 particles on task=7777  (slabs=1)
67108864 particles on task=7778  (slabs=1)
67108864 particles on task=7779  (slabs=1)
67108864 particles on task=7780  (slabs=1)
67108864 particles on task=7781  (slabs=1)
67108864 particles on task=7782  (slabs=1)
67108864 particles on task=7783  (slabs=1)
67108864 particles on task=7784  (slabs=1)
67108864 particles on task=7785  (slabs=1)
67108864 particles on task=7786  (slabs=1)
67108864 particles on task=7787  (slabs=1)
67108864 particles on task=7788  (slabs=1)
67108864 particles on task=7789  (slabs=1)
67108864 particles on task=7790  (slabs=1)
67108864 particles on task=7791  (slabs=1)
67108864 particles on task=7792  (slabs=1)
67108864 particles on task=7793  (slabs=1)
67108864 particles on task=7794  (slabs=1)
67108864 particles on task=7795  (slabs=1)
67108864 particles on task=7796  (slabs=1)
67108864 particles on task=7797  (slabs=1)
67108864 particles on task=7798  (slabs=1)
67108864 particles on task=7799  (slabs=1)
67108864 particles on task=7800  (slabs=1)
67108864 particles on task=7801  (slabs=1)
67108864 particles on task=7802  (slabs=1)
67108864 particles on task=7803  (slabs=1)
67108864 particles on task=7804  (slabs=1)
67108864 particles on task=7805  (slabs=1)
67108864 particles on task=7806  (slabs=1)
67108864 particles on task=7807  (slabs=1)
67108864 particles on task=7808  (slabs=1)
67108864 particles on task=7809  (slabs=1)
67108864 particles on task=7810  (slabs=1)
67108864 particles on task=7811  (slabs=1)
67108864 particles on task=7812  (slabs=1)
67108864 particles on task=7813  (slabs=1)
67108864 particles on task=7814  (slabs=1)
67108864 particles on task=7815  (slabs=1)
67108864 particles on task=7816  (slabs=1)
67108864 particles on task=7817  (slabs=1)
67108864 particles on task=7818  (slabs=1)
67108864 particles on task=7819  (slabs=1)
67108864 particles on task=7820  (slabs=1)
67108864 particles on task=7821  (slabs=1)
67108864 particles on task=7822  (slabs=1)
67108864 particles on task=7823  (slabs=1)
67108864 particles on task=7824  (slabs=1)
67108864 particles on task=7825  (slabs=1)
67108864 particles on task=7826  (slabs=1)
67108864 particles on task=7827  (slabs=1)
67108864 particles on task=7828  (slabs=1)
67108864 particles on task=7829  (slabs=1)
67108864 particles on task=7830  (slabs=1)
67108864 particles on task=7831  (slabs=1)
67108864 particles on task=7832  (slabs=1)
67108864 particles on task=7833  (slabs=1)
67108864 particles on task=7834  (slabs=1)
67108864 particles on task=7835  (slabs=1)
67108864 particles on task=7836  (slabs=1)
67108864 particles on task=7837  (slabs=1)
67108864 particles on task=7838  (slabs=1)
67108864 particles on task=7839  (slabs=1)
67108864 particles on task=7840  (slabs=1)
67108864 particles on task=7841  (slabs=1)
67108864 particles on task=7842  (slabs=1)
67108864 particles on task=7843  (slabs=1)
67108864 particles on task=7844  (slabs=1)
67108864 particles on task=7845  (slabs=1)
67108864 particles on task=7846  (slabs=1)
67108864 particles on task=7847  (slabs=1)
67108864 particles on task=7848  (slabs=1)
67108864 particles on task=7849  (slabs=1)
67108864 particles on task=7850  (slabs=1)
67108864 particles on task=7851  (slabs=1)
67108864 particles on task=7852  (slabs=1)
67108864 particles on task=7853  (slabs=1)
67108864 particles on task=7854  (slabs=1)
67108864 particles on task=7855  (slabs=1)
67108864 particles on task=7856  (slabs=1)
67108864 particles on task=7857  (slabs=1)
67108864 particles on task=7858  (slabs=1)
67108864 particles on task=7859  (slabs=1)
67108864 particles on task=7860  (slabs=1)
67108864 particles on task=7861  (slabs=1)
67108864 particles on task=7862  (slabs=1)
67108864 particles on task=7863  (slabs=1)
67108864 particles on task=7864  (slabs=1)
67108864 particles on task=7865  (slabs=1)
67108864 particles on task=7866  (slabs=1)
67108864 particles on task=7867  (slabs=1)
67108864 particles on task=7868  (slabs=1)
67108864 particles on task=7869  (slabs=1)
67108864 particles on task=7870  (slabs=1)
67108864 particles on task=7871  (slabs=1)
67108864 particles on task=7872  (slabs=1)
67108864 particles on task=7873  (slabs=1)
67108864 particles on task=7874  (slabs=1)
67108864 particles on task=7875  (slabs=1)
67108864 particles on task=7876  (slabs=1)
67108864 particles on task=7877  (slabs=1)
67108864 particles on task=7878  (slabs=1)
67108864 particles on task=7879  (slabs=1)
67108864 particles on task=7880  (slabs=1)
67108864 particles on task=7881  (slabs=1)
67108864 particles on task=7882  (slabs=1)
67108864 particles on task=7883  (slabs=1)
67108864 particles on task=7884  (slabs=1)
67108864 particles on task=7885  (slabs=1)
67108864 particles on task=7886  (slabs=1)
67108864 particles on task=7887  (slabs=1)
67108864 particles on task=7888  (slabs=1)
67108864 particles on task=7889  (slabs=1)
67108864 particles on task=7890  (slabs=1)
67108864 particles on task=7891  (slabs=1)
67108864 particles on task=7892  (slabs=1)
67108864 particles on task=7893  (slabs=1)
67108864 particles on task=7894  (slabs=1)
67108864 particles on task=7895  (slabs=1)
67108864 particles on task=7896  (slabs=1)
67108864 particles on task=7897  (slabs=1)
67108864 particles on task=7898  (slabs=1)
67108864 particles on task=7899  (slabs=1)
67108864 particles on task=7900  (slabs=1)
67108864 particles on task=7901  (slabs=1)
67108864 particles on task=7902  (slabs=1)
67108864 particles on task=7903  (slabs=1)
67108864 particles on task=7904  (slabs=1)
67108864 particles on task=7905  (slabs=1)
67108864 particles on task=7906  (slabs=1)
67108864 particles on task=7907  (slabs=1)
67108864 particles on task=7908  (slabs=1)
67108864 particles on task=7909  (slabs=1)
67108864 particles on task=7910  (slabs=1)
67108864 particles on task=7911  (slabs=1)
67108864 particles on task=7912  (slabs=1)
67108864 particles on task=7913  (slabs=1)
67108864 particles on task=7914  (slabs=1)
67108864 particles on task=7915  (slabs=1)
67108864 particles on task=7916  (slabs=1)
67108864 particles on task=7917  (slabs=1)
67108864 particles on task=7918  (slabs=1)
67108864 particles on task=7919  (slabs=1)
67108864 particles on task=7920  (slabs=1)
67108864 particles on task=7921  (slabs=1)
67108864 particles on task=7922  (slabs=1)
67108864 particles on task=7923  (slabs=1)
67108864 particles on task=7924  (slabs=1)
67108864 particles on task=7925  (slabs=1)
67108864 particles on task=7926  (slabs=1)
67108864 particles on task=7927  (slabs=1)
67108864 particles on task=7928  (slabs=1)
67108864 particles on task=7929  (slabs=1)
67108864 particles on task=7930  (slabs=1)
67108864 particles on task=7931  (slabs=1)
67108864 particles on task=7932  (slabs=1)
67108864 particles on task=7933  (slabs=1)
67108864 particles on task=7934  (slabs=1)
67108864 particles on task=7935  (slabs=1)
67108864 particles on task=7936  (slabs=1)
67108864 particles on task=7937  (slabs=1)
67108864 particles on task=7938  (slabs=1)
67108864 particles on task=7939  (slabs=1)
67108864 particles on task=7940  (slabs=1)
67108864 particles on task=7941  (slabs=1)
67108864 particles on task=7942  (slabs=1)
67108864 particles on task=7943  (slabs=1)
67108864 particles on task=7944  (slabs=1)
67108864 particles on task=7945  (slabs=1)
67108864 particles on task=7946  (slabs=1)
67108864 particles on task=7947  (slabs=1)
67108864 particles on task=7948  (slabs=1)
67108864 particles on task=7949  (slabs=1)
67108864 particles on task=7950  (slabs=1)
67108864 particles on task=7951  (slabs=1)
67108864 particles on task=7952  (slabs=1)
67108864 particles on task=7953  (slabs=1)
67108864 particles on task=7954  (slabs=1)
67108864 particles on task=7955  (slabs=1)
67108864 particles on task=7956  (slabs=1)
67108864 particles on task=7957  (slabs=1)
67108864 particles on task=7958  (slabs=1)
67108864 particles on task=7959  (slabs=1)
67108864 particles on task=7960  (slabs=1)
67108864 particles on task=7961  (slabs=1)
67108864 particles on task=7962  (slabs=1)
67108864 particles on task=7963  (slabs=1)
67108864 particles on task=7964  (slabs=1)
67108864 particles on task=7965  (slabs=1)
67108864 particles on task=7966  (slabs=1)
67108864 particles on task=7967  (slabs=1)
67108864 particles on task=7968  (slabs=1)
67108864 particles on task=7969  (slabs=1)
67108864 particles on task=7970  (slabs=1)
67108864 particles on task=7971  (slabs=1)
67108864 particles on task=7972  (slabs=1)
67108864 particles on task=7973  (slabs=1)
67108864 particles on task=7974  (slabs=1)
67108864 particles on task=7975  (slabs=1)
67108864 particles on task=7976  (slabs=1)
67108864 particles on task=7977  (slabs=1)
67108864 particles on task=7978  (slabs=1)
67108864 particles on task=7979  (slabs=1)
67108864 particles on task=7980  (slabs=1)
67108864 particles on task=7981  (slabs=1)
67108864 particles on task=7982  (slabs=1)
67108864 particles on task=7983  (slabs=1)
67108864 particles on task=7984  (slabs=1)
67108864 particles on task=7985  (slabs=1)
67108864 particles on task=7986  (slabs=1)
67108864 particles on task=7987  (slabs=1)
67108864 particles on task=7988  (slabs=1)
67108864 particles on task=7989  (slabs=1)
67108864 particles on task=7990  (slabs=1)
67108864 particles on task=7991  (slabs=1)
67108864 particles on task=7992  (slabs=1)
67108864 particles on task=7993  (slabs=1)
67108864 particles on task=7994  (slabs=1)
67108864 particles on task=7995  (slabs=1)
67108864 particles on task=7996  (slabs=1)
67108864 particles on task=7997  (slabs=1)
67108864 particles on task=7998  (slabs=1)
67108864 particles on task=7999  (slabs=1)
67108864 particles on task=8000  (slabs=1)
67108864 particles on task=8001  (slabs=1)
67108864 particles on task=8002  (slabs=1)
67108864 particles on task=8003  (slabs=1)
67108864 particles on task=8004  (slabs=1)
67108864 particles on task=8005  (slabs=1)
67108864 particles on task=8006  (slabs=1)
67108864 particles on task=8007  (slabs=1)
67108864 particles on task=8008  (slabs=1)
67108864 particles on task=8009  (slabs=1)
67108864 particles on task=8010  (slabs=1)
67108864 particles on task=8011  (slabs=1)
67108864 particles on task=8012  (slabs=1)
67108864 particles on task=8013  (slabs=1)
67108864 particles on task=8014  (slabs=1)
67108864 particles on task=8015  (slabs=1)
67108864 particles on task=8016  (slabs=1)
67108864 particles on task=8017  (slabs=1)
67108864 particles on task=8018  (slabs=1)
67108864 particles on task=8019  (slabs=1)
67108864 particles on task=8020  (slabs=1)
67108864 particles on task=8021  (slabs=1)
67108864 particles on task=8022  (slabs=1)
67108864 particles on task=8023  (slabs=1)
67108864 particles on task=8024  (slabs=1)
67108864 particles on task=8025  (slabs=1)
67108864 particles on task=8026  (slabs=1)
67108864 particles on task=8027  (slabs=1)
67108864 particles on task=8028  (slabs=1)
67108864 particles on task=8029  (slabs=1)
67108864 particles on task=8030  (slabs=1)
67108864 particles on task=8031  (slabs=1)
67108864 particles on task=8032  (slabs=1)
67108864 particles on task=8033  (slabs=1)
67108864 particles on task=8034  (slabs=1)
67108864 particles on task=8035  (slabs=1)
67108864 particles on task=8036  (slabs=1)
67108864 particles on task=8037  (slabs=1)
67108864 particles on task=8038  (slabs=1)
67108864 particles on task=8039  (slabs=1)
67108864 particles on task=8040  (slabs=1)
67108864 particles on task=8041  (slabs=1)
67108864 particles on task=8042  (slabs=1)
67108864 particles on task=8043  (slabs=1)
67108864 particles on task=8044  (slabs=1)
67108864 particles on task=8045  (slabs=1)
67108864 particles on task=8046  (slabs=1)
67108864 particles on task=8047  (slabs=1)
67108864 particles on task=8048  (slabs=1)
67108864 particles on task=8049  (slabs=1)
67108864 particles on task=8050  (slabs=1)
67108864 particles on task=8051  (slabs=1)
67108864 particles on task=8052  (slabs=1)
67108864 particles on task=8053  (slabs=1)
67108864 particles on task=8054  (slabs=1)
67108864 particles on task=8055  (slabs=1)
67108864 particles on task=8056  (slabs=1)
67108864 particles on task=8057  (slabs=1)
67108864 particles on task=8058  (slabs=1)
67108864 particles on task=8059  (slabs=1)
67108864 particles on task=8060  (slabs=1)
67108864 particles on task=8061  (slabs=1)
67108864 particles on task=8062  (slabs=1)
67108864 particles on task=8063  (slabs=1)
67108864 particles on task=8064  (slabs=1)
67108864 particles on task=8065  (slabs=1)
67108864 particles on task=8066  (slabs=1)
67108864 particles on task=8067  (slabs=1)
67108864 particles on task=8068  (slabs=1)
67108864 particles on task=8069  (slabs=1)
67108864 particles on task=8070  (slabs=1)
67108864 particles on task=8071  (slabs=1)
67108864 particles on task=8072  (slabs=1)
67108864 particles on task=8073  (slabs=1)
67108864 particles on task=8074  (slabs=1)
67108864 particles on task=8075  (slabs=1)
67108864 particles on task=8076  (slabs=1)
67108864 particles on task=8077  (slabs=1)
67108864 particles on task=8078  (slabs=1)
67108864 particles on task=8079  (slabs=1)
67108864 particles on task=8080  (slabs=1)
67108864 particles on task=8081  (slabs=1)
67108864 particles on task=8082  (slabs=1)
67108864 particles on task=8083  (slabs=1)
67108864 particles on task=8084  (slabs=1)
67108864 particles on task=8085  (slabs=1)
67108864 particles on task=8086  (slabs=1)
67108864 particles on task=8087  (slabs=1)
67108864 particles on task=8088  (slabs=1)
67108864 particles on task=8089  (slabs=1)
67108864 particles on task=8090  (slabs=1)
67108864 particles on task=8091  (slabs=1)
67108864 particles on task=8092  (slabs=1)
67108864 particles on task=8093  (slabs=1)
67108864 particles on task=8094  (slabs=1)
67108864 particles on task=8095  (slabs=1)
67108864 particles on task=8096  (slabs=1)
67108864 particles on task=8097  (slabs=1)
67108864 particles on task=8098  (slabs=1)
67108864 particles on task=8099  (slabs=1)
67108864 particles on task=8100  (slabs=1)
67108864 particles on task=8101  (slabs=1)
67108864 particles on task=8102  (slabs=1)
67108864 particles on task=8103  (slabs=1)
67108864 particles on task=8104  (slabs=1)
67108864 particles on task=8105  (slabs=1)
67108864 particles on task=8106  (slabs=1)
67108864 particles on task=8107  (slabs=1)
67108864 particles on task=8108  (slabs=1)
67108864 particles on task=8109  (slabs=1)
67108864 particles on task=8110  (slabs=1)
67108864 particles on task=8111  (slabs=1)
67108864 particles on task=8112  (slabs=1)
67108864 particles on task=8113  (slabs=1)
67108864 particles on task=8114  (slabs=1)
67108864 particles on task=8115  (slabs=1)
67108864 particles on task=8116  (slabs=1)
67108864 particles on task=8117  (slabs=1)
67108864 particles on task=8118  (slabs=1)
67108864 particles on task=8119  (slabs=1)
67108864 particles on task=8120  (slabs=1)
67108864 particles on task=8121  (slabs=1)
67108864 particles on task=8122  (slabs=1)
67108864 particles on task=8123  (slabs=1)
67108864 particles on task=8124  (slabs=1)
67108864 particles on task=8125  (slabs=1)
67108864 particles on task=8126  (slabs=1)
67108864 particles on task=8127  (slabs=1)
67108864 particles on task=8128  (slabs=1)
67108864 particles on task=8129  (slabs=1)
67108864 particles on task=8130  (slabs=1)
67108864 particles on task=8131  (slabs=1)
67108864 particles on task=8132  (slabs=1)
67108864 particles on task=8133  (slabs=1)
67108864 particles on task=8134  (slabs=1)
67108864 particles on task=8135  (slabs=1)
67108864 particles on task=8136  (slabs=1)
67108864 particles on task=8137  (slabs=1)
67108864 particles on task=8138  (slabs=1)
67108864 particles on task=8139  (slabs=1)
67108864 particles on task=8140  (slabs=1)
67108864 particles on task=8141  (slabs=1)
67108864 particles on task=8142  (slabs=1)
67108864 particles on task=8143  (slabs=1)
67108864 particles on task=8144  (slabs=1)
67108864 particles on task=8145  (slabs=1)
67108864 particles on task=8146  (slabs=1)
67108864 particles on task=8147  (slabs=1)
67108864 particles on task=8148  (slabs=1)
67108864 particles on task=8149  (slabs=1)
67108864 particles on task=8150  (slabs=1)
67108864 particles on task=8151  (slabs=1)
67108864 particles on task=8152  (slabs=1)
67108864 particles on task=8153  (slabs=1)
67108864 particles on task=8154  (slabs=1)
67108864 particles on task=8155  (slabs=1)
67108864 particles on task=8156  (slabs=1)
67108864 particles on task=8157  (slabs=1)
67108864 particles on task=8158  (slabs=1)
67108864 particles on task=8159  (slabs=1)
67108864 particles on task=8160  (slabs=1)
67108864 particles on task=8161  (slabs=1)
67108864 particles on task=8162  (slabs=1)
67108864 particles on task=8163  (slabs=1)
67108864 particles on task=8164  (slabs=1)
67108864 particles on task=8165  (slabs=1)
67108864 particles on task=8166  (slabs=1)
67108864 particles on task=8167  (slabs=1)
67108864 particles on task=8168  (slabs=1)
67108864 particles on task=8169  (slabs=1)
67108864 particles on task=8170  (slabs=1)
67108864 particles on task=8171  (slabs=1)
67108864 particles on task=8172  (slabs=1)
67108864 particles on task=8173  (slabs=1)
67108864 particles on task=8174  (slabs=1)
67108864 particles on task=8175  (slabs=1)
67108864 particles on task=8176  (slabs=1)
67108864 particles on task=8177  (slabs=1)
67108864 particles on task=8178  (slabs=1)
67108864 particles on task=8179  (slabs=1)
67108864 particles on task=8180  (slabs=1)
67108864 particles on task=8181  (slabs=1)
67108864 particles on task=8182  (slabs=1)
67108864 particles on task=8183  (slabs=1)
67108864 particles on task=8184  (slabs=1)
67108864 particles on task=8185  (slabs=1)
67108864 particles on task=8186  (slabs=1)
67108864 particles on task=8187  (slabs=1)
67108864 particles on task=8188  (slabs=1)
67108864 particles on task=8189  (slabs=1)
67108864 particles on task=8190  (slabs=1)
67108864 particles on task=8191  (slabs=1)

Total number of particles  = 549755813888


Maximum displacement: 663.847 kpc/h, in units of the part-spacing= 0.67978

RMS displacement:     168.187 kpc/h, in units of the part-spacing= 0.172224

8192 tasks writing initial conditions in 8192 files... 
done with writing initial conditions.

IC's generated.

Initial scale factor = 0.0123089
SphereMode = 0

requested k (90.9996) outside of tabulated powerspec
FatalError called with number=10
Application 4470430 exit codes: 134
Application 4470430 exit signals: Killed
Application 4470430 resources: utime ~721s, stime ~24s, Rss ~8690640, inblocks ~4539662, outblocks ~15154674
